timestamp,route_id,hour,day_of_week,peak_period,historical_demand,current_occupancy,previous_interval_demand,available_buses,passenger_demand
2026-01-02 00:00:00,A,0,2,0,620,10.0,657.45,5,657.77
2026-01-02 00:00:00,B,0,2,0,467,10.0,566.11,6,461.75
2026-01-02 00:00:00,C,0,2,0,606,10.0,596.51,4,603.57
2026-01-02 00:00:00,D,0,2,0,458,10.0,655.76,4,573.04
2026-01-02 01:00:00,A,1,2,0,669,10.16,635.12,5,728.13
2026-01-02 01:00:00,B,1,2,0,535,10.0,515.33,6,558.22
2026-01-02 01:00:00,C,1,2,0,476,10.0,602.55,4,646.34
2026-01-02 01:00:00,D,1,2,0,663,10.03,693.86,4,705.52
2026-01-02 02:00:00,A,2,2,0,611,10.0,771.01,5,776.52
2026-01-02 02:00:00,B,2,2,0,539,10.0,583.59,6,510.1
2026-01-02 02:00:00,C,2,2,0,582,14.56,806.36,4,624.1
2026-01-02 02:00:00,D,2,2,0,564,10.0,782.74,4,667.65
2026-01-02 03:00:00,A,3,2,0,602,17.13,759.6,5,831.04
2026-01-02 03:00:00,B,3,2,0,599,10.0,662.6,6,519.4
2026-01-02 03:00:00,C,3,2,0,572,10.0,795.2,4,711.14
2026-01-02 03:00:00,D,3,2,0,721,10.0,754.08,4,632.4
2026-01-02 04:00:00,A,4,2,0,719,10.0,918.93,5,872.17
2026-01-02 04:00:00,B,4,2,0,548,10.0,646.41,6,652.57
2026-01-02 04:00:00,C,4,2,0,644,10.0,745.61,4,718.0
2026-01-02 04:00:00,D,4,2,0,761,10.0,841.08,4,723.99
2026-01-02 05:00:00,A,5,2,0,699,14.72,901.63,5,885.65
2026-01-02 05:00:00,B,5,2,0,576,10.0,588.89,6,578.37
2026-01-02 05:00:00,C,5,2,0,777,10.0,840.84,4,803.55
2026-01-02 05:00:00,D,5,2,0,743,14.36,790.8,4,746.23
2026-01-02 06:00:00,A,6,2,0,949,10.0,813.04,5,814.08
2026-01-02 06:00:00,B,6,2,0,695,10.12,730.9,6,621.38
2026-01-02 06:00:00,C,6,2,0,667,10.0,908.76,4,747.59
2026-01-02 06:00:00,D,6,2,0,634,10.0,939.66,4,810.61
2026-01-02 07:00:00,A,7,2,1,1287,15.43,1351.45,5,1308.81
2026-01-02 07:00:00,B,7,2,1,868,10.0,1031.56,6,1016.07
2026-01-02 07:00:00,C,7,2,1,992,28.45,1248.88,4,1171.65
2026-01-02 07:00:00,D,7,2,1,868,11.67,1163.17,4,1231.72
2026-01-02 08:00:00,A,8,2,1,1278,27.48,1316.0,5,1271.44
2026-01-02 08:00:00,B,8,2,1,659,10.0,888.4,6,1008.36
2026-01-02 08:00:00,C,8,2,1,838,10.0,1149.8,4,1199.89
2026-01-02 08:00:00,D,8,2,1,1000,32.73,1128.44,4,1181.54
2026-01-02 09:00:00,A,9,2,1,1057,10.0,1126.6,5,1207.45
2026-01-02 09:00:00,B,9,2,1,881,10.0,752.11,6,986.69
2026-01-02 09:00:00,C,9,2,1,1010,10.0,1121.25,4,1059.63
2026-01-02 09:00:00,D,9,2,1,790,10.0,1158.12,4,1119.05
2026-01-02 10:00:00,A,10,2,0,707,10.0,734.25,5,705.37
2026-01-02 10:00:00,B,10,2,0,471,30.1,651.4,6,584.93
2026-01-02 10:00:00,C,10,2,0,568,16.82,678.03,4,669.75
2026-01-02 10:00:00,D,10,2,0,598,10.0,634.32,4,641.93
2026-01-02 11:00:00,A,11,2,0,731,10.0,834.64,5,759.66
2026-01-02 11:00:00,B,11,2,0,513,10.0,544.27,6,561.98
2026-01-02 11:00:00,C,11,2,0,629,10.0,641.55,4,641.68
2026-01-02 11:00:00,D,11,2,0,483,10.0,747.96,4,547.58
2026-01-02 12:00:00,A,12,2,0,599,25.88,595.08,5,606.76
2026-01-02 12:00:00,B,12,2,0,497,10.0,459.93,6,484.95
2026-01-02 12:00:00,C,12,2,0,468,10.0,536.01,4,579.19
2026-01-02 12:00:00,D,12,2,0,512,10.0,627.72,4,459.74
2026-01-02 13:00:00,A,13,2,0,577,10.0,617.24,5,519.88
2026-01-02 13:00:00,B,13,2,0,324,14.4,473.64,6,410.17
2026-01-02 13:00:00,C,13,2,0,466,10.08,525.41,4,490.87
2026-01-02 13:00:00,D,13,2,0,531,10.58,610.88,4,487.9
2026-01-02 14:00:00,A,14,2,0,393,10.0,546.28,5,507.15
2026-01-02 14:00:00,B,14,2,0,350,10.0,381.83,6,478.09
2026-01-02 14:00:00,C,14,2,0,462,10.0,533.1,4,385.35
2026-01-02 14:00:00,D,14,2,0,454,10.0,414.31,4,408.79
2026-01-02 15:00:00,A,15,2,0,472,10.0,485.89,5,399.7
2026-01-02 15:00:00,B,15,2,0,320,29.26,341.54,6,287.56
2026-01-02 15:00:00,C,15,2,0,337,10.0,428.29,4,500.29
2026-01-02 15:00:00,D,15,2,0,306,10.0,469.42,4,526.6
2026-01-02 16:00:00,A,16,2,1,496,10.0,549.56,5,765.56
2026-01-02 16:00:00,B,16,2,1,359,10.0,516.1,6,551.78
2026-01-02 16:00:00,C,16,2,1,402,10.0,491.11,4,621.5
2026-01-02 16:00:00,D,16,2,1,505,10.0,469.55,4,642.33
2026-01-02 17:00:00,A,17,2,1,573,10.0,548.58,5,654.84
2026-01-02 17:00:00,B,17,2,1,332,10.0,362.8,6,502.03
2026-01-02 17:00:00,C,17,2,1,432,22.97,512.69,4,565.95
2026-01-02 17:00:00,D,17,2,1,369,10.0,448.95,4,643.46
2026-01-02 18:00:00,A,18,2,1,565,10.18,495.76,5,682.13
2026-01-02 18:00:00,B,18,2,1,378,10.0,457.64,6,509.47
2026-01-02 18:00:00,C,18,2,1,446,10.0,454.04,4,578.06
2026-01-02 18:00:00,D,18,2,1,457,21.57,498.28,4,568.54
2026-01-02 19:00:00,A,19,2,1,486,10.0,514.74,5,573.4
2026-01-02 19:00:00,B,19,2,1,343,24.03,407.75,6,545.28
2026-01-02 19:00:00,C,19,2,1,531,10.0,558.94,4,585.24
2026-01-02 19:00:00,D,19,2,1,450,10.99,512.64,4,642.84
2026-01-02 20:00:00,A,20,2,0,382,24.33,460.21,5,445.1
2026-01-02 20:00:00,B,20,2,0,245,10.0,298.29,6,342.57
2026-01-02 20:00:00,C,20,2,0,356,12.46,442.81,4,371.79
2026-01-02 20:00:00,D,20,2,0,389,12.02,416.34,4,393.67
2026-01-02 21:00:00,A,21,2,0,429,10.0,552.94,5,424.18
2026-01-02 21:00:00,B,21,2,0,274,10.38,385.33,6,281.41
2026-01-02 21:00:00,C,21,2,0,383,10.0,377.48,4,418.52
2026-01-02 21:00:00,D,21,2,0,403,10.6,420.85,4,409.57
2026-01-02 22:00:00,A,22,2,0,537,10.0,535.27,5,406.35
2026-01-02 22:00:00,B,22,2,0,358,10.13,343.27,6,431.22
2026-01-02 22:00:00,C,22,2,0,391,13.92,528.36,4,487.82
2026-01-02 22:00:00,D,22,2,0,387,10.0,515.3,4,453.77
2026-01-02 23:00:00,A,23,2,0,603,10.0,534.32,5,576.65
2026-01-02 23:00:00,B,23,2,0,386,10.0,422.76,6,475.46
2026-01-02 23:00:00,C,23,2,0,446,10.0,593.13,4,543.61
2026-01-02 23:00:00,D,23,2,0,392,20.07,569.68,4,532.73
2026-01-03 00:00:00,A,0,3,0,596,33.13,700.74,5,533.84
2026-01-03 00:00:00,B,0,3,0,474,10.0,412.36,6,514.93
2026-01-03 00:00:00,C,0,3,0,483,10.0,598.12,4,528.26
2026-01-03 00:00:00,D,0,3,0,607,10.89,647.75,4,488.43
2026-01-03 01:00:00,A,1,3,0,542,10.0,688.17,5,709.27
2026-01-03 01:00:00,B,1,3,0,383,10.0,468.82,6,513.52
2026-01-03 01:00:00,C,1,3,0,510,10.0,591.31,4,631.24
2026-01-03 01:00:00,D,1,3,0,458,10.0,688.15,4,597.18
2026-01-03 02:00:00,A,2,3,0,624,16.19,832.72,5,690.46
2026-01-03 02:00:00,B,2,3,0,588,10.0,503.44,6,580.92
2026-01-03 02:00:00,C,2,3,0,517,10.0,774.49,4,736.55
2026-01-03 02:00:00,D,2,3,0,670,10.0,625.12,4,657.99
2026-01-03 03:00:00,A,3,3,0,806,10.0,958.91,5,773.75
2026-01-03 03:00:00,B,3,3,0,639,10.0,581.91,6,621.14
2026-01-03 03:00:00,C,3,3,0,553,10.0,664.97,4,676.7
2026-01-03 03:00:00,D,3,3,0,554,10.0,813.18,4,749.9
2026-01-03 04:00:00,A,4,3,0,861,10.0,1044.33,5,810.72
2026-01-03 04:00:00,B,4,3,0,664,10.0,675.57,6,630.25
2026-01-03 04:00:00,C,4,3,0,742,10.0,837.06,4,807.4
2026-01-03 04:00:00,D,4,3,0,663,19.57,707.51,4,737.32
2026-01-03 05:00:00,A,5,3,0,733,30.62,814.68,5,868.22
2026-01-03 05:00:00,B,5,3,0,615,18.18,663.65,6,647.17
2026-01-03 05:00:00,C,5,3,0,747,10.28,815.59,4,710.38
2026-01-03 05:00:00,D,5,3,0,701,10.0,698.41,4,752.08
2026-01-03 06:00:00,A,6,3,0,870,20.55,961.27,5,889.25
2026-01-03 06:00:00,B,6,3,0,655,10.0,720.34,6,666.26
2026-01-03 06:00:00,C,6,3,0,692,19.35,829.87,4,789.89
2026-01-03 06:00:00,D,6,3,0,829,10.0,894.78,4,776.92
2026-01-03 07:00:00,A,7,3,1,1054,10.0,1326.16,5,1300.47
2026-01-03 07:00:00,B,7,3,1,694,10.0,960.93,6,1033.16
2026-01-03 07:00:00,C,7,3,1,960,22.25,1018.48,4,1204.83
2026-01-03 07:00:00,D,7,3,1,819,10.0,1094.83,4,1111.73
2026-01-03 08:00:00,A,8,3,1,957,10.0,1428.02,5,1361.6
2026-01-03 08:00:00,B,8,3,1,944,10.0,819.23,6,846.38
2026-01-03 08:00:00,C,8,3,1,1066,38.01,1258.92,4,1160.6
2026-01-03 08:00:00,D,8,3,1,794,10.0,1090.53,4,1167.37
2026-01-03 09:00:00,A,9,3,1,916,18.94,1229.04,5,1274.11
2026-01-03 09:00:00,B,9,3,1,865,17.68,1032.74,6,895.06
2026-01-03 09:00:00,C,9,3,1,910,24.57,973.29,4,1198.16
2026-01-03 09:00:00,D,9,3,1,917,25.82,1168.07,4,1124.8
2026-01-03 10:00:00,A,10,3,0,573,10.0,721.34,5,728.61
2026-01-03 10:00:00,B,10,3,0,523,10.0,548.42,6,522.96
2026-01-03 10:00:00,C,10,3,0,707,10.0,629.05,4,600.91
2026-01-03 10:00:00,D,10,3,0,674,10.0,746.66,4,651.0
2026-01-03 11:00:00,A,11,3,0,598,10.0,708.1,5,720.41
2026-01-03 11:00:00,B,11,3,0,527,10.0,537.88,6,516.55
2026-01-03 11:00:00,C,11,3,0,652,10.0,758.28,4,588.48
2026-01-03 11:00:00,D,11,3,0,479,10.0,654.58,4,586.03
2026-01-03 12:00:00,A,12,3,0,507,10.0,761.95,5,626.3
2026-01-03 12:00:00,B,12,3,0,490,14.6,440.98,6,448.82
2026-01-03 12:00:00,C,12,3,0,424,11.28,568.31,4,498.83
2026-01-03 12:00:00,D,12,3,0,604,10.0,632.63,4,560.54
2026-01-03 13:00:00,A,13,3,0,596,20.7,596.95,5,548.04
2026-01-03 13:00:00,B,13,3,0,431,10.0,505.73,6,395.57
2026-01-03 13:00:00,C,13,3,0,477,12.79,584.66,4,452.66
2026-01-03 13:00:00,D,13,3,0,421,10.0,613.34,4,439.85
2026-01-03 14:00:00,A,14,3,0,396,26.02,580.32,5,480.12
2026-01-03 14:00:00,B,14,3,0,399,10.0,427.57,6,341.37
2026-01-03 14:00:00,C,14,3,0,464,10.0,560.51,4,474.39
2026-01-03 14:00:00,D,14,3,0,474,18.97,483.29,4,412.95
2026-01-03 15:00:00,A,15,3,0,343,12.88,408.55,5,371.65
2026-01-03 15:00:00,B,15,3,0,334,10.0,371.62,6,262.96
2026-01-03 15:00:00,C,15,3,0,310,10.0,468.71,4,436.6
2026-01-03 15:00:00,D,15,3,0,298,10.0,442.45,4,376.04
2026-01-03 16:00:00,A,16,3,1,514,10.0,656.96,5,708.97
2026-01-03 16:00:00,B,16,3,1,443,10.0,479.25,6,485.39
2026-01-03 16:00:00,C,16,3,1,500,23.68,625.97,4,613.98
2026-01-03 16:00:00,D,16,3,1,417,10.0,509.16,4,612.56
2026-01-03 17:00:00,A,17,3,1,560,11.48,553.12,5,585.2
2026-01-03 17:00:00,B,17,3,1,316,27.94,397.88,6,491.23
2026-01-03 17:00:00,C,17,3,1,470,11.47,612.45,4,543.1
2026-01-03 17:00:00,D,17,3,1,382,10.0,585.6,4,673.01
2026-01-03 18:00:00,A,18,3,1,401,24.43,489.83,5,666.83
2026-01-03 18:00:00,B,18,3,1,348,10.0,434.92,6,552.16
2026-01-03 18:00:00,C,18,3,1,407,10.0,557.63,4,548.79
2026-01-03 18:00:00,D,18,3,1,501,10.0,460.89,4,506.5
2026-01-03 19:00:00,A,19,3,1,531,10.0,629.14,5,687.77
2026-01-03 19:00:00,B,19,3,1,319,10.0,390.25,6,544.02
2026-01-03 19:00:00,C,19,3,1,502,32.68,537.61,4,617.74
2026-01-03 19:00:00,D,19,3,1,473,13.8,511.86,4,646.19
2026-01-03 20:00:00,A,20,3,0,320,10.0,393.49,5,443.43
2026-01-03 20:00:00,B,20,3,0,269,10.0,367.89,6,312.17
2026-01-03 20:00:00,C,20,3,0,282,14.5,455.59,4,331.42
2026-01-03 20:00:00,D,20,3,0,336,10.0,332.98,4,319.6
2026-01-03 21:00:00,A,21,3,0,396,17.08,410.74,5,401.12
2026-01-03 21:00:00,B,21,3,0,280,15.32,374.23,6,286.05
2026-01-03 21:00:00,C,21,3,0,319,10.0,423.01,4,403.86
2026-01-03 21:00:00,D,21,3,0,365,10.0,356.45,4,386.39
2026-01-03 22:00:00,A,22,3,0,521,10.0,524.64,5,483.41
2026-01-03 22:00:00,B,22,3,0,335,10.0,369.5,6,262.17
2026-01-03 22:00:00,C,22,3,0,485,10.0,442.13,4,463.92
2026-01-03 22:00:00,D,22,3,0,354,10.0,468.66,4,461.75
2026-01-03 23:00:00,A,23,3,0,421,11.25,530.52,5,571.92
2026-01-03 23:00:00,B,23,3,0,395,12.74,372.39,6,335.9
2026-01-03 23:00:00,C,23,3,0,530,16.23,555.78,4,459.68
2026-01-03 23:00:00,D,23,3,0,399,10.0,593.17,4,575.74
2026-01-04 00:00:00,A,0,4,0,669,10.0,748.44,5,624.52
2026-01-04 00:00:00,B,0,4,0,400,10.0,506.71,6,536.33
2026-01-04 00:00:00,C,0,4,0,542,10.0,570.45,4,592.78
2026-01-04 00:00:00,D,0,4,0,429,19.6,576.79,4,585.3
2026-01-04 01:00:00,A,1,4,0,556,10.0,703.25,5,692.36
2026-01-04 01:00:00,B,1,4,0,433,10.0,577.6,6,581.01
2026-01-04 01:00:00,C,1,4,0,498,10.0,689.51,4,622.93
2026-01-04 01:00:00,D,1,4,0,668,10.0,585.1,4,611.86
2026-01-04 02:00:00,A,2,4,0,715,10.0,678.27,5,829.69
2026-01-04 02:00:00,B,2,4,0,513,10.0,664.33,6,549.19
2026-01-04 02:00:00,C,2,4,0,648,10.0,673.83,4,643.23
2026-01-04 02:00:00,D,2,4,0,501,11.65,750.01,4,582.0
2026-01-04 03:00:00,A,3,4,0,671,18.62,785.24,5,846.66
2026-01-04 03:00:00,B,3,4,0,577,10.0,639.81,6,600.48
2026-01-04 03:00:00,C,3,4,0,792,21.48,794.74,4,717.57
2026-01-04 03:00:00,D,3,4,0,728,10.0,764.85,4,699.04
2026-01-04 04:00:00,A,4,4,0,892,10.04,876.11,5,811.9
2026-01-04 04:00:00,B,4,4,0,667,10.0,699.24,6,626.26
2026-01-04 04:00:00,C,4,4,0,694,10.0,736.47,4,707.08
2026-01-04 04:00:00,D,4,4,0,692,10.0,897.38,4,744.61
2026-01-04 05:00:00,A,5,4,0,821,21.78,999.96,5,882.91
2026-01-04 05:00:00,B,5,4,0,651,10.0,768.98,6,598.3
2026-01-04 05:00:00,C,5,4,0,593,10.0,759.66,4,864.6
2026-01-04 05:00:00,D,5,4,0,812,29.24,789.77,4,844.19
2026-01-04 06:00:00,A,6,4,0,833,10.0,883.82,5,1016.65
2026-01-04 06:00:00,B,6,4,0,583,10.0,709.02,6,622.12
2026-01-04 06:00:00,C,6,4,0,628,17.48,814.88,4,802.14
2026-01-04 06:00:00,D,6,4,0,838,10.48,880.68,4,685.64
2026-01-04 07:00:00,A,7,4,1,1297,10.0,1145.43,5,1332.92
2026-01-04 07:00:00,B,7,4,1,835,10.0,869.38,6,945.2
2026-01-04 07:00:00,C,7,4,1,1017,10.0,1097.52,4,1230.26
2026-01-04 07:00:00,D,7,4,1,855,17.73,1223.33,4,1109.0
2026-01-04 08:00:00,A,8,4,1,1258,10.0,1194.0,5,1295.57
2026-01-04 08:00:00,B,8,4,1,942,10.0,1082.53,6,929.78
2026-01-04 08:00:00,C,8,4,1,1015,10.0,1020.09,4,1241.8
2026-01-04 08:00:00,D,8,4,1,990,10.0,1259.29,4,1125.41
2026-01-04 09:00:00,A,9,4,1,1189,10.0,1121.15,5,1230.0
2026-01-04 09:00:00,B,9,4,1,729,10.0,959.07,6,960.27
2026-01-04 09:00:00,C,9,4,1,843,13.22,1195.15,4,1128.36
2026-01-04 09:00:00,D,9,4,1,788,10.0,945.23,4,1103.04
2026-01-04 10:00:00,A,10,4,0,670,10.0,895.77,5,714.97
2026-01-04 10:00:00,B,10,4,0,573,11.23,539.45,6,591.63
2026-01-04 10:00:00,C,10,4,0,566,22.88,734.87,4,738.15
2026-01-04 10:00:00,D,10,4,0,677,10.0,814.09,4,667.77
2026-01-04 11:00:00,A,11,4,0,646,10.0,737.98,5,680.96
2026-01-04 11:00:00,B,11,4,0,545,10.0,476.09,6,503.48
2026-01-04 11:00:00,C,11,4,0,588,19.17,767.79,4,636.32
2026-01-04 11:00:00,D,11,4,0,482,10.0,602.21,4,651.46
2026-01-04 12:00:00,A,12,4,0,570,10.0,631.82,5,646.08
2026-01-04 12:00:00,B,12,4,0,500,10.0,495.29,6,471.11
2026-01-04 12:00:00,C,12,4,0,453,10.0,653.99,4,486.44
2026-01-04 12:00:00,D,12,4,0,480,10.33,562.76,4,519.96
2026-01-04 13:00:00,A,13,4,0,575,10.0,625.38,5,559.31
2026-01-04 13:00:00,B,13,4,0,398,22.81,500.08,6,363.69
2026-01-04 13:00:00,C,13,4,0,390,10.0,630.84,4,494.1
2026-01-04 13:00:00,D,13,4,0,481,15.22,467.72,4,482.13
2026-01-04 14:00:00,A,14,4,0,501,10.0,610.35,5,454.21
2026-01-04 14:00:00,B,14,4,0,334,16.3,412.58,6,301.04
2026-01-04 14:00:00,C,14,4,0,445,10.0,460.2,4,461.53
2026-01-04 14:00:00,D,14,4,0,469,10.0,403.66,4,378.41
2026-01-04 15:00:00,A,15,4,0,484,10.0,506.13,5,486.68
2026-01-04 15:00:00,B,15,4,0,310,24.26,378.85,6,322.09
2026-01-04 15:00:00,C,15,4,0,363,12.57,436.08,4,410.36
2026-01-04 15:00:00,D,15,4,0,358,10.0,403.72,4,377.22
2026-01-04 16:00:00,A,16,4,1,566,10.0,538.54,5,717.93
2026-01-04 16:00:00,B,16,4,1,346,12.59,382.92,6,476.65
2026-01-04 16:00:00,C,16,4,1,514,10.0,627.3,4,585.19
2026-01-04 16:00:00,D,16,4,1,434,10.0,509.22,4,605.95
2026-01-04 17:00:00,A,17,4,1,510,10.0,661.04,5,670.89
2026-01-04 17:00:00,B,17,4,1,333,10.0,488.97,6,408.3
2026-01-04 17:00:00,C,17,4,1,436,10.0,496.26,4,653.73
2026-01-04 17:00:00,D,17,4,1,507,10.0,435.77,4,566.1
2026-01-04 18:00:00,A,18,4,1,556,16.25,559.77,5,676.66
2026-01-04 18:00:00,B,18,4,1,376,10.0,422.71,6,529.04
2026-01-04 18:00:00,C,18,4,1,515,10.0,472.44,4,565.21
2026-01-04 18:00:00,D,18,4,1,477,10.0,582.92,4,523.32
2026-01-04 19:00:00,A,19,4,1,452,10.0,579.45,5,590.47
2026-01-04 19:00:00,B,19,4,1,379,10.0,396.91,6,511.73
2026-01-04 19:00:00,C,19,4,1,515,10.0,478.82,4,579.75
2026-01-04 19:00:00,D,19,4,1,494,10.0,433.13,4,541.62
2026-01-04 20:00:00,A,20,4,0,322,20.74,386.8,5,398.98
2026-01-04 20:00:00,B,20,4,0,240,10.0,372.4,6,256.96
2026-01-04 20:00:00,C,20,4,0,403,18.9,411.71,4,342.23
2026-01-04 20:00:00,D,20,4,0,305,10.0,342.13,4,380.25
2026-01-04 21:00:00,A,21,4,0,466,10.0,506.67,5,384.59
2026-01-04 21:00:00,B,21,4,0,303,10.56,342.79,6,300.2
2026-01-04 21:00:00,C,21,4,0,445,12.91,456.43,4,374.95
2026-01-04 21:00:00,D,21,4,0,432,10.0,369.47,4,418.13
2026-01-04 22:00:00,A,22,4,0,383,19.06,529.86,5,526.83
2026-01-04 22:00:00,B,22,4,0,380,10.0,373.43,6,396.33
2026-01-04 22:00:00,C,22,4,0,457,10.0,471.88,4,489.01
2026-01-04 22:00:00,D,22,4,0,353,10.0,473.37,4,430.78
2026-01-04 23:00:00,A,23,4,0,524,10.0,522.27,5,543.14
2026-01-04 23:00:00,B,23,4,0,369,10.0,375.47,6,408.93
2026-01-04 23:00:00,C,23,4,0,525,10.0,461.21,4,493.45
2026-01-04 23:00:00,D,23,4,0,514,10.0,470.8,4,400.47
2026-01-05 00:00:00,A,0,5,0,554,10.0,740.51,5,686.18
2026-01-05 00:00:00,B,0,5,0,422,19.26,451.49,6,457.68
2026-01-05 00:00:00,C,0,5,0,466,10.0,599.33,4,459.62
2026-01-05 00:00:00,D,0,5,0,431,10.0,641.99,4,583.05
2026-01-05 01:00:00,A,1,5,0,612,10.0,662.0,5,734.96
2026-01-05 01:00:00,B,1,5,0,456,15.75,477.05,6,477.94
2026-01-05 01:00:00,C,1,5,0,657,10.0,750.78,4,688.67
2026-01-05 01:00:00,D,1,5,0,518,10.0,595.31,4,592.8
2026-01-05 02:00:00,A,2,5,0,779,10.0,822.37,5,710.06
2026-01-05 02:00:00,B,2,5,0,526,26.18,497.57,6,530.84
2026-01-05 02:00:00,C,2,5,0,687,10.0,670.75,4,631.9
2026-01-05 02:00:00,D,2,5,0,560,10.0,726.27,4,669.09
2026-01-05 03:00:00,A,3,5,0,790,11.68,808.63,5,838.95
2026-01-05 03:00:00,B,3,5,0,622,12.47,526.7,6,523.04
2026-01-05 03:00:00,C,3,5,0,662,10.41,694.72,4,717.18
2026-01-05 03:00:00,D,3,5,0,584,17.99,869.19,4,741.88
2026-01-05 04:00:00,A,4,5,0,693,30.53,813.63,5,798.47
2026-01-05 04:00:00,B,4,5,0,498,10.0,597.05,6,592.08
2026-01-05 04:00:00,C,4,5,0,665,10.0,912.08,4,729.04
2026-01-05 04:00:00,D,4,5,0,716,10.0,761.86,4,756.61
2026-01-05 05:00:00,A,5,5,0,679,10.0,1047.57,5,832.99
2026-01-05 05:00:00,B,5,5,0,501,10.0,594.48,6,530.94
2026-01-05 05:00:00,C,5,5,0,730,22.42,910.14,4,839.99
2026-01-05 05:00:00,D,5,5,0,661,15.77,700.58,4,788.85
2026-01-05 06:00:00,A,6,5,0,707,10.0,962.62,5,899.08
2026-01-05 06:00:00,B,6,5,0,568,10.0,685.98,6,642.29
2026-01-05 06:00:00,C,6,5,0,646,10.0,746.03,4,815.27
2026-01-05 06:00:00,D,6,5,0,677,25.06,929.79,4,727.74
2026-01-05 07:00:00,A,7,5,1,1317,10.0,1288.09,5,1338.61
2026-01-05 07:00:00,B,7,5,1,813,10.0,928.75,6,935.42
2026-01-05 07:00:00,C,7,5,1,1046,27.43,1175.98,4,1231.3
2026-01-05 07:00:00,D,7,5,1,849,10.0,1106.91,4,1192.41
2026-01-05 08:00:00,A,8,5,1,982,10.0,1372.44,5,1304.61
2026-01-05 08:00:00,B,8,5,1,904,10.0,1012.81,6,974.58
2026-01-05 08:00:00,C,8,5,1,827,16.91,1193.14,4,1212.49
2026-01-05 08:00:00,D,8,5,1,1003,26.17,1092.24,4,1179.68
2026-01-05 09:00:00,A,9,5,1,1074,10.0,1035.93,5,1316.94
2026-01-05 09:00:00,B,9,5,1,766,10.0,961.49,6,841.04
2026-01-05 09:00:00,C,9,5,1,887,18.09,924.46,4,1146.26
2026-01-05 09:00:00,D,9,5,1,847,10.0,1033.85,4,1150.27
2026-01-05 10:00:00,A,10,5,0,702,10.0,877.01,5,652.99
2026-01-05 10:00:00,B,10,5,0,446,14.71,677.02,6,517.44
2026-01-05 10:00:00,C,10,5,0,700,10.0,817.14,4,583.0
2026-01-05 10:00:00,D,10,5,0,638,14.57,727.01,4,550.77
2026-01-05 11:00:00,A,11,5,0,545,20.53,708.91,5,672.96
2026-01-05 11:00:00,B,11,5,0,431,13.85,600.43,6,521.39
2026-01-05 11:00:00,C,11,5,0,568,27.22,565.37,4,639.31
2026-01-05 11:00:00,D,11,5,0,537,19.36,583.07,4,583.91
2026-01-05 12:00:00,A,12,5,0,582,10.0,570.36,5,667.54
2026-01-05 12:00:00,B,12,5,0,397,10.0,432.68,6,489.39
2026-01-05 12:00:00,C,12,5,0,583,10.0,694.6,4,576.15
2026-01-05 12:00:00,D,12,5,0,582,26.91,512.4,4,581.6
2026-01-05 13:00:00,A,13,5,0,427,10.0,587.46,5,578.65
2026-01-05 13:00:00,B,13,5,0,312,10.0,510.07,6,512.73
2026-01-05 13:00:00,C,13,5,0,387,10.0,508.45,4,500.7
2026-01-05 13:00:00,D,13,5,0,516,10.87,590.42,4,510.72
2026-01-05 14:00:00,A,14,5,0,474,10.0,542.74,5,476.38
2026-01-05 14:00:00,B,14,5,0,397,10.0,385.14,6,406.03
2026-01-05 14:00:00,C,14,5,0,491,14.1,435.98,4,468.16
2026-01-05 14:00:00,D,14,5,0,459,19.62,531.49,4,484.78
2026-01-05 15:00:00,A,15,5,0,356,13.68,534.66,5,375.27
2026-01-05 15:00:00,B,15,5,0,348,10.0,356.78,6,335.0
2026-01-05 15:00:00,C,15,5,0,368,21.05,463.81,4,275.46
2026-01-05 15:00:00,D,15,5,0,309,10.0,406.39,4,400.11
2026-01-05 16:00:00,A,16,5,1,622,10.0,677.7,5,646.56
2026-01-05 16:00:00,B,16,5,1,347,21.25,385.2,6,553.02
2026-01-05 16:00:00,C,16,5,1,563,26.7,509.97,4,624.01
2026-01-05 16:00:00,D,16,5,1,411,10.0,502.28,4,606.53
2026-01-05 17:00:00,A,17,5,1,580,10.0,525.25,5,683.71
2026-01-05 17:00:00,B,17,5,1,408,11.12,443.62,6,529.5
2026-01-05 17:00:00,C,17,5,1,427,30.84,589.55,4,657.03
2026-01-05 17:00:00,D,17,5,1,519,10.0,469.82,4,634.66
2026-01-05 18:00:00,A,18,5,1,432,10.0,620.45,5,630.98
2026-01-05 18:00:00,B,18,5,1,350,20.04,437.45,6,456.59
2026-01-05 18:00:00,C,18,5,1,517,15.05,552.59,4,622.95
2026-01-05 18:00:00,D,18,5,1,437,10.0,439.9,4,505.6
2026-01-05 19:00:00,A,19,5,1,499,10.0,571.11,5,519.45
2026-01-05 19:00:00,B,19,5,1,380,16.75,415.28,6,522.63
2026-01-05 19:00:00,C,19,5,1,536,21.35,550.68,4,613.34
2026-01-05 19:00:00,D,19,5,1,370,22.2,582.48,4,563.16
2026-01-05 20:00:00,A,20,5,0,367,10.0,459.58,5,390.05
2026-01-05 20:00:00,B,20,5,0,260,10.0,357.55,6,302.12
2026-01-05 20:00:00,C,20,5,0,324,10.0,418.44,4,336.02
2026-01-05 20:00:00,D,20,5,0,364,10.0,427.25,4,362.59
2026-01-05 21:00:00,A,21,5,0,356,10.0,436.51,5,367.96
2026-01-05 21:00:00,B,21,5,0,348,16.23,366.07,6,225.31
2026-01-05 21:00:00,C,21,5,0,325,10.0,379.7,4,338.91
2026-01-05 21:00:00,D,21,5,0,419,23.77,396.65,4,421.22
2026-01-05 22:00:00,A,22,5,0,437,10.0,573.01,5,462.77
2026-01-05 22:00:00,B,22,5,0,313,10.0,347.14,6,372.84
2026-01-05 22:00:00,C,22,5,0,349,10.0,492.97,4,402.97
2026-01-05 22:00:00,D,22,5,0,457,10.0,518.34,4,389.85
2026-01-05 23:00:00,A,23,5,0,490,10.0,664.12,5,531.29
2026-01-05 23:00:00,B,23,5,0,341,10.0,434.8,6,431.23
2026-01-05 23:00:00,C,23,5,0,402,10.0,510.59,4,511.57
2026-01-05 23:00:00,D,23,5,0,412,10.7,497.84,4,404.97
2026-01-06 00:00:00,A,0,6,0,608,10.0,764.71,5,683.04
2026-01-06 00:00:00,B,0,6,0,484,10.0,569.81,6,332.26
2026-01-06 00:00:00,C,0,6,0,439,10.0,663.83,4,612.55
2026-01-06 00:00:00,D,0,6,0,493,10.0,589.0,4,579.78
2026-01-06 01:00:00,A,1,6,0,543,10.0,752.82,5,636.18
2026-01-06 01:00:00,B,1,6,0,553,10.0,592.55,6,427.28
2026-01-06 01:00:00,C,1,6,0,554,23.38,754.0,4,660.19
2026-01-06 01:00:00,D,1,6,0,530,10.0,677.5,4,598.5
2026-01-06 02:00:00,A,2,6,0,613,10.0,751.57,5,766.6
2026-01-06 02:00:00,B,2,6,0,570,10.0,674.29,6,530.75
2026-01-06 02:00:00,C,2,6,0,700,10.0,654.58,4,711.52
2026-01-06 02:00:00,D,2,6,0,654,10.0,807.9,4,668.7
2026-01-06 03:00:00,A,3,6,0,871,10.0,786.36,5,771.93
2026-01-06 03:00:00,B,3,6,0,491,10.0,614.51,6,513.56
2026-01-06 03:00:00,C,3,6,0,754,10.0,846.63,4,722.94
2026-01-06 03:00:00,D,3,6,0,777,10.0,638.38,4,754.42
2026-01-06 04:00:00,A,4,6,0,868,11.15,817.31,5,833.27
2026-01-06 04:00:00,B,4,6,0,540,10.0,637.5,6,541.02
2026-01-06 04:00:00,C,4,6,0,697,17.64,735.4,4,738.88
2026-01-06 04:00:00,D,4,6,0,813,10.0,835.96,4,710.39
2026-01-06 05:00:00,A,5,6,0,723,12.64,900.71,5,875.83
2026-01-06 05:00:00,B,5,6,0,578,10.0,735.93,6,683.16
2026-01-06 05:00:00,C,5,6,0,666,10.0,754.45,4,843.03
2026-01-06 05:00:00,D,5,6,0,645,10.0,931.85,4,748.01
2026-01-06 06:00:00,A,6,6,0,944,10.0,864.13,5,877.14
2026-01-06 06:00:00,B,6,6,0,568,11.71,624.76,6,558.44
2026-01-06 06:00:00,C,6,6,0,809,10.0,755.39,4,791.7
2026-01-06 06:00:00,D,6,6,0,809,20.55,943.66,4,823.74
2026-01-06 07:00:00,A,7,6,1,1050,29.3,1124.67,5,1384.05
2026-01-06 07:00:00,B,7,6,1,916,10.0,1044.25,6,1004.83
2026-01-06 07:00:00,C,7,6,1,1171,22.25,1279.33,4,1261.53
2026-01-06 07:00:00,D,7,6,1,1097,10.0,1258.33,4,1216.78
2026-01-06 08:00:00,A,8,6,1,1102,10.0,1120.3,5,1233.08
2026-01-06 08:00:00,B,8,6,1,892,10.0,960.17,6,971.74
2026-01-06 08:00:00,C,8,6,1,1062,10.0,1061.1,4,1209.92
2026-01-06 08:00:00,D,8,6,1,1144,10.0,1017.08,4,1180.37
2026-01-06 09:00:00,A,9,6,1,990,18.47,1384.94,5,1351.45
2026-01-06 09:00:00,B,9,6,1,649,10.0,883.31,6,992.33
2026-01-06 09:00:00,C,9,6,1,1051,11.23,1236.59,4,1147.68
2026-01-06 09:00:00,D,9,6,1,858,10.0,1246.95,4,1119.26
2026-01-06 10:00:00,A,10,6,0,734,10.0,762.2,5,793.28
2026-01-06 10:00:00,B,10,6,0,547,10.0,497.16,6,479.67
2026-01-06 10:00:00,C,10,6,0,590,10.0,726.52,4,648.02
2026-01-06 10:00:00,D,10,6,0,716,10.0,603.32,4,656.04
2026-01-06 11:00:00,A,11,6,0,725,10.0,800.43,5,681.61
2026-01-06 11:00:00,B,11,6,0,515,10.0,490.92,6,521.67
2026-01-06 11:00:00,C,11,6,0,676,33.68,610.42,4,631.55
2026-01-06 11:00:00,D,11,6,0,570,10.0,683.73,4,504.51
2026-01-06 12:00:00,A,12,6,0,512,28.03,659.78,5,635.69
2026-01-06 12:00:00,B,12,6,0,434,10.0,539.96,6,353.59
2026-01-06 12:00:00,C,12,6,0,605,10.0,699.54,4,569.7
2026-01-06 12:00:00,D,12,6,0,431,10.0,529.48,4,491.77
2026-01-06 13:00:00,A,13,6,0,434,10.0,517.42,5,645.93
2026-01-06 13:00:00,B,13,6,0,417,10.0,486.27,6,384.97
2026-01-06 13:00:00,C,13,6,0,472,10.0,611.16,4,504.22
2026-01-06 13:00:00,D,13,6,0,452,10.0,522.86,4,536.01
2026-01-06 14:00:00,A,14,6,0,401,10.0,588.46,5,504.21
2026-01-06 14:00:00,B,14,6,0,361,20.77,435.84,6,305.77
2026-01-06 14:00:00,C,14,6,0,387,10.0,418.36,4,465.32
2026-01-06 14:00:00,D,14,6,0,377,14.39,503.92,4,413.75
2026-01-06 15:00:00,A,15,6,0,433,10.0,448.15,5,475.8
2026-01-06 15:00:00,B,15,6,0,325,29.94,365.69,6,330.19
2026-01-06 15:00:00,C,15,6,0,367,10.0,460.66,4,356.9
2026-01-06 15:00:00,D,15,6,0,358,10.0,368.3,4,433.77
2026-01-06 16:00:00,A,16,6,1,544,38.53,567.93,5,673.78
2026-01-06 16:00:00,B,16,6,1,408,10.0,449.83,6,608.99
2026-01-06 16:00:00,C,16,6,1,502,10.0,559.89,4,641.7
2026-01-06 16:00:00,D,16,6,1,469,21.81,472.85,4,625.4
2026-01-06 17:00:00,A,17,6,1,590,10.0,581.9,5,707.03
2026-01-06 17:00:00,B,17,6,1,311,10.0,381.86,6,552.1
2026-01-06 17:00:00,C,17,6,1,494,10.0,515.38,4,586.76
2026-01-06 17:00:00,D,17,6,1,518,10.0,527.6,4,583.2
2026-01-06 18:00:00,A,18,6,1,517,10.0,593.69,5,660.31
2026-01-06 18:00:00,B,18,6,1,414,10.0,451.89,6,411.16
2026-01-06 18:00:00,C,18,6,1,527,10.0,558.32,4,632.63
2026-01-06 18:00:00,D,18,6,1,395,10.0,469.39,4,578.88
2026-01-06 19:00:00,A,19,6,1,507,10.0,676.83,5,694.42
2026-01-06 19:00:00,B,19,6,1,326,10.0,476.08,6,541.02
2026-01-06 19:00:00,C,19,6,1,443,11.82,584.18,4,630.61
2026-01-06 19:00:00,D,19,6,1,494,22.7,597.31,4,579.67
2026-01-06 20:00:00,A,20,6,0,386,10.0,412.86,5,426.5
2026-01-06 20:00:00,B,20,6,0,302,10.0,334.65,6,286.4
2026-01-06 20:00:00,C,20,6,0,301,10.0,374.43,4,369.12
2026-01-06 20:00:00,D,20,6,0,366,10.0,381.06,4,269.08
2026-01-06 21:00:00,A,21,6,0,363,10.0,406.07,5,477.27
2026-01-06 21:00:00,B,21,6,0,252,10.0,325.8,6,357.27
2026-01-06 21:00:00,C,21,6,0,325,10.0,367.1,4,451.45
2026-01-06 21:00:00,D,21,6,0,307,10.0,417.9,4,347.06
2026-01-06 22:00:00,A,22,6,0,406,16.45,605.31,5,506.28
2026-01-06 22:00:00,B,22,6,0,299,11.18,398.48,6,375.4
2026-01-06 22:00:00,C,22,6,0,489,10.0,520.54,4,397.45
2026-01-06 22:00:00,D,22,6,0,387,10.0,443.85,4,523.0
2026-01-06 23:00:00,A,23,6,0,559,10.0,512.46,5,623.39
2026-01-06 23:00:00,B,23,6,0,394,10.0,430.75,6,420.79
2026-01-06 23:00:00,C,23,6,0,397,10.0,598.48,4,530.04
2026-01-06 23:00:00,D,23,6,0,379,10.0,549.88,4,397.83
2026-01-07 00:00:00,A,0,7,0,485,10.0,633.41,5,618.39
2026-01-07 00:00:00,B,0,7,0,470,10.0,534.88,6,485.21
2026-01-07 00:00:00,C,0,7,0,408,10.0,661.43,4,488.26
2026-01-07 00:00:00,D,0,7,0,576,10.0,655.73,4,548.6
2026-01-07 01:00:00,A,1,7,0,637,11.62,611.97,5,528.64
2026-01-07 01:00:00,B,1,7,0,388,10.0,504.44,6,528.38
2026-01-07 01:00:00,C,1,7,0,625,10.0,552.47,4,642.67
2026-01-07 01:00:00,D,1,7,0,636,18.41,629.56,4,530.11
2026-01-07 02:00:00,A,2,7,0,593,10.0,738.52,5,750.56
2026-01-07 02:00:00,B,2,7,0,433,10.0,644.96,6,582.61
2026-01-07 02:00:00,C,2,7,0,541,24.66,669.6,4,596.31
2026-01-07 02:00:00,D,2,7,0,630,10.0,777.21,4,639.07
2026-01-07 03:00:00,A,3,7,0,756,10.0,730.86,5,686.01
2026-01-07 03:00:00,B,3,7,0,568,10.0,518.52,6,650.65
2026-01-07 03:00:00,C,3,7,0,646,10.0,705.35,4,663.95
2026-01-07 03:00:00,D,3,7,0,664,10.0,716.79,4,624.5
2026-01-07 04:00:00,A,4,7,0,644,10.0,974.06,5,776.33
2026-01-07 04:00:00,B,4,7,0,500,10.0,671.13,6,610.21
2026-01-07 04:00:00,C,4,7,0,679,10.0,767.31,4,763.58
2026-01-07 04:00:00,D,4,7,0,627,10.0,649.01,4,788.6
2026-01-07 05:00:00,A,5,7,0,694,16.15,777.68,5,838.83
2026-01-07 05:00:00,B,5,7,0,535,10.91,628.82,6,580.62
2026-01-07 05:00:00,C,5,7,0,697,10.0,830.06,4,736.29
2026-01-07 05:00:00,D,5,7,0,751,10.0,768.19,4,672.18
2026-01-07 06:00:00,A,6,7,0,852,13.52,760.01,5,880.63
2026-01-07 06:00:00,B,6,7,0,658,10.0,719.26,6,607.68
2026-01-07 06:00:00,C,6,7,0,712,32.88,692.25,4,726.74
2026-01-07 06:00:00,D,6,7,0,560,10.0,753.71,4,791.12
2026-01-07 07:00:00,A,7,7,1,1092,10.0,1421.38,5,1327.66
2026-01-07 07:00:00,B,7,7,1,940,28.57,926.8,6,978.8
2026-01-07 07:00:00,C,7,7,1,966,10.87,1157.29,4,1155.42
2026-01-07 07:00:00,D,7,7,1,885,14.49,1132.06,4,1126.71
2026-01-07 08:00:00,A,8,7,1,979,10.0,1387.23,5,1198.99
2026-01-07 08:00:00,B,8,7,1,922,10.0,874.98,6,932.69
2026-01-07 08:00:00,C,8,7,1,926,10.0,1049.87,4,1136.28
2026-01-07 08:00:00,D,8,7,1,1008,17.36,1162.96,4,1176.77
2026-01-07 09:00:00,A,9,7,1,1102,12.71,1127.45,5,1240.38
2026-01-07 09:00:00,B,9,7,1,764,10.0,825.62,6,869.6
2026-01-07 09:00:00,C,9,7,1,760,14.27,1208.77,4,1054.31
2026-01-07 09:00:00,D,9,7,1,985,10.0,918.55,4,1212.26
2026-01-07 10:00:00,A,10,7,0,691,10.0,848.51,5,695.42
2026-01-07 10:00:00,B,10,7,0,456,10.0,602.93,6,459.28
2026-01-07 10:00:00,C,10,7,0,527,10.0,701.6,4,634.69
2026-01-07 10:00:00,D,10,7,0,535,16.86,574.46,4,658.68
2026-01-07 11:00:00,A,11,7,0,558,10.0,618.92,5,570.91
2026-01-07 11:00:00,B,11,7,0,427,10.0,466.58,6,480.69
2026-01-07 11:00:00,C,11,7,0,453,10.0,605.27,4,614.78
2026-01-07 11:00:00,D,11,7,0,628,10.0,679.99,4,629.77
2026-01-07 12:00:00,A,12,7,0,610,10.0,649.51,5,569.68
2026-01-07 12:00:00,B,12,7,0,394,10.0,522.43,6,442.93
2026-01-07 12:00:00,C,12,7,0,581,10.0,639.0,4,579.69
2026-01-07 12:00:00,D,12,7,0,414,10.0,660.19,4,540.55
2026-01-07 13:00:00,A,13,7,0,552,10.0,488.89,5,523.51
2026-01-07 13:00:00,B,13,7,0,332,20.08,470.07,6,355.84
2026-01-07 13:00:00,C,13,7,0,408,10.0,443.29,4,525.55
2026-01-07 13:00:00,D,13,7,0,401,10.0,497.37,4,477.06
2026-01-07 14:00:00,A,14,7,0,443,10.0,501.88,5,503.38
2026-01-07 14:00:00,B,14,7,0,281,10.0,346.13,6,348.34
2026-01-07 14:00:00,C,14,7,0,449,30.08,474.79,4,451.4
2026-01-07 14:00:00,D,14,7,0,461,10.0,524.52,4,406.19
2026-01-07 15:00:00,A,15,7,0,347,10.0,407.3,5,440.06
2026-01-07 15:00:00,B,15,7,0,337,10.0,346.13,6,309.12
2026-01-07 15:00:00,C,15,7,0,299,35.68,425.36,4,355.25
2026-01-07 15:00:00,D,15,7,0,353,10.0,449.78,4,362.98
2026-01-07 16:00:00,A,16,7,1,605,10.0,634.82,5,632.68
2026-01-07 16:00:00,B,16,7,1,392,10.0,395.5,6,534.76
2026-01-07 16:00:00,C,16,7,1,399,12.35,534.7,4,593.39
2026-01-07 16:00:00,D,16,7,1,387,19.75,530.22,4,633.3
2026-01-07 17:00:00,A,17,7,1,453,38.14,645.15,5,603.27
2026-01-07 17:00:00,B,17,7,1,314,10.0,407.2,6,481.26
2026-01-07 17:00:00,C,17,7,1,368,10.0,470.47,4,607.52
2026-01-07 17:00:00,D,17,7,1,456,11.12,525.74,4,671.2
2026-01-07 18:00:00,A,18,7,1,544,10.0,634.46,5,546.48
2026-01-07 18:00:00,B,18,7,1,353,10.0,380.74,6,576.69
2026-01-07 18:00:00,C,18,7,1,390,12.59,428.64,4,530.34
2026-01-07 18:00:00,D,18,7,1,441,10.0,441.25,4,557.29
2026-01-07 19:00:00,A,19,7,1,537,10.0,537.49,5,612.22
2026-01-07 19:00:00,B,19,7,1,359,10.0,425.39,6,543.38
2026-01-07 19:00:00,C,19,7,1,428,10.0,560.47,4,613.36
2026-01-07 19:00:00,D,19,7,1,364,13.37,580.02,4,633.87
2026-01-07 20:00:00,A,20,7,0,363,10.0,369.08,5,391.35
2026-01-07 20:00:00,B,20,7,0,275,10.0,343.96,6,289.79
2026-01-07 20:00:00,C,20,7,0,269,10.0,422.1,4,303.78
2026-01-07 20:00:00,D,20,7,0,338,10.0,337.35,4,444.11
2026-01-07 21:00:00,A,21,7,0,427,10.0,414.21,5,370.95
2026-01-07 21:00:00,B,21,7,0,319,10.0,292.32,6,311.64
2026-01-07 21:00:00,C,21,7,0,387,10.0,388.52,4,442.95
2026-01-07 21:00:00,D,21,7,0,290,10.0,382.29,4,401.53
2026-01-07 22:00:00,A,22,7,0,481,10.0,437.79,5,475.94
2026-01-07 22:00:00,B,22,7,0,322,10.0,407.21,6,379.98
2026-01-07 22:00:00,C,22,7,0,390,16.01,438.29,4,447.34
2026-01-07 22:00:00,D,22,7,0,329,16.54,513.91,4,316.22
2026-01-07 23:00:00,A,23,7,0,456,10.0,516.39,5,557.58
2026-01-07 23:00:00,B,23,7,0,420,10.57,457.35,6,308.67
2026-01-07 23:00:00,C,23,7,0,377,10.0,447.45,4,512.95
2026-01-07 23:00:00,D,23,7,0,389,10.0,590.47,4,416.72
2026-01-08 00:00:00,A,0,1,0,527,10.0,642.43,5,653.59
2026-01-08 00:00:00,B,0,1,0,433,16.9,414.5,6,457.64
2026-01-08 00:00:00,C,0,1,0,418,12.87,556.36,4,584.2
2026-01-08 00:00:00,D,0,1,0,450,10.0,488.9,4,583.12
2026-01-08 01:00:00,A,1,1,0,688,19.48,609.25,5,775.67
2026-01-08 01:00:00,B,1,1,0,506,10.0,438.03,6,460.18
2026-01-08 01:00:00,C,1,1,0,613,10.0,651.27,4,613.08
2026-01-08 01:00:00,D,1,1,0,468,28.09,627.68,4,641.86
2026-01-08 02:00:00,A,2,1,0,761,15.9,658.84,5,779.2
2026-01-08 02:00:00,B,2,1,0,470,10.32,597.72,6,511.43
2026-01-08 02:00:00,C,2,1,0,561,32.22,702.11,4,667.48
2026-01-08 02:00:00,D,2,1,0,509,18.97,627.05,4,527.55
2026-01-08 03:00:00,A,3,1,0,762,10.0,852.09,5,774.77
2026-01-08 03:00:00,B,3,1,0,422,10.0,551.15,6,572.34
2026-01-08 03:00:00,C,3,1,0,531,10.0,809.02,4,817.91
2026-01-08 03:00:00,D,3,1,0,689,18.25,627.83,4,745.2
2026-01-08 04:00:00,A,4,1,0,883,10.0,727.72,5,841.68
2026-01-08 04:00:00,B,4,1,0,556,10.0,568.57,6,655.97
2026-01-08 04:00:00,C,4,1,0,773,13.88,856.76,4,726.06
2026-01-08 04:00:00,D,4,1,0,608,10.0,702.67,4,719.0
2026-01-08 05:00:00,A,5,1,0,905,21.42,1016.56,5,899.7
2026-01-08 05:00:00,B,5,1,0,477,10.0,659.22,6,719.78
2026-01-08 05:00:00,C,5,1,0,806,19.68,812.78,4,709.59
2026-01-08 05:00:00,D,5,1,0,575,10.0,710.87,4,728.22
2026-01-08 06:00:00,A,6,1,0,831,10.0,966.12,5,859.9
2026-01-08 06:00:00,B,6,1,0,613,10.0,712.79,6,599.48
2026-01-08 06:00:00,C,6,1,0,821,10.0,766.43,4,787.48
2026-01-08 06:00:00,D,6,1,0,751,10.0,838.74,4,791.14
2026-01-08 07:00:00,A,7,1,1,1117,10.0,1137.33,5,1224.81
2026-01-08 07:00:00,B,7,1,1,775,10.0,956.22,6,959.37
2026-01-08 07:00:00,C,7,1,1,1077,10.0,1187.82,4,1165.06
2026-01-08 07:00:00,D,7,1,1,826,12.14,1238.07,4,1123.29
2026-01-08 08:00:00,A,8,1,1,1141,13.12,1252.94,5,1158.47
2026-01-08 08:00:00,B,8,1,1,850,10.0,934.78,6,877.57
2026-01-08 08:00:00,C,8,1,1,907,22.02,1156.61,4,1120.62
2026-01-08 08:00:00,D,8,1,1,952,15.91,1228.8,4,1048.17
2026-01-08 09:00:00,A,9,1,1,900,27.77,1010.02,5,1215.22
2026-01-08 09:00:00,B,9,1,1,669,31.99,989.7,6,913.58
2026-01-08 09:00:00,C,9,1,1,880,10.0,1013.16,4,1059.02
2026-01-08 09:00:00,D,9,1,1,867,10.0,1149.86,4,1039.44
2026-01-08 10:00:00,A,10,1,0,669,17.93,877.74,5,720.76
2026-01-08 10:00:00,B,10,1,0,485,10.0,510.82,6,561.27
2026-01-08 10:00:00,C,10,1,0,675,10.0,738.79,4,683.2
2026-01-08 10:00:00,D,10,1,0,684,10.0,583.17,4,659.15
2026-01-08 11:00:00,A,11,1,0,592,10.0,742.27,5,704.73
2026-01-08 11:00:00,B,11,1,0,503,10.0,450.35,6,425.57
2026-01-08 11:00:00,C,11,1,0,492,10.0,584.14,4,564.83
2026-01-08 11:00:00,D,11,1,0,566,10.0,640.49,4,613.55
2026-01-08 12:00:00,A,12,1,0,637,10.0,569.8,5,612.75
2026-01-08 12:00:00,B,12,1,0,426,10.0,489.86,6,345.58
2026-01-08 12:00:00,C,12,1,0,516,13.65,489.57,4,622.24
2026-01-08 12:00:00,D,12,1,0,491,10.0,545.95,4,524.49
2026-01-08 13:00:00,A,13,1,0,449,10.0,564.47,5,598.09
2026-01-08 13:00:00,B,13,1,0,318,10.0,404.04,6,428.45
2026-01-08 13:00:00,C,13,1,0,448,13.23,485.94,4,533.62
2026-01-08 13:00:00,D,13,1,0,471,10.0,584.49,4,449.57
2026-01-08 14:00:00,A,14,1,0,364,10.62,474.49,5,523.79
2026-01-08 14:00:00,B,14,1,0,325,17.53,397.64,6,418.08
2026-01-08 14:00:00,C,14,1,0,339,14.47,449.1,4,405.33
2026-01-08 14:00:00,D,14,1,0,400,10.0,528.34,4,428.77
2026-01-08 15:00:00,A,15,1,0,415,10.0,510.07,5,453.85
2026-01-08 15:00:00,B,15,1,0,327,10.0,376.28,6,303.78
2026-01-08 15:00:00,C,15,1,0,351,25.95,375.27,4,384.47
2026-01-08 15:00:00,D,15,1,0,338,16.15,363.48,4,431.05
2026-01-08 16:00:00,A,16,1,1,445,10.0,680.0,5,662.91
2026-01-08 16:00:00,B,16,1,1,366,10.0,499.82,6,446.81
2026-01-08 16:00:00,C,16,1,1,499,11.8,624.82,4,635.21
2026-01-08 16:00:00,D,16,1,1,397,13.58,577.29,4,584.15
2026-01-08 17:00:00,A,17,1,1,460,28.64,516.7,5,658.98
2026-01-08 17:00:00,B,17,1,1,393,10.0,456.59,6,400.92
2026-01-08 17:00:00,C,17,1,1,500,10.0,510.6,4,623.65
2026-01-08 17:00:00,D,17,1,1,506,21.76,566.23,4,577.82
2026-01-08 18:00:00,A,18,1,1,462,24.48,631.22,5,582.43
2026-01-08 18:00:00,B,18,1,1,314,10.0,383.69,6,507.32
2026-01-08 18:00:00,C,18,1,1,452,11.56,499.64,4,583.53
2026-01-08 18:00:00,D,18,1,1,375,10.0,478.17,4,522.03
2026-01-08 19:00:00,A,19,1,1,535,20.86,510.4,5,680.05
2026-01-08 19:00:00,B,19,1,1,407,10.0,462.47,6,539.49
2026-01-08 19:00:00,C,19,1,1,498,20.89,561.32,4,613.96
2026-01-08 19:00:00,D,19,1,1,471,29.79,487.66,4,607.83
2026-01-08 20:00:00,A,20,1,0,370,10.0,478.57,5,403.76
2026-01-08 20:00:00,B,20,1,0,254,14.84,279.63,6,349.13
2026-01-08 20:00:00,C,20,1,0,365,10.0,348.35,4,312.88
2026-01-08 20:00:00,D,20,1,0,316,10.0,319.66,4,285.86
2026-01-08 21:00:00,A,21,1,0,392,13.46,453.11,5,411.21
2026-01-08 21:00:00,B,21,1,0,325,10.0,337.01,6,355.26
2026-01-08 21:00:00,C,21,1,0,407,23.12,395.18,4,356.88
2026-01-08 21:00:00,D,21,1,0,383,10.0,418.81,4,372.4
2026-01-08 22:00:00,A,22,1,0,444,21.58,542.98,5,476.49
2026-01-08 22:00:00,B,22,1,0,383,10.0,361.3,6,349.84
2026-01-08 22:00:00,C,22,1,0,456,18.09,394.03,4,422.77
2026-01-08 22:00:00,D,22,1,0,438,10.0,459.79,4,419.24
2026-01-08 23:00:00,A,23,1,0,445,10.0,570.37,5,529.05
2026-01-08 23:00:00,B,23,1,0,328,10.0,440.72,6,499.43
2026-01-08 23:00:00,C,23,1,0,449,10.0,582.03,4,447.34
2026-01-08 23:00:00,D,23,1,0,441,10.0,428.83,4,431.46
2026-01-09 00:00:00,A,0,2,0,505,10.6,639.19,5,592.5
2026-01-09 00:00:00,B,0,2,0,405,10.0,535.64,6,461.35
2026-01-09 00:00:00,C,0,2,0,533,10.0,508.13,4,534.49
2026-01-09 00:00:00,D,0,2,0,449,21.83,549.36,4,573.83
2026-01-09 01:00:00,A,1,2,0,539,10.12,790.06,5,711.49
2026-01-09 01:00:00,B,1,2,0,441,10.0,483.71,6,493.24
2026-01-09 01:00:00,C,1,2,0,575,10.0,605.08,4,628.74
2026-01-09 01:00:00,D,1,2,0,635,10.0,596.27,4,523.21
2026-01-09 02:00:00,A,2,2,0,790,10.0,905.09,5,732.34
2026-01-09 02:00:00,B,2,2,0,535,16.01,621.59,6,553.75
2026-01-09 02:00:00,C,2,2,0,525,10.0,632.93,4,626.76
2026-01-09 02:00:00,D,2,2,0,692,19.75,699.39,4,654.47
2026-01-09 03:00:00,A,3,2,0,849,10.0,765.77,5,795.39
2026-01-09 03:00:00,B,3,2,0,572,13.35,680.87,6,533.67
2026-01-09 03:00:00,C,3,2,0,572,10.0,716.95,4,730.81
2026-01-09 03:00:00,D,3,2,0,585,10.0,795.39,4,766.18
2026-01-09 04:00:00,A,4,2,0,905,10.0,958.12,5,823.48
2026-01-09 04:00:00,B,4,2,0,619,10.0,732.18,6,557.06
2026-01-09 04:00:00,C,4,2,0,736,10.0,908.45,4,738.57
2026-01-09 04:00:00,D,4,2,0,817,10.0,845.65,4,732.64
2026-01-09 05:00:00,A,5,2,0,685,23.91,797.15,5,894.24
2026-01-09 05:00:00,B,5,2,0,515,10.0,641.71,6,684.39
2026-01-09 05:00:00,C,5,2,0,597,10.0,716.03,4,815.65
2026-01-09 05:00:00,D,5,2,0,734,10.0,838.39,4,770.4
2026-01-09 06:00:00,A,6,2,0,863,10.0,1068.55,5,888.52
2026-01-09 06:00:00,B,6,2,0,644,15.78,788.14,6,565.64
2026-01-09 06:00:00,C,6,2,0,796,17.25,771.44,4,758.37
2026-01-09 06:00:00,D,6,2,0,803,27.47,817.56,4,807.45
2026-01-09 07:00:00,A,7,2,1,1035,17.13,1378.88,5,1328.18
2026-01-09 07:00:00,B,7,2,1,807,39.08,820.35,6,984.72
2026-01-09 07:00:00,C,7,2,1,1059,10.0,1092.06,4,1187.96
2026-01-09 07:00:00,D,7,2,1,956,21.83,1000.09,4,1198.39
2026-01-09 08:00:00,A,8,2,1,1026,10.0,1250.88,5,1280.0
2026-01-09 08:00:00,B,8,2,1,784,10.0,1068.82,6,956.55
2026-01-09 08:00:00,C,8,2,1,926,17.07,1124.25,4,1174.19
2026-01-09 08:00:00,D,8,2,1,941,10.0,1100.48,4,1206.53
2026-01-09 09:00:00,A,9,2,1,1097,10.0,1390.04,5,1248.92
2026-01-09 09:00:00,B,9,2,1,684,10.0,751.72,6,876.79
2026-01-09 09:00:00,C,9,2,1,769,10.0,1066.46,4,1110.97
2026-01-09 09:00:00,D,9,2,1,868,10.0,935.72,4,1148.28
2026-01-09 10:00:00,A,10,2,0,808,16.36,732.06,5,762.25
2026-01-09 10:00:00,B,10,2,0,598,10.0,516.78,6,541.97
2026-01-09 10:00:00,C,10,2,0,529,28.73,753.69,4,789.03
2026-01-09 10:00:00,D,10,2,0,594,17.29,643.46,4,617.59
2026-01-09 11:00:00,A,11,2,0,757,10.0,844.18,5,698.98
2026-01-09 11:00:00,B,11,2,0,388,10.0,567.15,6,552.53
2026-01-09 11:00:00,C,11,2,0,499,13.97,683.84,4,575.35
2026-01-09 11:00:00,D,11,2,0,490,10.0,691.83,4,653.07
2026-01-09 12:00:00,A,12,2,0,623,22.37,748.2,5,634.95
2026-01-09 12:00:00,B,12,2,0,450,22.7,411.59,6,461.68
2026-01-09 12:00:00,C,12,2,0,539,10.0,624.02,4,592.48
2026-01-09 12:00:00,D,12,2,0,454,41.31,631.51,4,495.42
2026-01-09 13:00:00,A,13,2,0,512,23.01,676.13,5,585.15
2026-01-09 13:00:00,B,13,2,0,308,10.0,380.2,6,323.51
2026-01-09 13:00:00,C,13,2,0,409,10.0,494.42,4,481.44
2026-01-09 13:00:00,D,13,2,0,509,10.0,517.81,4,535.07
2026-01-09 14:00:00,A,14,2,0,510,17.85,602.21,5,512.86
2026-01-09 14:00:00,B,14,2,0,317,10.0,444.94,6,349.84
2026-01-09 14:00:00,C,14,2,0,492,10.0,407.94,4,421.36
2026-01-09 14:00:00,D,14,2,0,415,10.0,488.97,4,445.14
2026-01-09 15:00:00,A,15,2,0,364,13.43,447.15,5,384.21
2026-01-09 15:00:00,B,15,2,0,352,10.0,368.81,6,328.88
2026-01-09 15:00:00,C,15,2,0,404,10.0,480.05,4,428.95
2026-01-09 15:00:00,D,15,2,0,335,25.95,477.53,4,295.29
2026-01-09 16:00:00,A,16,2,1,482,28.15,642.59,5,770.17
2026-01-09 16:00:00,B,16,2,1,407,14.46,461.11,6,542.31
2026-01-09 16:00:00,C,16,2,1,492,10.0,620.22,4,672.65
2026-01-09 16:00:00,D,16,2,1,421,10.0,544.59,4,607.08
2026-01-09 17:00:00,A,17,2,1,520,14.96,506.82,5,699.99
2026-01-09 17:00:00,B,17,2,1,405,10.0,460.22,6,570.38
2026-01-09 17:00:00,C,17,2,1,497,10.0,460.27,4,657.22
2026-01-09 17:00:00,D,17,2,1,477,10.0,581.23,4,600.08
2026-01-09 18:00:00,A,18,2,1,415,10.0,608.97,5,693.02
2026-01-09 18:00:00,B,18,2,1,391,12.29,380.68,6,482.83
2026-01-09 18:00:00,C,18,2,1,383,10.0,527.22,4,613.31
2026-01-09 18:00:00,D,18,2,1,414,10.0,563.46,4,522.09
2026-01-09 19:00:00,A,19,2,1,451,10.0,500.44,5,653.72
2026-01-09 19:00:00,B,19,2,1,298,20.22,454.73,6,597.82
2026-01-09 19:00:00,C,19,2,1,526,16.42,550.32,4,598.91
2026-01-09 19:00:00,D,19,2,1,468,10.0,507.01,4,554.57
2026-01-09 20:00:00,A,20,2,0,320,10.0,402.55,5,403.8
2026-01-09 20:00:00,B,20,2,0,275,10.0,349.89,6,238.58
2026-01-09 20:00:00,C,20,2,0,311,20.14,351.33,4,439.99
2026-01-09 20:00:00,D,20,2,0,382,19.61,380.5,4,434.01
2026-01-09 21:00:00,A,21,2,0,364,32.41,472.62,5,413.02
2026-01-09 21:00:00,B,21,2,0,356,30.7,345.65,6,311.99
2026-01-09 21:00:00,C,21,2,0,432,11.62,466.46,4,334.82
2026-01-09 21:00:00,D,21,2,0,334,10.0,440.93,4,443.59
2026-01-09 22:00:00,A,22,2,0,511,13.04,469.18,5,483.3
2026-01-09 22:00:00,B,22,2,0,332,10.0,368.7,6,339.3
2026-01-09 22:00:00,C,22,2,0,491,16.45,551.22,4,359.19
2026-01-09 22:00:00,D,22,2,0,392,21.69,404.78,4,407.3
2026-01-09 23:00:00,A,23,2,0,607,10.0,690.09,5,498.28
2026-01-09 23:00:00,B,23,2,0,354,10.0,459.62,6,434.53
2026-01-09 23:00:00,C,23,2,0,433,10.0,488.09,4,527.52
2026-01-09 23:00:00,D,23,2,0,449,10.0,568.54,4,491.61
2026-01-10 00:00:00,A,0,3,0,527,10.0,596.43,5,601.85
2026-01-10 00:00:00,B,0,3,0,395,10.0,436.28,6,479.53
2026-01-10 00:00:00,C,0,3,0,530,21.78,545.19,4,521.96
2026-01-10 00:00:00,D,0,3,0,496,10.0,629.89,4,500.78
2026-01-10 01:00:00,A,1,3,0,690,10.0,643.44,5,674.39
2026-01-10 01:00:00,B,1,3,0,514,10.0,601.37,6,510.88
2026-01-10 01:00:00,C,1,3,0,684,10.0,626.23,4,641.98
2026-01-10 01:00:00,D,1,3,0,614,10.0,724.55,4,618.5
2026-01-10 02:00:00,A,2,3,0,562,15.49,898.9,5,710.23
2026-01-10 02:00:00,B,2,3,0,446,10.0,560.25,6,594.36
2026-01-10 02:00:00,C,2,3,0,725,10.0,625.76,4,653.29
2026-01-10 02:00:00,D,2,3,0,530,14.39,823.88,4,621.66
2026-01-10 03:00:00,A,3,3,0,627,18.3,888.77,5,770.57
2026-01-10 03:00:00,B,3,3,0,641,10.0,542.17,6,533.96
2026-01-10 03:00:00,C,3,3,0,714,10.0,831.16,4,750.13
2026-01-10 03:00:00,D,3,3,0,532,10.0,852.2,4,755.5
2026-01-10 04:00:00,A,4,3,0,775,10.0,1031.68,5,846.09
2026-01-10 04:00:00,B,4,3,0,617,10.0,564.96,6,668.66
2026-01-10 04:00:00,C,4,3,0,621,15.68,721.52,4,793.07
2026-01-10 04:00:00,D,4,3,0,726,10.0,812.86,4,687.02
2026-01-10 05:00:00,A,5,3,0,696,10.0,946.63,5,889.67
2026-01-10 05:00:00,B,5,3,0,677,11.95,737.46,6,650.76
2026-01-10 05:00:00,C,5,3,0,587,10.95,957.75,4,751.78
2026-01-10 05:00:00,D,5,3,0,668,10.0,718.07,4,714.65
2026-01-10 06:00:00,A,6,3,0,700,20.07,1027.99,5,962.35
2026-01-10 06:00:00,B,6,3,0,553,41.7,577.46,6,649.88
2026-01-10 06:00:00,C,6,3,0,784,11.05,935.01,4,784.47
2026-01-10 06:00:00,D,6,3,0,632,10.0,914.02,4,731.9
2026-01-10 07:00:00,A,7,3,1,967,10.0,1310.4,5,1300.61
2026-01-10 07:00:00,B,7,3,1,713,10.0,837.36,6,974.18
2026-01-10 07:00:00,C,7,3,1,956,15.79,1107.38,4,1248.16
2026-01-10 07:00:00,D,7,3,1,927,13.12,1189.34,4,1166.26
2026-01-10 08:00:00,A,8,3,1,1227,10.0,1302.91,5,1331.21
2026-01-10 08:00:00,B,8,3,1,821,10.0,926.67,6,900.52
2026-01-10 08:00:00,C,8,3,1,1110,11.09,1152.31,4,1202.88
2026-01-10 08:00:00,D,8,3,1,806,10.0,1061.38,4,1188.31
2026-01-10 09:00:00,A,9,3,1,1040,10.0,1296.93,5,1211.49
2026-01-10 09:00:00,B,9,3,1,843,10.0,812.0,6,901.73
2026-01-10 09:00:00,C,9,3,1,982,10.0,972.78,4,1182.63
2026-01-10 09:00:00,D,9,3,1,1040,10.0,1152.13,4,1094.36
2026-01-10 10:00:00,A,10,3,0,589,20.2,813.7,5,798.5
2026-01-10 10:00:00,B,10,3,0,428,10.0,498.92,6,561.62
2026-01-10 10:00:00,C,10,3,0,607,10.0,760.42,4,674.03
2026-01-10 10:00:00,D,10,3,0,664,10.0,696.63,4,683.38
2026-01-10 11:00:00,A,11,3,0,749,20.24,738.21,5,733.68
2026-01-10 11:00:00,B,11,3,0,382,10.0,540.42,6,420.22
2026-01-10 11:00:00,C,11,3,0,684,10.0,629.68,4,619.57
2026-01-10 11:00:00,D,11,3,0,462,10.0,558.33,4,543.77
2026-01-10 12:00:00,A,12,3,0,673,23.32,577.23,5,663.14
2026-01-10 12:00:00,B,12,3,0,352,10.35,508.82,6,489.36
2026-01-10 12:00:00,C,12,3,0,484,10.0,527.69,4,525.63
2026-01-10 12:00:00,D,12,3,0,569,10.0,580.66,4,567.16
2026-01-10 13:00:00,A,13,3,0,586,10.0,669.27,5,567.76
2026-01-10 13:00:00,B,13,3,0,346,10.0,399.82,6,452.27
2026-01-10 13:00:00,C,13,3,0,441,10.0,497.99,4,579.6
2026-01-10 13:00:00,D,13,3,0,461,10.0,598.32,4,445.7
2026-01-10 14:00:00,A,14,3,0,392,23.5,592.86,5,516.98
2026-01-10 14:00:00,B,14,3,0,349,10.0,414.11,6,327.97
2026-01-10 14:00:00,C,14,3,0,357,10.0,468.1,4,434.23
2026-01-10 14:00:00,D,14,3,0,386,10.0,448.28,4,346.65
2026-01-10 15:00:00,A,15,3,0,440,10.0,478.03,5,482.09
2026-01-10 15:00:00,B,15,3,0,314,18.38,333.95,6,372.43
2026-01-10 15:00:00,C,15,3,0,395,16.25,410.79,4,358.19
2026-01-10 15:00:00,D,15,3,0,302,10.0,417.39,4,420.8
2026-01-10 16:00:00,A,16,3,1,519,12.26,552.99,5,685.03
2026-01-10 16:00:00,B,16,3,1,458,10.0,515.27,6,625.0
2026-01-10 16:00:00,C,16,3,1,493,16.06,628.33,4,655.44
2026-01-10 16:00:00,D,16,3,1,552,12.71,582.58,4,601.13
2026-01-10 17:00:00,A,17,3,1,539,12.29,539.18,5,658.67
2026-01-10 17:00:00,B,17,3,1,426,13.66,360.7,6,476.25
2026-01-10 17:00:00,C,17,3,1,479,13.37,460.17,4,586.2
2026-01-10 17:00:00,D,17,3,1,512,13.34,572.01,4,602.63
2026-01-10 18:00:00,A,18,3,1,445,10.0,628.19,5,628.64
2026-01-10 18:00:00,B,18,3,1,309,10.0,362.52,6,479.71
2026-01-10 18:00:00,C,18,3,1,398,10.0,440.58,4,611.36
2026-01-10 18:00:00,D,18,3,1,492,10.0,551.49,4,613.59
2026-01-10 19:00:00,A,19,3,1,483,13.91,553.19,5,641.99
2026-01-10 19:00:00,B,19,3,1,419,10.0,430.11,6,465.14
2026-01-10 19:00:00,C,19,3,1,463,10.0,582.25,4,564.03
2026-01-10 19:00:00,D,19,3,1,454,10.0,473.51,4,646.55
2026-01-10 20:00:00,A,20,3,0,391,10.0,413.07,5,405.32
2026-01-10 20:00:00,B,20,3,0,262,10.0,287.83,6,319.89
2026-01-10 20:00:00,C,20,3,0,374,10.0,375.2,4,382.26
2026-01-10 20:00:00,D,20,3,0,341,10.0,428.45,4,294.31
2026-01-10 21:00:00,A,21,3,0,458,10.0,408.25,5,475.64
2026-01-10 21:00:00,B,21,3,0,336,10.0,397.6,6,337.19
2026-01-10 21:00:00,C,21,3,0,344,25.91,475.8,4,401.17
2026-01-10 21:00:00,D,21,3,0,339,10.0,466.16,4,326.15
2026-01-10 22:00:00,A,22,3,0,453,10.0,618.19,5,463.39
2026-01-10 22:00:00,B,22,3,0,329,10.05,380.61,6,324.13
2026-01-10 22:00:00,C,22,3,0,428,10.0,549.64,4,469.15
2026-01-10 22:00:00,D,22,3,0,418,10.0,506.44,4,373.39
2026-01-10 23:00:00,A,23,3,0,566,13.18,650.25,5,542.9
2026-01-10 23:00:00,B,23,3,0,307,10.0,439.22,6,339.24
2026-01-10 23:00:00,C,23,3,0,524,10.0,563.0,4,511.43
2026-01-10 23:00:00,D,23,3,0,519,10.0,576.7,4,500.03
2026-01-11 00:00:00,A,0,4,0,609,10.0,686.2,5,624.36
2026-01-11 00:00:00,B,0,4,0,471,16.57,500.91,6,582.65
2026-01-11 00:00:00,C,0,4,0,563,10.0,562.49,4,648.47
2026-01-11 00:00:00,D,0,4,0,560,10.0,684.45,4,536.66
2026-01-11 01:00:00,A,1,4,0,701,10.0,661.24,5,659.29
2026-01-11 01:00:00,B,1,4,0,444,10.0,605.8,6,592.41
2026-01-11 01:00:00,C,1,4,0,500,10.0,654.33,4,672.16
2026-01-11 01:00:00,D,1,4,0,460,10.0,651.5,4,584.92
2026-01-11 02:00:00,A,2,4,0,770,10.0,717.0,5,836.14
2026-01-11 02:00:00,B,2,4,0,469,22.1,605.89,6,557.83
2026-01-11 02:00:00,C,2,4,0,561,10.0,738.01,4,681.38
2026-01-11 02:00:00,D,2,4,0,728,10.0,705.35,4,684.52
2026-01-11 03:00:00,A,3,4,0,755,23.02,959.14,5,864.44
2026-01-11 03:00:00,B,3,4,0,602,10.0,632.79,6,634.27
2026-01-11 03:00:00,C,3,4,0,673,10.0,885.62,4,627.34
2026-01-11 03:00:00,D,3,4,0,577,19.56,762.21,4,685.68
2026-01-11 04:00:00,A,4,4,0,772,18.7,994.97,5,879.51
2026-01-11 04:00:00,B,4,4,0,491,13.91,618.49,6,617.99
2026-01-11 04:00:00,C,4,4,0,672,10.0,801.91,4,746.68
2026-01-11 04:00:00,D,4,4,0,577,23.48,735.66,4,788.37
2026-01-11 05:00:00,A,5,4,0,868,10.0,1018.4,5,854.14
2026-01-11 05:00:00,B,5,4,0,581,12.9,746.14,6,639.45
2026-01-11 05:00:00,C,5,4,0,676,10.0,783.8,4,806.48
2026-01-11 05:00:00,D,5,4,0,841,12.51,712.0,4,737.12
2026-01-11 06:00:00,A,6,4,0,695,11.56,920.26,5,893.69
2026-01-11 06:00:00,B,6,4,0,480,10.0,623.73,6,605.67
2026-01-11 06:00:00,C,6,4,0,655,10.0,778.76,4,748.18
2026-01-11 06:00:00,D,6,4,0,820,11.06,784.11,4,703.48
2026-01-11 07:00:00,A,7,4,1,988,28.95,1400.91,5,1394.37
2026-01-11 07:00:00,B,7,4,1,759,13.12,1108.3,6,1047.78
2026-01-11 07:00:00,C,7,4,1,1048,19.59,1320.87,4,1225.68
2026-01-11 07:00:00,D,7,4,1,885,10.0,1230.88,4,1182.15
2026-01-11 08:00:00,A,8,4,1,1066,29.18,1473.26,5,1265.99
2026-01-11 08:00:00,B,8,4,1,718,10.0,801.62,6,1026.3
2026-01-11 08:00:00,C,8,4,1,818,20.09,1169.41,4,1176.26
2026-01-11 08:00:00,D,8,4,1,1068,15.75,1012.63,4,1195.19
2026-01-11 09:00:00,A,9,4,1,1192,10.0,1175.16,5,1306.19
2026-01-11 09:00:00,B,9,4,1,680,15.51,806.81,6,960.79
2026-01-11 09:00:00,C,9,4,1,918,17.25,952.25,4,1151.34
2026-01-11 09:00:00,D,9,4,1,1071,10.0,922.98,4,1027.78
2026-01-11 10:00:00,A,10,4,0,672,10.0,851.99,5,688.61
2026-01-11 10:00:00,B,10,4,0,521,29.21,517.11,6,544.43
2026-01-11 10:00:00,C,10,4,0,590,30.03,753.81,4,685.94
2026-01-11 10:00:00,D,10,4,0,629,10.0,799.79,4,723.03
2026-01-11 11:00:00,A,11,4,0,558,11.12,632.6,5,800.77
2026-01-11 11:00:00,B,11,4,0,394,10.0,538.67,6,566.03
2026-01-11 11:00:00,C,11,4,0,550,34.2,767.59,4,688.01
2026-01-11 11:00:00,D,11,4,0,573,14.75,676.21,4,675.21
2026-01-11 12:00:00,A,12,4,0,478,10.0,654.11,5,589.55
2026-01-11 12:00:00,B,12,4,0,381,10.0,479.03,6,461.98
2026-01-11 12:00:00,C,12,4,0,453,15.04,642.68,4,532.44
2026-01-11 12:00:00,D,12,4,0,556,10.0,626.26,4,523.76
2026-01-11 13:00:00,A,13,4,0,567,17.29,651.94,5,650.39
2026-01-11 13:00:00,B,13,4,0,421,10.0,487.0,6,437.18
2026-01-11 13:00:00,C,13,4,0,470,18.5,539.14,4,499.88
2026-01-11 13:00:00,D,13,4,0,510,10.0,520.08,4,554.99
2026-01-11 14:00:00,A,14,4,0,507,10.0,492.77,5,574.11
2026-01-11 14:00:00,B,14,4,0,348,10.0,444.11,6,298.32
2026-01-11 14:00:00,C,14,4,0,453,10.0,560.05,4,453.52
2026-01-11 14:00:00,D,14,4,0,360,10.0,465.63,4,473.96
2026-01-11 15:00:00,A,15,4,0,448,10.0,482.75,5,533.7
2026-01-11 15:00:00,B,15,4,0,268,10.0,394.63,6,345.13
2026-01-11 15:00:00,C,15,4,0,410,10.0,436.44,4,333.29
2026-01-11 15:00:00,D,15,4,0,335,10.0,403.92,4,402.03
2026-01-11 16:00:00,A,16,4,1,499,11.14,553.38,5,600.81
2026-01-11 16:00:00,B,16,4,1,433,27.2,416.75,6,559.71
2026-01-11 16:00:00,C,16,4,1,507,10.0,531.59,4,657.49
2026-01-11 16:00:00,D,16,4,1,530,10.0,631.95,4,633.16
2026-01-11 17:00:00,A,17,4,1,422,10.0,581.48,5,713.21
2026-01-11 17:00:00,B,17,4,1,413,10.0,490.21,6,446.9
2026-01-11 17:00:00,C,17,4,1,527,10.0,480.08,4,592.84
2026-01-11 17:00:00,D,17,4,1,477,10.0,453.35,4,549.74
2026-01-11 18:00:00,A,18,4,1,426,10.0,537.65,5,629.95
2026-01-11 18:00:00,B,18,4,1,396,10.39,437.44,6,485.08
2026-01-11 18:00:00,C,18,4,1,394,12.01,477.35,4,593.03
2026-01-11 18:00:00,D,18,4,1,378,10.0,451.55,4,599.22
2026-01-11 19:00:00,A,19,4,1,558,10.0,607.73,5,683.79
2026-01-11 19:00:00,B,19,4,1,306,14.24,375.85,6,568.82
2026-01-11 19:00:00,C,19,4,1,416,11.67,508.23,4,611.41
2026-01-11 19:00:00,D,19,4,1,465,12.42,573.11,4,572.99
2026-01-11 20:00:00,A,20,4,0,384,10.0,371.49,5,477.34
2026-01-11 20:00:00,B,20,4,0,289,10.0,302.43,6,263.94
2026-01-11 20:00:00,C,20,4,0,337,10.65,411.87,4,352.12
2026-01-11 20:00:00,D,20,4,0,276,13.81,380.25,4,419.25
2026-01-11 21:00:00,A,21,4,0,436,10.0,447.08,5,481.61
2026-01-11 21:00:00,B,21,4,0,329,10.0,363.93,6,320.51
2026-01-11 21:00:00,C,21,4,0,363,10.0,397.48,4,384.49
2026-01-11 21:00:00,D,21,4,0,381,10.0,407.1,4,392.94
2026-01-11 22:00:00,A,22,4,0,498,15.26,589.81,5,540.94
2026-01-11 22:00:00,B,22,4,0,360,10.0,388.33,6,383.72
2026-01-11 22:00:00,C,22,4,0,427,16.85,555.99,4,410.41
2026-01-11 22:00:00,D,22,4,0,388,10.0,493.28,4,458.48
2026-01-11 23:00:00,A,23,4,0,615,10.0,525.29,5,641.52
2026-01-11 23:00:00,B,23,4,0,309,10.0,368.19,6,488.95
2026-01-11 23:00:00,C,23,4,0,505,10.0,582.02,4,488.74
2026-01-11 23:00:00,D,23,4,0,542,10.0,614.14,4,522.76
2026-01-12 00:00:00,A,0,5,0,499,10.0,764.48,5,621.75
2026-01-12 00:00:00,B,0,5,0,490,10.0,492.73,6,469.55
2026-01-12 00:00:00,C,0,5,0,449,10.0,569.0,4,571.16
2026-01-12 00:00:00,D,0,5,0,550,10.0,524.5,4,538.28
2026-01-12 01:00:00,A,1,5,0,712,10.0,709.97,5,669.53
2026-01-12 01:00:00,B,1,5,0,467,10.0,549.23,6,573.42
2026-01-12 01:00:00,C,1,5,0,553,16.69,748.67,4,619.52
2026-01-12 01:00:00,D,1,5,0,598,10.0,658.82,4,647.59
2026-01-12 02:00:00,A,2,5,0,652,10.0,731.01,5,705.26
2026-01-12 02:00:00,B,2,5,0,513,10.0,532.19,6,611.6
2026-01-12 02:00:00,C,2,5,0,633,12.58,642.01,4,662.46
2026-01-12 02:00:00,D,2,5,0,612,10.0,714.44,4,675.72
2026-01-12 03:00:00,A,3,5,0,740,10.0,816.46,5,796.26
2026-01-12 03:00:00,B,3,5,0,478,15.27,541.43,6,611.58
2026-01-12 03:00:00,C,3,5,0,596,10.0,696.2,4,727.64
2026-01-12 03:00:00,D,3,5,0,637,10.0,854.37,4,689.76
2026-01-12 04:00:00,A,4,5,0,650,10.0,1033.84,5,786.89
2026-01-12 04:00:00,B,4,5,0,483,10.0,765.11,6,632.74
2026-01-12 04:00:00,C,4,5,0,754,10.11,767.3,4,760.16
2026-01-12 04:00:00,D,4,5,0,687,10.0,758.61,4,685.68
2026-01-12 05:00:00,A,5,5,0,938,10.0,909.42,5,879.48
2026-01-12 05:00:00,B,5,5,0,491,10.0,684.44,6,695.48
2026-01-12 05:00:00,C,5,5,0,721,21.35,718.71,4,784.44
2026-01-12 05:00:00,D,5,5,0,730,10.0,712.14,4,732.61
2026-01-12 06:00:00,A,6,5,0,723,10.0,900.01,5,826.06
2026-01-12 06:00:00,B,6,5,0,698,10.0,795.86,6,718.99
2026-01-12 06:00:00,C,6,5,0,658,10.43,732.94,4,819.41
2026-01-12 06:00:00,D,6,5,0,671,10.0,721.28,4,882.88
2026-01-12 07:00:00,A,7,5,1,1285,10.0,1410.16,5,1268.2
2026-01-12 07:00:00,B,7,5,1,827,36.53,974.8,6,946.18
2026-01-12 07:00:00,C,7,5,1,933,10.0,1059.58,4,1188.4
2026-01-12 07:00:00,D,7,5,1,1028,13.78,1328.53,4,1179.92
2026-01-12 08:00:00,A,8,5,1,929,17.91,1175.6,5,1340.2
2026-01-12 08:00:00,B,8,5,1,748,10.0,850.29,6,945.78
2026-01-12 08:00:00,C,8,5,1,1052,18.03,1268.09,4,1235.24
2026-01-12 08:00:00,D,8,5,1,978,11.28,1124.5,4,1184.03
2026-01-12 09:00:00,A,9,5,1,900,27.22,1274.8,5,1230.34
2026-01-12 09:00:00,B,9,5,1,731,10.0,836.73,6,994.38
2026-01-12 09:00:00,C,9,5,1,817,24.24,1081.2,4,1132.5
2026-01-12 09:00:00,D,9,5,1,837,10.0,1071.6,4,1110.2
2026-01-12 10:00:00,A,10,5,0,737,10.0,861.97,5,714.61
2026-01-12 10:00:00,B,10,5,0,573,10.0,578.4,6,606.13
2026-01-12 10:00:00,C,10,5,0,697,11.84,834.97,4,666.02
2026-01-12 10:00:00,D,10,5,0,633,10.0,759.3,4,634.59
2026-01-12 11:00:00,A,11,5,0,684,10.0,809.93,5,699.16
2026-01-12 11:00:00,B,11,5,0,491,10.0,484.77,6,517.28
2026-01-12 11:00:00,C,11,5,0,555,14.12,598.23,4,637.12
2026-01-12 11:00:00,D,11,5,0,553,10.0,670.61,4,572.88
2026-01-12 12:00:00,A,12,5,0,536,10.0,621.49,5,677.85
2026-01-12 12:00:00,B,12,5,0,440,10.0,557.75,6,442.28
2026-01-12 12:00:00,C,12,5,0,574,11.92,542.76,4,609.52
2026-01-12 12:00:00,D,12,5,0,476,10.0,532.82,4,563.39
2026-01-12 13:00:00,A,13,5,0,597,10.0,625.2,5,623.74
2026-01-12 13:00:00,B,13,5,0,350,10.0,462.17,6,371.08
2026-01-12 13:00:00,C,13,5,0,508,10.0,471.95,4,536.52
2026-01-12 13:00:00,D,13,5,0,515,10.0,535.18,4,562.75
2026-01-12 14:00:00,A,14,5,0,421,10.0,536.7,5,507.99
2026-01-12 14:00:00,B,14,5,0,335,10.0,438.79,6,324.87
2026-01-12 14:00:00,C,14,5,0,399,10.0,532.13,4,443.6
2026-01-12 14:00:00,D,14,5,0,405,10.0,421.02,4,468.03
2026-01-12 15:00:00,A,15,5,0,434,10.0,545.07,5,546.45
2026-01-12 15:00:00,B,15,5,0,248,10.0,352.73,6,331.17
2026-01-12 15:00:00,C,15,5,0,416,10.0,485.21,4,361.16
2026-01-12 15:00:00,D,15,5,0,350,10.0,429.58,4,387.91
2026-01-12 16:00:00,A,16,5,1,573,15.49,571.6,5,705.73
2026-01-12 16:00:00,B,16,5,1,387,10.38,441.42,6,571.18
2026-01-12 16:00:00,C,16,5,1,405,11.42,471.15,4,643.24
2026-01-12 16:00:00,D,16,5,1,433,10.0,497.09,4,629.27
2026-01-12 17:00:00,A,17,5,1,454,10.0,563.46,5,648.22
2026-01-12 17:00:00,B,17,5,1,361,10.0,412.84,6,499.19
2026-01-12 17:00:00,C,17,5,1,418,10.0,562.56,4,482.74
2026-01-12 17:00:00,D,17,5,1,525,10.0,525.18,4,639.7
2026-01-12 18:00:00,A,18,5,1,421,10.0,644.22,5,686.58
2026-01-12 18:00:00,B,18,5,1,400,10.0,414.54,6,477.74
2026-01-12 18:00:00,C,18,5,1,442,31.31,453.93,4,554.96
2026-01-12 18:00:00,D,18,5,1,489,10.53,541.12,4,603.97
2026-01-12 19:00:00,A,19,5,1,575,10.0,586.77,5,677.87
2026-01-12 19:00:00,B,19,5,1,409,10.0,370.97,6,490.58
2026-01-12 19:00:00,C,19,5,1,497,10.0,546.7,4,666.38
2026-01-12 19:00:00,D,19,5,1,394,10.7,442.22,4,560.93
2026-01-12 20:00:00,A,20,5,0,322,10.0,417.97,5,458.55
2026-01-12 20:00:00,B,20,5,0,231,10.0,287.59,6,268.99
2026-01-12 20:00:00,C,20,5,0,278,10.0,420.08,4,402.23
2026-01-12 20:00:00,D,20,5,0,381,15.13,344.0,4,351.16
2026-01-12 21:00:00,A,21,5,0,376,15.94,430.39,5,463.25
2026-01-12 21:00:00,B,21,5,0,334,10.0,298.07,6,389.25
2026-01-12 21:00:00,C,21,5,0,426,10.0,388.36,4,397.9
2026-01-12 21:00:00,D,21,5,0,412,10.0,447.08,4,378.74
2026-01-12 22:00:00,A,22,5,0,420,10.0,538.18,5,588.95
2026-01-12 22:00:00,B,22,5,0,376,10.0,330.97,6,430.25
2026-01-12 22:00:00,C,22,5,0,422,10.0,429.74,4,426.01
2026-01-12 22:00:00,D,22,5,0,403,19.74,408.36,4,462.12
2026-01-12 23:00:00,A,23,5,0,593,10.0,558.09,5,498.85
2026-01-12 23:00:00,B,23,5,0,380,10.0,484.8,6,362.7
2026-01-12 23:00:00,C,23,5,0,513,10.26,599.36,4,532.93
2026-01-12 23:00:00,D,23,5,0,378,10.0,594.75,4,471.86
2026-01-13 00:00:00,A,0,6,0,621,10.0,748.71,5,588.64
2026-01-13 00:00:00,B,0,6,0,363,10.0,467.12,6,562.01
2026-01-13 00:00:00,C,0,6,0,466,10.0,538.45,4,547.46
2026-01-13 00:00:00,D,0,6,0,427,30.06,613.64,4,588.99
2026-01-13 01:00:00,A,1,6,0,614,10.0,761.91,5,650.66
2026-01-13 01:00:00,B,1,6,0,499,10.0,556.67,6,517.53
2026-01-13 01:00:00,C,1,6,0,543,10.0,715.66,4,717.79
2026-01-13 01:00:00,D,1,6,0,530,10.0,575.02,4,649.09
2026-01-13 02:00:00,A,2,6,0,771,10.0,838.36,5,762.33
2026-01-13 02:00:00,B,2,6,0,529,10.0,649.48,6,549.5
2026-01-13 02:00:00,C,2,6,0,602,20.15,795.75,4,754.16
2026-01-13 02:00:00,D,2,6,0,510,25.0,723.86,4,809.6
2026-01-13 03:00:00,A,3,6,0,808,10.0,874.81,5,818.37
2026-01-13 03:00:00,B,3,6,0,631,10.0,714.92,6,637.29
2026-01-13 03:00:00,C,3,6,0,560,10.0,771.22,4,778.84
2026-01-13 03:00:00,D,3,6,0,732,10.0,643.5,4,704.59
2026-01-13 04:00:00,A,4,6,0,699,10.0,792.79,5,789.71
2026-01-13 04:00:00,B,4,6,0,649,10.0,756.63,6,623.96
2026-01-13 04:00:00,C,4,6,0,588,10.0,904.65,4,731.15
2026-01-13 04:00:00,D,4,6,0,737,10.0,682.41,4,764.93
2026-01-13 05:00:00,A,5,6,0,873,10.0,873.63,5,786.91
2026-01-13 05:00:00,B,5,6,0,691,23.4,688.86,6,645.32
2026-01-13 05:00:00,C,5,6,0,627,10.0,833.81,4,751.71
2026-01-13 05:00:00,D,5,6,0,711,10.0,764.82,4,817.39
2026-01-13 06:00:00,A,6,6,0,876,10.0,966.8,5,891.36
2026-01-13 06:00:00,B,6,6,0,595,10.04,774.83,6,672.88
2026-01-13 06:00:00,C,6,6,0,825,10.0,772.84,4,852.98
2026-01-13 06:00:00,D,6,6,0,774,16.01,777.54,4,754.33
2026-01-13 07:00:00,A,7,6,1,1142,10.0,1189.22,5,1329.68
2026-01-13 07:00:00,B,7,6,1,728,10.0,918.67,6,966.64
2026-01-13 07:00:00,C,7,6,1,1140,10.13,1057.81,4,1205.95
2026-01-13 07:00:00,D,7,6,1,991,29.17,983.1,4,1174.19
2026-01-13 08:00:00,A,8,6,1,1257,10.0,1454.13,5,1300.69
2026-01-13 08:00:00,B,8,6,1,878,10.36,895.83,6,994.91
2026-01-13 08:00:00,C,8,6,1,812,12.88,1064.98,4,1187.74
2026-01-13 08:00:00,D,8,6,1,856,10.0,1135.79,4,1190.48
2026-01-13 09:00:00,A,9,6,1,1001,10.0,1111.3,5,1211.82
2026-01-13 09:00:00,B,9,6,1,630,10.0,785.9,6,896.72
2026-01-13 09:00:00,C,9,6,1,902,21.08,1246.07,4,1160.57
2026-01-13 09:00:00,D,9,6,1,835,30.4,1102.07,4,1181.97
2026-01-13 10:00:00,A,10,6,0,644,13.17,753.01,5,755.62
2026-01-13 10:00:00,B,10,6,0,498,10.0,667.14,6,455.46
2026-01-13 10:00:00,C,10,6,0,512,10.0,725.04,4,651.59
2026-01-13 10:00:00,D,10,6,0,650,10.0,821.89,4,680.72
2026-01-13 11:00:00,A,11,6,0,657,10.0,700.3,5,692.6
2026-01-13 11:00:00,B,11,6,0,450,10.0,598.1,6,541.19
2026-01-13 11:00:00,C,11,6,0,500,10.0,771.31,4,638.25
2026-01-13 11:00:00,D,11,6,0,507,10.0,688.63,4,510.76
2026-01-13 12:00:00,A,12,6,0,477,10.58,622.45,5,617.82
2026-01-13 12:00:00,B,12,6,0,380,10.0,514.87,6,404.87
2026-01-13 12:00:00,C,12,6,0,549,15.21,699.1,4,495.88
2026-01-13 12:00:00,D,12,6,0,468,10.0,543.46,4,639.51
2026-01-13 13:00:00,A,13,6,0,524,10.36,525.41,5,591.9
2026-01-13 13:00:00,B,13,6,0,322,10.0,489.59,6,335.49
2026-01-13 13:00:00,C,13,6,0,467,10.0,518.33,4,457.22
2026-01-13 13:00:00,D,13,6,0,450,10.0,578.83,4,497.82
2026-01-13 14:00:00,A,14,6,0,444,10.0,529.72,5,497.02
2026-01-13 14:00:00,B,14,6,0,315,10.0,352.29,6,361.1
2026-01-13 14:00:00,C,14,6,0,358,10.0,487.52,4,448.7
2026-01-13 14:00:00,D,14,6,0,377,20.82,443.86,4,475.19
2026-01-13 15:00:00,A,15,6,0,400,10.0,441.17,5,503.13
2026-01-13 15:00:00,B,15,6,0,309,10.0,391.68,6,379.06
2026-01-13 15:00:00,C,15,6,0,381,10.0,460.49,4,359.3
2026-01-13 15:00:00,D,15,6,0,364,10.0,400.22,4,387.38
2026-01-13 16:00:00,A,16,6,1,608,10.0,538.21,5,711.57
2026-01-13 16:00:00,B,16,6,1,321,10.0,434.1,6,570.37
2026-01-13 16:00:00,C,16,6,1,442,14.17,560.19,4,588.91
2026-01-13 16:00:00,D,16,6,1,434,10.0,505.12,4,575.2
2026-01-13 17:00:00,A,17,6,1,535,10.0,617.93,5,653.32
2026-01-13 17:00:00,B,17,6,1,398,10.0,460.28,6,495.29
2026-01-13 17:00:00,C,17,6,1,409,10.0,562.02,4,711.4
2026-01-13 17:00:00,D,17,6,1,471,10.0,568.5,4,599.4
2026-01-13 18:00:00,A,18,6,1,505,10.0,484.26,5,612.64
2026-01-13 18:00:00,B,18,6,1,340,10.0,467.72,6,483.43
2026-01-13 18:00:00,C,18,6,1,373,10.0,463.45,4,555.64
2026-01-13 18:00:00,D,18,6,1,482,14.55,434.65,4,602.27
2026-01-13 19:00:00,A,19,6,1,553,10.0,674.5,5,669.97
2026-01-13 19:00:00,B,19,6,1,420,10.0,483.4,6,516.73
2026-01-13 19:00:00,C,19,6,1,403,10.0,526.5,4,553.02
2026-01-13 19:00:00,D,19,6,1,390,10.0,596.14,4,549.2
2026-01-13 20:00:00,A,20,6,0,438,10.0,423.78,5,346.05
2026-01-13 20:00:00,B,20,6,0,257,10.0,336.21,6,275.53
2026-01-13 20:00:00,C,20,6,0,402,16.1,359.86,4,404.49
2026-01-13 20:00:00,D,20,6,0,330,22.23,363.05,4,315.42
2026-01-13 21:00:00,A,21,6,0,422,11.0,447.67,5,439.89
2026-01-13 21:00:00,B,21,6,0,353,10.0,352.95,6,369.98
2026-01-13 21:00:00,C,21,6,0,392,10.0,491.38,4,326.23
2026-01-13 21:00:00,D,21,6,0,334,12.72,402.13,4,410.2
2026-01-13 22:00:00,A,22,6,0,422,10.0,527.41,5,445.77
2026-01-13 22:00:00,B,22,6,0,362,10.0,335.09,6,429.22
2026-01-13 22:00:00,C,22,6,0,339,10.0,440.97,4,383.75
2026-01-13 22:00:00,D,22,6,0,485,10.0,403.46,4,455.13
2026-01-13 23:00:00,A,23,6,0,510,12.95,545.57,5,571.65
2026-01-13 23:00:00,B,23,6,0,324,10.0,482.75,6,409.75
2026-01-13 23:00:00,C,23,6,0,398,10.0,609.02,4,511.76
2026-01-13 23:00:00,D,23,6,0,530,16.06,472.33,4,463.87
2026-01-14 00:00:00,A,0,7,0,534,26.36,555.59,5,614.19
2026-01-14 00:00:00,B,0,7,0,375,13.14,445.36,6,465.99
2026-01-14 00:00:00,C,0,7,0,432,10.0,539.65,4,563.05
2026-01-14 00:00:00,D,0,7,0,559,10.0,500.61,4,557.9
2026-01-14 01:00:00,A,1,7,0,665,10.0,604.67,5,655.29
2026-01-14 01:00:00,B,1,7,0,485,10.0,510.49,6,529.24
2026-01-14 01:00:00,C,1,7,0,626,10.0,587.87,4,574.99
2026-01-14 01:00:00,D,1,7,0,536,10.0,661.99,4,590.46
2026-01-14 02:00:00,A,2,7,0,650,10.0,840.67,5,740.36
2026-01-14 02:00:00,B,2,7,0,448,10.0,540.53,6,516.3
2026-01-14 02:00:00,C,2,7,0,565,23.96,680.88,4,635.43
2026-01-14 02:00:00,D,2,7,0,676,10.0,625.96,4,673.89
2026-01-14 03:00:00,A,3,7,0,734,10.36,742.46,5,852.21
2026-01-14 03:00:00,B,3,7,0,527,10.0,533.7,6,585.69
2026-01-14 03:00:00,C,3,7,0,602,10.0,772.67,4,751.74
2026-01-14 03:00:00,D,3,7,0,606,10.0,672.35,4,768.22
2026-01-14 04:00:00,A,4,7,0,671,10.0,982.81,5,879.8
2026-01-14 04:00:00,B,4,7,0,451,10.0,683.16,6,614.97
2026-01-14 04:00:00,C,4,7,0,603,10.0,817.55,4,765.81
2026-01-14 04:00:00,D,4,7,0,543,10.6,712.3,4,747.67
2026-01-14 05:00:00,A,5,7,0,654,10.0,925.22,5,758.62
2026-01-14 05:00:00,B,5,7,0,557,10.0,657.6,6,551.87
2026-01-14 05:00:00,C,5,7,0,821,10.0,817.31,4,722.09
2026-01-14 05:00:00,D,5,7,0,679,10.0,899.31,4,732.54
2026-01-14 06:00:00,A,6,7,0,708,10.0,902.14,5,802.77
2026-01-14 06:00:00,B,6,7,0,611,10.0,672.6,6,656.44
2026-01-14 06:00:00,C,6,7,0,686,10.0,786.26,4,752.93
2026-01-14 06:00:00,D,6,7,0,577,10.0,685.98,4,698.08
2026-01-14 07:00:00,A,7,7,1,1307,10.0,1343.45,5,1268.25
2026-01-14 07:00:00,B,7,7,1,916,17.87,960.4,6,1015.04
2026-01-14 07:00:00,C,7,7,1,1064,10.0,1249.69,4,1180.53
2026-01-14 07:00:00,D,7,7,1,1141,15.47,953.23,4,1174.65
2026-01-14 08:00:00,A,8,7,1,1060,14.21,1113.06,5,1222.94
2026-01-14 08:00:00,B,8,7,1,695,26.4,983.75,6,926.15
2026-01-14 08:00:00,C,8,7,1,1050,10.0,1108.79,4,1096.4
2026-01-14 08:00:00,D,8,7,1,974,10.0,1132.44,4,1181.75
2026-01-14 09:00:00,A,9,7,1,1188,12.36,1252.95,5,1205.23
2026-01-14 09:00:00,B,9,7,1,744,15.3,728.39,6,962.9
2026-01-14 09:00:00,C,9,7,1,842,17.8,1087.7,4,1023.28
2026-01-14 09:00:00,D,9,7,1,867,16.82,1116.24,4,1102.68
2026-01-14 10:00:00,A,10,7,0,766,10.0,749.82,5,736.79
2026-01-14 10:00:00,B,10,7,0,529,17.68,526.91,6,498.14
2026-01-14 10:00:00,C,10,7,0,489,15.83,771.37,4,661.53
2026-01-14 10:00:00,D,10,7,0,571,10.0,605.98,4,632.51
2026-01-14 11:00:00,A,11,7,0,565,10.0,693.02,5,645.44
2026-01-14 11:00:00,B,11,7,0,493,10.0,544.73,6,475.22
2026-01-14 11:00:00,C,11,7,0,474,31.87,689.49,4,578.98
2026-01-14 11:00:00,D,11,7,0,567,10.0,719.4,4,620.36
2026-01-14 12:00:00,A,12,7,0,634,10.0,596.53,5,593.28
2026-01-14 12:00:00,B,12,7,0,345,10.0,511.87,6,470.89
2026-01-14 12:00:00,C,12,7,0,526,10.0,531.45,4,579.49
2026-01-14 12:00:00,D,12,7,0,505,10.47,521.38,4,609.32
2026-01-14 13:00:00,A,13,7,0,530,10.0,586.51,5,491.68
2026-01-14 13:00:00,B,13,7,0,376,10.0,402.42,6,405.31
2026-01-14 13:00:00,C,13,7,0,507,18.51,493.8,4,440.03
2026-01-14 13:00:00,D,13,7,0,522,10.0,542.17,4,483.23
2026-01-14 14:00:00,A,14,7,0,404,26.05,477.53,5,507.83
2026-01-14 14:00:00,B,14,7,0,324,11.49,373.48,6,290.83
2026-01-14 14:00:00,C,14,7,0,368,10.0,509.08,4,487.63
2026-01-14 14:00:00,D,14,7,0,402,10.0,510.99,4,353.15
2026-01-14 15:00:00,A,15,7,0,354,10.0,404.24,5,454.93
2026-01-14 15:00:00,B,15,7,0,338,10.0,333.13,6,309.07
2026-01-14 15:00:00,C,15,7,0,416,10.0,459.42,4,425.7
2026-01-14 15:00:00,D,15,7,0,321,10.0,393.18,4,397.77
2026-01-14 16:00:00,A,16,7,1,463,10.0,597.81,5,649.99
2026-01-14 16:00:00,B,16,7,1,416,27.14,471.61,6,494.22
2026-01-14 16:00:00,C,16,7,1,492,10.0,595.89,4,616.07
2026-01-14 16:00:00,D,16,7,1,482,10.0,509.63,4,690.71
2026-01-14 17:00:00,A,17,7,1,505,11.35,632.01,5,615.3
2026-01-14 17:00:00,B,17,7,1,369,20.84,417.84,6,528.86
2026-01-14 17:00:00,C,17,7,1,395,10.0,537.47,4,643.64
2026-01-14 17:00:00,D,17,7,1,386,10.0,457.95,4,526.81
2026-01-14 18:00:00,A,18,7,1,451,10.0,618.04,5,534.14
2026-01-14 18:00:00,B,18,7,1,346,17.54,359.48,6,494.64
2026-01-14 18:00:00,C,18,7,1,409,10.0,457.15,4,573.36
2026-01-14 18:00:00,D,18,7,1,441,14.62,414.83,4,532.21
2026-01-14 19:00:00,A,19,7,1,502,10.0,532.27,5,728.17
2026-01-14 19:00:00,B,19,7,1,398,10.0,408.9,6,428.78
2026-01-14 19:00:00,C,19,7,1,409,10.0,579.96,4,514.05
2026-01-14 19:00:00,D,19,7,1,453,11.88,469.25,4,536.58
2026-01-14 20:00:00,A,20,7,0,294,10.0,477.53,5,487.75
2026-01-14 20:00:00,B,20,7,0,274,10.0,327.41,6,224.79
2026-01-14 20:00:00,C,20,7,0,309,10.0,338.76,4,395.43
2026-01-14 20:00:00,D,20,7,0,352,10.0,337.57,4,321.39
2026-01-14 21:00:00,A,21,7,0,438,10.0,392.56,5,448.72
2026-01-14 21:00:00,B,21,7,0,261,10.0,359.05,6,305.66
2026-01-14 21:00:00,C,21,7,0,317,10.0,376.59,4,338.03
2026-01-14 21:00:00,D,21,7,0,364,10.0,408.7,4,407.04
2026-01-14 22:00:00,A,22,7,0,506,10.0,584.52,5,384.7
2026-01-14 22:00:00,B,22,7,0,315,10.0,392.34,6,444.38
2026-01-14 22:00:00,C,22,7,0,325,13.02,478.75,4,409.32
2026-01-14 22:00:00,D,22,7,0,408,10.0,387.76,4,439.26
2026-01-14 23:00:00,A,23,7,0,568,18.83,650.55,5,458.28
2026-01-14 23:00:00,B,23,7,0,337,10.0,385.59,6,376.57
2026-01-14 23:00:00,C,23,7,0,402,10.0,477.77,4,420.86
2026-01-14 23:00:00,D,23,7,0,393,18.3,453.22,4,541.54
2026-01-15 00:00:00,A,0,1,0,619,13.19,655.11,5,675.91
2026-01-15 00:00:00,B,0,1,0,420,10.0,477.31,6,448.56
2026-01-15 00:00:00,C,0,1,0,463,12.9,518.35,4,557.18
2026-01-15 00:00:00,D,0,1,0,512,10.0,646.79,4,521.74
2026-01-15 01:00:00,A,1,1,0,563,22.12,657.72,5,658.77
2026-01-15 01:00:00,B,1,1,0,528,17.58,510.43,6,478.76
2026-01-15 01:00:00,C,1,1,0,520,18.45,638.68,4,600.06
2026-01-15 01:00:00,D,1,1,0,523,12.17,561.04,4,553.92
2026-01-15 02:00:00,A,2,1,0,735,10.0,880.19,5,688.37
2026-01-15 02:00:00,B,2,1,0,469,10.0,644.0,6,509.43
2026-01-15 02:00:00,C,2,1,0,712,10.0,661.76,4,693.11
2026-01-15 02:00:00,D,2,1,0,660,10.0,724.49,4,641.47
2026-01-15 03:00:00,A,3,1,0,581,19.91,841.66,5,793.54
2026-01-15 03:00:00,B,3,1,0,453,10.0,666.51,6,495.86
2026-01-15 03:00:00,C,3,1,0,562,10.46,747.8,4,671.12
2026-01-15 03:00:00,D,3,1,0,537,10.0,789.7,4,653.25
2026-01-15 04:00:00,A,4,1,0,619,11.85,894.13,5,789.71
2026-01-15 04:00:00,B,4,1,0,530,10.0,657.76,6,576.77
2026-01-15 04:00:00,C,4,1,0,658,10.0,795.7,4,738.29
2026-01-15 04:00:00,D,4,1,0,609,10.0,869.55,4,675.56
2026-01-15 05:00:00,A,5,1,0,876,16.28,809.84,5,765.53
2026-01-15 05:00:00,B,5,1,0,503,10.0,557.01,6,586.98
2026-01-15 05:00:00,C,5,1,0,646,10.0,837.39,4,789.09
2026-01-15 05:00:00,D,5,1,0,780,19.23,745.06,4,686.44
2026-01-15 06:00:00,A,6,1,0,821,10.0,1015.52,5,829.54
2026-01-15 06:00:00,B,6,1,0,472,10.0,652.1,6,648.73
2026-01-15 06:00:00,C,6,1,0,688,10.0,767.04,4,690.49
2026-01-15 06:00:00,D,6,1,0,588,10.0,923.47,4,690.01
2026-01-15 07:00:00,A,7,1,1,1045,10.0,1340.69,5,1218.14
2026-01-15 07:00:00,B,7,1,1,870,23.71,820.1,6,933.83
2026-01-15 07:00:00,C,7,1,1,872,10.0,1282.66,4,1203.99
2026-01-15 07:00:00,D,7,1,1,975,21.91,1017.78,4,1163.66
2026-01-15 08:00:00,A,8,1,1,868,10.0,1305.7,5,1268.5
2026-01-15 08:00:00,B,8,1,1,640,10.0,775.82,6,910.26
2026-01-15 08:00:00,C,8,1,1,1005,10.0,1266.77,4,1058.78
2026-01-15 08:00:00,D,8,1,1,1081,10.0,963.52,4,1110.41
2026-01-15 09:00:00,A,9,1,1,1116,32.14,1161.29,5,1266.43
2026-01-15 09:00:00,B,9,1,1,651,11.69,796.34,6,952.5
2026-01-15 09:00:00,C,9,1,1,764,10.0,954.6,4,1109.33
2026-01-15 09:00:00,D,9,1,1,884,16.64,901.17,4,1039.76
2026-01-15 10:00:00,A,10,1,0,640,10.0,887.63,5,731.31
2026-01-15 10:00:00,B,10,1,0,447,10.0,540.81,6,547.32
2026-01-15 10:00:00,C,10,1,0,509,18.31,606.98,4,605.98
2026-01-15 10:00:00,D,10,1,0,507,10.0,678.08,4,681.71
2026-01-15 11:00:00,A,11,1,0,680,10.0,638.49,5,699.96
2026-01-15 11:00:00,B,11,1,0,482,10.0,502.53,6,473.78
2026-01-15 11:00:00,C,11,1,0,539,10.0,575.25,4,670.55
2026-01-15 11:00:00,D,11,1,0,500,14.5,553.73,4,551.92
2026-01-15 12:00:00,A,12,1,0,555,10.0,634.64,5,583.24
2026-01-15 12:00:00,B,12,1,0,401,10.0,409.04,6,458.59
2026-01-15 12:00:00,C,12,1,0,548,10.0,535.28,4,498.35
2026-01-15 12:00:00,D,12,1,0,476,10.0,587.58,4,504.72
2026-01-15 13:00:00,A,13,1,0,431,10.0,604.59,5,509.93
2026-01-15 13:00:00,B,13,1,0,339,10.0,403.11,6,369.95
2026-01-15 13:00:00,C,13,1,0,526,10.0,591.6,4,555.88
2026-01-15 13:00:00,D,13,1,0,419,10.0,563.78,4,547.46
2026-01-15 14:00:00,A,14,1,0,389,10.0,527.23,5,508.17
2026-01-15 14:00:00,B,14,1,0,383,10.0,431.81,6,321.51
2026-01-15 14:00:00,C,14,1,0,443,10.0,419.39,4,505.13
2026-01-15 14:00:00,D,14,1,0,367,10.0,426.37,4,338.18
2026-01-15 15:00:00,A,15,1,0,436,15.77,515.46,5,461.55
2026-01-15 15:00:00,B,15,1,0,264,10.0,390.8,6,406.09
2026-01-15 15:00:00,C,15,1,0,389,28.62,424.02,4,309.29
2026-01-15 15:00:00,D,15,1,0,417,10.0,343.07,4,376.66
2026-01-15 16:00:00,A,16,1,1,504,10.0,540.8,5,681.08
2026-01-15 16:00:00,B,16,1,1,364,10.0,460.36,6,472.78
2026-01-15 16:00:00,C,16,1,1,438,10.36,619.02,4,642.52
2026-01-15 16:00:00,D,16,1,1,379,15.38,556.58,4,553.35
2026-01-15 17:00:00,A,17,1,1,565,10.0,500.82,5,614.97
2026-01-15 17:00:00,B,17,1,1,389,10.0,392.57,6,484.17
2026-01-15 17:00:00,C,17,1,1,486,10.0,455.07,4,525.75
2026-01-15 17:00:00,D,17,1,1,394,12.76,527.71,4,556.08
2026-01-15 18:00:00,A,18,1,1,491,10.0,470.95,5,678.64
2026-01-15 18:00:00,B,18,1,1,381,10.35,347.72,6,397.22
2026-01-15 18:00:00,C,18,1,1,472,10.0,451.96,4,592.72
2026-01-15 18:00:00,D,18,1,1,490,10.0,513.61,4,551.37
2026-01-15 19:00:00,A,19,1,1,546,10.0,550.63,5,728.51
2026-01-15 19:00:00,B,19,1,1,410,10.0,356.68,6,509.86
2026-01-15 19:00:00,C,19,1,1,487,10.0,586.81,4,554.43
2026-01-15 19:00:00,D,19,1,1,512,13.75,470.63,4,582.07
2026-01-15 20:00:00,A,20,1,0,386,10.0,433.48,5,405.47
2026-01-15 20:00:00,B,20,1,0,297,10.0,329.19,6,362.55
2026-01-15 20:00:00,C,20,1,0,288,12.37,404.08,4,375.19
2026-01-15 20:00:00,D,20,1,0,282,10.0,405.46,4,369.29
2026-01-15 21:00:00,A,21,1,0,380,10.0,525.6,5,384.55
2026-01-15 21:00:00,B,21,1,0,280,10.0,332.92,6,346.73
2026-01-15 21:00:00,C,21,1,0,296,13.7,393.05,4,359.75
2026-01-15 21:00:00,D,21,1,0,304,10.0,368.15,4,384.93
2026-01-15 22:00:00,A,22,1,0,386,10.0,552.68,5,409.74
2026-01-15 22:00:00,B,22,1,0,357,10.0,414.74,6,363.03
2026-01-15 22:00:00,C,22,1,0,395,10.0,417.72,4,474.13
2026-01-15 22:00:00,D,22,1,0,370,10.0,523.07,4,438.45
2026-01-15 23:00:00,A,23,1,0,403,10.0,574.31,5,502.78
2026-01-15 23:00:00,B,23,1,0,406,10.7,441.16,6,357.27
2026-01-15 23:00:00,C,23,1,0,439,15.9,538.01,4,552.59
2026-01-15 23:00:00,D,23,1,0,371,10.0,497.67,4,535.03
2026-01-16 00:00:00,A,0,2,0,502,10.0,606.19,5,646.14
2026-01-16 00:00:00,B,0,2,0,460,10.0,539.98,6,490.16
2026-01-16 00:00:00,C,0,2,0,492,10.0,561.0,4,595.26
2026-01-16 00:00:00,D,0,2,0,525,10.0,582.89,4,552.98
2026-01-16 01:00:00,A,1,2,0,644,30.01,661.81,5,712.3
2026-01-16 01:00:00,B,1,2,0,389,10.0,566.65,6,516.88
2026-01-16 01:00:00,C,1,2,0,628,18.42,584.26,4,658.2
2026-01-16 01:00:00,D,1,2,0,487,10.0,720.88,4,617.61
2026-01-16 02:00:00,A,2,2,0,578,10.0,699.24,5,745.18
2026-01-16 02:00:00,B,2,2,0,435,10.0,532.26,6,569.89
2026-01-16 02:00:00,C,2,2,0,744,10.0,715.94,4,721.41
2026-01-16 02:00:00,D,2,2,0,582,10.0,596.23,4,701.46
2026-01-16 03:00:00,A,3,2,0,640,10.0,976.13,5,794.47
2026-01-16 03:00:00,B,3,2,0,575,10.0,679.19,6,570.4
2026-01-16 03:00:00,C,3,2,0,606,29.97,733.07,4,805.18
2026-01-16 03:00:00,D,3,2,0,594,27.28,713.22,4,721.95
2026-01-16 04:00:00,A,4,2,0,814,10.0,905.18,5,880.54
2026-01-16 04:00:00,B,4,2,0,588,10.0,638.53,6,658.62
2026-01-16 04:00:00,C,4,2,0,656,10.0,826.21,4,776.45
2026-01-16 04:00:00,D,4,2,0,608,19.95,924.11,4,731.33
2026-01-16 05:00:00,A,5,2,0,724,10.0,951.23,5,801.08
2026-01-16 05:00:00,B,5,2,0,677,10.0,717.99,6,645.11
2026-01-16 05:00:00,C,5,2,0,808,11.77,757.96,4,808.23
2026-01-16 05:00:00,D,5,2,0,667,10.0,914.12,4,751.23
2026-01-16 06:00:00,A,6,2,0,841,10.0,1016.22,5,884.23
2026-01-16 06:00:00,B,6,2,0,602,10.0,574.8,6,589.56
2026-01-16 06:00:00,C,6,2,0,672,15.91,876.43,4,765.52
2026-01-16 06:00:00,D,6,2,0,703,22.77,863.67,4,800.36
2026-01-16 07:00:00,A,7,2,1,995,10.0,1130.6,5,1377.98
2026-01-16 07:00:00,B,7,2,1,776,10.0,1081.57,6,1037.79
2026-01-16 07:00:00,C,7,2,1,972,10.0,1054.81,4,1263.0
2026-01-16 07:00:00,D,7,2,1,907,10.0,1042.01,4,1145.25
2026-01-16 08:00:00,A,8,2,1,1259,10.0,1136.26,5,1273.71
2026-01-16 08:00:00,B,8,2,1,915,11.13,788.51,6,979.52
2026-01-16 08:00:00,C,8,2,1,1062,17.7,1016.46,4,1238.06
2026-01-16 08:00:00,D,8,2,1,931,10.0,1224.78,4,1221.21
2026-01-16 09:00:00,A,9,2,1,1228,10.0,1305.2,5,1323.13
2026-01-16 09:00:00,B,9,2,1,800,10.0,831.3,6,855.2
2026-01-16 09:00:00,C,9,2,1,772,16.03,1206.31,4,1160.11
2026-01-16 09:00:00,D,9,2,1,898,10.0,1125.33,4,1069.3
2026-01-16 10:00:00,A,10,2,0,579,15.92,798.41,5,765.53
2026-01-16 10:00:00,B,10,2,0,517,10.0,666.84,6,568.52
2026-01-16 10:00:00,C,10,2,0,676,10.0,750.76,4,637.13
2026-01-16 10:00:00,D,10,2,0,648,16.16,760.97,4,692.58
2026-01-16 11:00:00,A,11,2,0,718,10.0,674.41,5,724.94
2026-01-16 11:00:00,B,11,2,0,432,27.1,464.99,6,458.84
2026-01-16 11:00:00,C,11,2,0,599,10.0,694.02,4,613.06
2026-01-16 11:00:00,D,11,2,0,522,14.48,712.13,4,582.12
2026-01-16 12:00:00,A,12,2,0,484,13.88,600.86,5,601.81
2026-01-16 12:00:00,B,12,2,0,456,10.0,517.12,6,459.34
2026-01-16 12:00:00,C,12,2,0,580,10.0,618.68,4,571.7
2026-01-16 12:00:00,D,12,2,0,430,10.0,569.36,4,482.65
2026-01-16 13:00:00,A,13,2,0,507,10.0,539.24,5,562.77
2026-01-16 13:00:00,B,13,2,0,336,13.15,419.47,6,439.32
2026-01-16 13:00:00,C,13,2,0,511,10.0,596.53,4,498.39
2026-01-16 13:00:00,D,13,2,0,394,10.0,448.03,4,484.61
2026-01-16 14:00:00,A,14,2,0,530,10.0,570.89,5,497.24
2026-01-16 14:00:00,B,14,2,0,385,10.0,434.59,6,324.56
2026-01-16 14:00:00,C,14,2,0,481,10.54,492.8,4,457.17
2026-01-16 14:00:00,D,14,2,0,388,10.91,486.79,4,438.67
2026-01-16 15:00:00,A,15,2,0,427,24.3,461.18,5,462.69
2026-01-16 15:00:00,B,15,2,0,268,11.35,296.06,6,352.25
2026-01-16 15:00:00,C,15,2,0,318,10.0,490.31,4,415.56
2026-01-16 15:00:00,D,15,2,0,314,10.0,474.83,4,468.99
2026-01-16 16:00:00,A,16,2,1,600,10.18,692.71,5,652.98
2026-01-16 16:00:00,B,16,2,1,396,19.61,389.35,6,526.62
2026-01-16 16:00:00,C,16,2,1,402,14.73,635.2,4,561.85
2026-01-16 16:00:00,D,16,2,1,559,17.76,598.15,4,639.34
2026-01-16 17:00:00,A,17,2,1,564,10.0,507.98,5,669.89
2026-01-16 17:00:00,B,17,2,1,403,21.33,370.41,6,481.56
2026-01-16 17:00:00,C,17,2,1,505,10.0,453.03,4,591.86
2026-01-16 17:00:00,D,17,2,1,512,10.0,541.13,4,631.92
2026-01-16 18:00:00,A,18,2,1,524,10.0,528.51,5,631.93
2026-01-16 18:00:00,B,18,2,1,374,10.0,369.99,6,573.64
2026-01-16 18:00:00,C,18,2,1,480,11.59,584.83,4,585.44
2026-01-16 18:00:00,D,18,2,1,464,10.0,551.64,4,589.53
2026-01-16 19:00:00,A,19,2,1,591,15.58,522.97,5,621.71
2026-01-16 19:00:00,B,19,2,1,403,12.56,361.87,6,501.58
2026-01-16 19:00:00,C,19,2,1,392,10.0,456.0,4,714.36
2026-01-16 19:00:00,D,19,2,1,373,11.95,472.13,4,568.04
2026-01-16 20:00:00,A,20,2,0,373,10.0,473.35,5,451.72
2026-01-16 20:00:00,B,20,2,0,260,10.57,305.62,6,208.22
2026-01-16 20:00:00,C,20,2,0,308,10.0,435.15,4,368.24
2026-01-16 20:00:00,D,20,2,0,360,10.0,352.92,4,377.16
2026-01-16 21:00:00,A,21,2,0,492,10.0,516.14,5,478.64
2026-01-16 21:00:00,B,21,2,0,273,16.28,347.54,6,258.85
2026-01-16 21:00:00,C,21,2,0,418,10.0,488.5,4,422.18
2026-01-16 21:00:00,D,21,2,0,315,12.62,469.9,4,371.2
2026-01-16 22:00:00,A,22,2,0,465,10.0,584.15,5,499.53
2026-01-16 22:00:00,B,22,2,0,326,10.0,412.54,6,352.9
2026-01-16 22:00:00,C,22,2,0,419,15.78,526.14,4,465.49
2026-01-16 22:00:00,D,22,2,0,341,10.0,506.45,4,416.61
2026-01-16 23:00:00,A,23,2,0,552,10.0,604.05,5,544.63
2026-01-16 23:00:00,B,23,2,0,350,10.0,442.83,6,419.21
2026-01-16 23:00:00,C,23,2,0,502,10.0,517.12,4,488.52
2026-01-16 23:00:00,D,23,2,0,435,10.0,570.23,4,563.82
2026-01-17 00:00:00,A,0,3,0,583,12.41,711.58,5,705.51
2026-01-17 00:00:00,B,0,3,0,395,10.0,517.48,6,485.65
2026-01-17 00:00:00,C,0,3,0,596,10.0,616.06,4,536.47
2026-01-17 00:00:00,D,0,3,0,487,10.0,588.25,4,578.95
2026-01-17 01:00:00,A,1,3,0,628,10.0,684.99,5,734.18
2026-01-17 01:00:00,B,1,3,0,395,10.0,618.68,6,542.23
2026-01-17 01:00:00,C,1,3,0,472,10.0,776.87,4,554.51
2026-01-17 01:00:00,D,1,3,0,581,10.0,557.47,4,655.78
2026-01-17 02:00:00,A,2,3,0,719,10.0,819.23,5,749.55
2026-01-17 02:00:00,B,2,3,0,539,10.0,616.2,6,470.23
2026-01-17 02:00:00,C,2,3,0,538,19.41,804.85,4,579.71
2026-01-17 02:00:00,D,2,3,0,524,21.97,743.87,4,647.27
2026-01-17 03:00:00,A,3,3,0,771,12.1,766.85,5,720.32
2026-01-17 03:00:00,B,3,3,0,503,14.06,672.36,6,611.23
2026-01-17 03:00:00,C,3,3,0,667,12.28,850.01,4,641.68
2026-01-17 03:00:00,D,3,3,0,740,10.0,701.9,4,725.6
2026-01-17 04:00:00,A,4,3,0,782,20.41,1040.34,5,800.9
2026-01-17 04:00:00,B,4,3,0,486,10.0,558.49,6,628.44
2026-01-17 04:00:00,C,4,3,0,791,35.26,824.08,4,732.57
2026-01-17 04:00:00,D,4,3,0,678,10.0,704.89,4,721.3
2026-01-17 05:00:00,A,5,3,0,737,10.0,970.98,5,919.27
2026-01-17 05:00:00,B,5,3,0,591,10.0,781.64,6,746.42
2026-01-17 05:00:00,C,5,3,0,805,10.0,776.01,4,840.88
2026-01-17 05:00:00,D,5,3,0,699,10.0,921.45,4,712.0
2026-01-17 06:00:00,A,6,3,0,827,10.0,1014.6,5,897.72
2026-01-17 06:00:00,B,6,3,0,675,10.0,757.65,6,689.1
2026-01-17 06:00:00,C,6,3,0,678,10.0,984.92,4,744.9
2026-01-17 06:00:00,D,6,3,0,686,33.71,845.0,4,737.9
2026-01-17 07:00:00,A,7,3,1,1174,10.0,1461.6,5,1367.1
2026-01-17 07:00:00,B,7,3,1,755,10.0,1061.85,6,962.32
2026-01-17 07:00:00,C,7,3,1,1084,10.0,1255.7,4,1302.86
2026-01-17 07:00:00,D,7,3,1,830,15.9,1148.66,4,1228.84
2026-01-17 08:00:00,A,8,3,1,924,13.19,1338.26,5,1319.96
2026-01-17 08:00:00,B,8,3,1,700,10.0,876.83,6,986.36
2026-01-17 08:00:00,C,8,3,1,897,10.0,1085.08,4,1229.22
2026-01-17 08:00:00,D,8,3,1,1084,10.0,1053.17,4,1112.97
2026-01-17 09:00:00,A,9,3,1,1246,11.88,1039.21,5,1236.16
2026-01-17 09:00:00,B,9,3,1,722,18.02,809.95,6,937.16
2026-01-17 09:00:00,C,9,3,1,962,10.0,1161.39,4,1134.48
2026-01-17 09:00:00,D,9,3,1,881,25.63,1021.03,4,1156.48
2026-01-17 10:00:00,A,10,3,0,688,13.08,772.99,5,794.21
2026-01-17 10:00:00,B,10,3,0,584,12.34,624.21,6,509.33
2026-01-17 10:00:00,C,10,3,0,701,15.0,698.25,4,727.96
2026-01-17 10:00:00,D,10,3,0,524,19.91,786.0,4,615.74
2026-01-17 11:00:00,A,11,3,0,637,10.0,657.44,5,661.26
2026-01-17 11:00:00,B,11,3,0,528,10.0,603.32,6,523.94
2026-01-17 11:00:00,C,11,3,0,603,10.0,713.34,4,630.38
2026-01-17 11:00:00,D,11,3,0,632,10.0,560.74,4,586.55
2026-01-17 12:00:00,A,12,3,0,663,20.57,768.81,5,674.94
2026-01-17 12:00:00,B,12,3,0,481,10.0,550.59,6,491.21
2026-01-17 12:00:00,C,12,3,0,457,10.0,530.65,4,604.37
2026-01-17 12:00:00,D,12,3,0,606,14.54,584.9,4,641.92
2026-01-17 13:00:00,A,13,3,0,463,10.0,682.09,5,585.32
2026-01-17 13:00:00,B,13,3,0,418,10.0,432.77,6,411.1
2026-01-17 13:00:00,C,13,3,0,426,10.0,524.55,4,582.92
2026-01-17 13:00:00,D,13,3,0,518,10.0,520.16,4,527.1
2026-01-17 14:00:00,A,14,3,0,398,23.65,454.11,5,525.05
2026-01-17 14:00:00,B,14,3,0,355,10.0,431.51,6,367.42
2026-01-17 14:00:00,C,14,3,0,391,10.0,430.48,4,440.29
2026-01-17 14:00:00,D,14,3,0,376,36.21,472.67,4,384.92
2026-01-17 15:00:00,A,15,3,0,338,10.0,546.63,5,474.11
2026-01-17 15:00:00,B,15,3,0,317,10.0,387.13,6,316.04
2026-01-17 15:00:00,C,15,3,0,331,10.0,373.75,4,354.01
2026-01-17 15:00:00,D,15,3,0,310,10.0,435.63,4,313.09
2026-01-17 16:00:00,A,16,3,1,504,12.77,619.41,5,742.88
2026-01-17 16:00:00,B,16,3,1,408,13.64,389.8,6,579.42
2026-01-17 16:00:00,C,16,3,1,490,10.0,647.74,4,550.85
2026-01-17 16:00:00,D,16,3,1,419,10.0,484.97,4,580.08
2026-01-17 17:00:00,A,17,3,1,590,10.0,646.77,5,634.03
2026-01-17 17:00:00,B,17,3,1,381,22.44,374.7,6,592.25
2026-01-17 17:00:00,C,17,3,1,531,10.0,506.93,4,605.74
2026-01-17 17:00:00,D,17,3,1,382,10.0,559.96,4,580.86
2026-01-17 18:00:00,A,18,3,1,465,20.08,477.44,5,622.63
2026-01-17 18:00:00,B,18,3,1,334,10.0,395.2,6,463.83
2026-01-17 18:00:00,C,18,3,1,408,10.0,521.19,4,477.86
2026-01-17 18:00:00,D,18,3,1,406,10.0,541.36,4,587.34
2026-01-17 19:00:00,A,19,3,1,442,10.0,669.88,5,663.38
2026-01-17 19:00:00,B,19,3,1,311,10.0,383.03,6,516.48
2026-01-17 19:00:00,C,19,3,1,500,10.0,546.3,4,610.42
2026-01-17 19:00:00,D,19,3,1,495,14.37,586.12,4,455.5
2026-01-17 20:00:00,A,20,3,0,366,10.0,418.22,5,399.36
2026-01-17 20:00:00,B,20,3,0,224,10.0,315.31,6,332.39
2026-01-17 20:00:00,C,20,3,0,320,10.0,420.7,4,414.79
2026-01-17 20:00:00,D,20,3,0,347,15.78,437.29,4,356.47
2026-01-17 21:00:00,A,21,3,0,402,10.0,512.17,5,387.37
2026-01-17 21:00:00,B,21,3,0,359,10.0,343.32,6,365.48
2026-01-17 21:00:00,C,21,3,0,364,10.0,414.88,4,469.27
2026-01-17 21:00:00,D,21,3,0,388,10.0,429.42,4,382.24
2026-01-17 22:00:00,A,22,3,0,420,10.0,576.48,5,595.19
2026-01-17 22:00:00,B,22,3,0,291,10.0,406.33,6,399.75
2026-01-17 22:00:00,C,22,3,0,404,14.28,482.82,4,488.58
2026-01-17 22:00:00,D,22,3,0,484,10.0,420.43,4,387.73
2026-01-17 23:00:00,A,23,3,0,456,10.0,601.03,5,587.35
2026-01-17 23:00:00,B,23,3,0,348,10.0,464.83,6,398.27
2026-01-17 23:00:00,C,23,3,0,512,10.0,604.77,4,512.61
2026-01-17 23:00:00,D,23,3,0,398,10.0,549.06,4,568.78
2026-01-18 00:00:00,A,0,4,0,563,12.93,713.52,5,572.11
2026-01-18 00:00:00,B,0,4,0,365,10.0,444.87,6,491.8
2026-01-18 00:00:00,C,0,4,0,485,10.0,529.99,4,656.5
2026-01-18 00:00:00,D,0,4,0,509,29.22,580.6,4,515.44
2026-01-18 01:00:00,A,1,4,0,535,10.08,674.13,5,640.32
2026-01-18 01:00:00,B,1,4,0,477,13.52,570.66,6,584.75
2026-01-18 01:00:00,C,1,4,0,639,10.0,598.77,4,607.31
2026-01-18 01:00:00,D,1,4,0,662,10.65,567.67,4,653.75
2026-01-18 02:00:00,A,2,4,0,615,18.22,773.15,5,734.19
2026-01-18 02:00:00,B,2,4,0,587,10.0,560.86,6,561.03
2026-01-18 02:00:00,C,2,4,0,566,10.0,635.35,4,735.53
2026-01-18 02:00:00,D,2,4,0,660,10.0,628.25,4,668.96
2026-01-18 03:00:00,A,3,4,0,825,11.94,955.33,5,741.38
2026-01-18 03:00:00,B,3,4,0,484,10.0,532.23,6,674.91
2026-01-18 03:00:00,C,3,4,0,727,17.36,657.71,4,710.64
2026-01-18 03:00:00,D,3,4,0,722,15.28,800.01,4,766.0
2026-01-18 04:00:00,A,4,4,0,877,10.0,870.69,5,880.3
2026-01-18 04:00:00,B,4,4,0,532,13.95,661.01,6,566.32
2026-01-18 04:00:00,C,4,4,0,811,10.0,874.72,4,834.74
2026-01-18 04:00:00,D,4,4,0,767,29.74,703.15,4,786.12
2026-01-18 05:00:00,A,5,4,0,711,10.0,863.02,5,772.37
2026-01-18 05:00:00,B,5,4,0,627,10.0,728.84,6,579.09
2026-01-18 05:00:00,C,5,4,0,629,27.68,799.34,4,707.17
2026-01-18 05:00:00,D,5,4,0,759,10.0,943.75,4,778.17
2026-01-18 06:00:00,A,6,4,0,805,10.0,948.75,5,946.24
2026-01-18 06:00:00,B,6,4,0,672,13.36,626.15,6,635.39
2026-01-18 06:00:00,C,6,4,0,826,22.49,875.79,4,775.5
2026-01-18 06:00:00,D,6,4,0,717,26.97,804.54,4,738.25
2026-01-18 07:00:00,A,7,4,1,1103,10.0,1423.11,5,1337.19
2026-01-18 07:00:00,B,7,4,1,945,10.0,853.34,6,1051.03
2026-01-18 07:00:00,C,7,4,1,941,11.98,1338.42,4,1294.86
2026-01-18 07:00:00,D,7,4,1,1001,10.0,1337.99,4,1134.46
2026-01-18 08:00:00,A,8,4,1,1211,16.31,1393.03,5,1279.72
2026-01-18 08:00:00,B,8,4,1,807,17.43,866.1,6,946.09
2026-01-18 08:00:00,C,8,4,1,1003,26.85,1099.31,4,1192.31
2026-01-18 08:00:00,D,8,4,1,949,10.0,1267.92,4,1226.38
2026-01-18 09:00:00,A,9,4,1,1237,21.76,1240.28,5,1215.89
2026-01-18 09:00:00,B,9,4,1,707,18.83,828.31,6,972.97
2026-01-18 09:00:00,C,9,4,1,1022,10.0,1027.03,4,1175.67
2026-01-18 09:00:00,D,9,4,1,813,26.18,1134.1,4,1114.11
2026-01-18 10:00:00,A,10,4,0,817,10.0,746.18,5,747.45
2026-01-18 10:00:00,B,10,4,0,471,10.0,518.65,6,547.66
2026-01-18 10:00:00,C,10,4,0,695,10.0,751.51,4,669.76
2026-01-18 10:00:00,D,10,4,0,534,10.0,725.26,4,615.75
2026-01-18 11:00:00,A,11,4,0,563,19.37,620.32,5,666.79
2026-01-18 11:00:00,B,11,4,0,492,22.81,622.36,6,464.82
2026-01-18 11:00:00,C,11,4,0,561,26.95,564.07,4,610.35
2026-01-18 11:00:00,D,11,4,0,553,17.16,662.14,4,619.02
2026-01-18 12:00:00,A,12,4,0,543,10.0,753.36,5,573.85
2026-01-18 12:00:00,B,12,4,0,355,10.0,517.25,6,441.51
2026-01-18 12:00:00,C,12,4,0,515,10.0,530.19,4,583.3
2026-01-18 12:00:00,D,12,4,0,435,10.0,576.23,4,568.8
2026-01-18 13:00:00,A,13,4,0,519,11.1,620.77,5,553.88
2026-01-18 13:00:00,B,13,4,0,377,12.33,490.15,6,452.66
2026-01-18 13:00:00,C,13,4,0,419,10.97,603.34,4,533.62
2026-01-18 13:00:00,D,13,4,0,490,10.0,564.89,4,550.33
2026-01-18 14:00:00,A,14,4,0,460,10.0,500.88,5,474.61
2026-01-18 14:00:00,B,14,4,0,334,10.0,413.52,6,313.26
2026-01-18 14:00:00,C,14,4,0,374,10.0,486.69,4,495.31
2026-01-18 14:00:00,D,14,4,0,417,22.53,507.97,4,430.89
2026-01-18 15:00:00,A,15,4,0,485,15.62,441.84,5,374.69
2026-01-18 15:00:00,B,15,4,0,359,10.0,340.28,6,383.94
2026-01-18 15:00:00,C,15,4,0,363,10.17,380.31,4,408.0
2026-01-18 15:00:00,D,15,4,0,361,24.43,404.46,4,393.08
2026-01-18 16:00:00,A,16,4,1,613,10.0,668.61,5,626.04
2026-01-18 16:00:00,B,16,4,1,463,10.0,477.39,6,544.81
2026-01-18 16:00:00,C,16,4,1,421,10.0,591.51,4,677.91
2026-01-18 16:00:00,D,16,4,1,468,21.53,462.19,4,609.93
2026-01-18 17:00:00,A,17,4,1,469,10.0,599.53,5,669.52
2026-01-18 17:00:00,B,17,4,1,303,18.37,478.5,6,495.42
2026-01-18 17:00:00,C,17,4,1,466,11.55,449.27,4,555.95
2026-01-18 17:00:00,D,17,4,1,486,10.0,456.8,4,618.72
2026-01-18 18:00:00,A,18,4,1,519,10.0,564.51,5,733.57
2026-01-18 18:00:00,B,18,4,1,352,21.9,390.08,6,533.92
2026-01-18 18:00:00,C,18,4,1,527,17.76,468.3,4,637.8
2026-01-18 18:00:00,D,18,4,1,366,10.0,426.61,4,580.76
2026-01-18 19:00:00,A,19,4,1,416,10.0,676.61,5,607.26
2026-01-18 19:00:00,B,19,4,1,379,22.63,380.58,6,601.82
2026-01-18 19:00:00,C,19,4,1,410,10.0,568.74,4,606.74
2026-01-18 19:00:00,D,19,4,1,502,12.22,518.87,4,587.27
2026-01-18 20:00:00,A,20,4,0,346,10.0,446.92,5,355.14
2026-01-18 20:00:00,B,20,4,0,232,27.38,293.3,6,230.31
2026-01-18 20:00:00,C,20,4,0,295,10.0,380.92,4,305.65
2026-01-18 20:00:00,D,20,4,0,315,10.0,353.71,4,349.39
2026-01-18 21:00:00,A,21,4,0,444,10.0,550.66,5,479.98
2026-01-18 21:00:00,B,21,4,0,348,10.0,351.75,6,264.85
2026-01-18 21:00:00,C,21,4,0,389,13.41,439.41,4,393.27
2026-01-18 21:00:00,D,21,4,0,402,10.0,442.85,4,436.49
2026-01-18 22:00:00,A,22,4,0,480,10.0,616.99,5,427.32
2026-01-18 22:00:00,B,22,4,0,306,19.36,351.05,6,449.88
2026-01-18 22:00:00,C,22,4,0,420,10.0,558.75,4,330.93
2026-01-18 22:00:00,D,22,4,0,455,10.0,504.55,4,485.01
2026-01-18 23:00:00,A,23,4,0,497,19.57,555.81,5,518.7
2026-01-18 23:00:00,B,23,4,0,329,10.0,384.28,6,424.12
2026-01-18 23:00:00,C,23,4,0,418,15.02,473.74,4,540.87
2026-01-18 23:00:00,D,23,4,0,416,11.43,447.12,4,550.62
2026-01-19 00:00:00,A,0,5,0,495,10.0,585.98,5,696.99
2026-01-19 00:00:00,B,0,5,0,385,10.0,546.32,6,492.02
2026-01-19 00:00:00,C,0,5,0,507,10.0,561.56,4,563.02
2026-01-19 00:00:00,D,0,5,0,527,10.0,672.57,4,535.11
2026-01-19 01:00:00,A,1,5,0,531,21.2,788.44,5,676.17
2026-01-19 01:00:00,B,1,5,0,424,10.0,554.94,6,533.48
2026-01-19 01:00:00,C,1,5,0,551,36.31,713.17,4,654.39
2026-01-19 01:00:00,D,1,5,0,529,10.0,722.69,4,530.89
2026-01-19 02:00:00,A,2,5,0,568,10.0,700.12,5,724.31
2026-01-19 02:00:00,B,2,5,0,600,10.0,552.12,6,531.83
2026-01-19 02:00:00,C,2,5,0,597,13.59,733.5,4,673.72
2026-01-19 02:00:00,D,2,5,0,595,10.0,818.45,4,707.87
2026-01-19 03:00:00,A,3,5,0,838,10.0,967.99,5,805.8
2026-01-19 03:00:00,B,3,5,0,536,10.0,673.0,6,605.28
2026-01-19 03:00:00,C,3,5,0,624,21.04,865.09,4,849.53
2026-01-19 03:00:00,D,3,5,0,565,10.0,745.15,4,682.96
2026-01-19 04:00:00,A,4,5,0,765,10.0,1018.35,5,810.82
2026-01-19 04:00:00,B,4,5,0,638,10.08,743.32,6,527.22
2026-01-19 04:00:00,C,4,5,0,805,10.0,777.21,4,778.02
2026-01-19 04:00:00,D,4,5,0,573,18.98,792.58,4,791.45
2026-01-19 05:00:00,A,5,5,0,733,10.0,1026.31,5,906.47
2026-01-19 05:00:00,B,5,5,0,597,20.52,596.22,6,619.11
2026-01-19 05:00:00,C,5,5,0,620,20.35,874.22,4,716.65
2026-01-19 05:00:00,D,5,5,0,716,10.0,821.11,4,754.73
2026-01-19 06:00:00,A,6,5,0,917,10.0,834.35,5,904.17
2026-01-19 06:00:00,B,6,5,0,666,10.0,715.4,6,637.03
2026-01-19 06:00:00,C,6,5,0,716,10.0,942.94,4,789.85
2026-01-19 06:00:00,D,6,5,0,615,10.0,798.04,4,743.2
2026-01-19 07:00:00,A,7,5,1,1037,17.75,1270.05,5,1315.16
2026-01-19 07:00:00,B,7,5,1,842,10.0,987.2,6,1026.37
2026-01-19 07:00:00,C,7,5,1,1210,24.37,1305.57,4,1270.36
2026-01-19 07:00:00,D,7,5,1,939,10.0,1202.2,4,1162.41
2026-01-19 08:00:00,A,8,5,1,896,27.77,1222.06,5,1279.6
2026-01-19 08:00:00,B,8,5,1,812,14.28,812.76,6,907.65
2026-01-19 08:00:00,C,8,5,1,909,10.0,1228.73,4,1193.08
2026-01-19 08:00:00,D,8,5,1,820,10.0,1282.94,4,1200.9
2026-01-19 09:00:00,A,9,5,1,947,10.0,1371.96,5,1261.28
2026-01-19 09:00:00,B,9,5,1,818,16.34,917.29,6,911.24
2026-01-19 09:00:00,C,9,5,1,939,10.0,1153.13,4,1089.63
2026-01-19 09:00:00,D,9,5,1,957,18.96,1040.47,4,1142.06
2026-01-19 10:00:00,A,10,5,0,663,14.88,930.0,5,742.25
2026-01-19 10:00:00,B,10,5,0,549,12.04,597.42,6,434.7
2026-01-19 10:00:00,C,10,5,0,522,10.0,700.12,4,752.57
2026-01-19 10:00:00,D,10,5,0,664,10.0,713.23,4,712.09
2026-01-19 11:00:00,A,11,5,0,689,10.0,823.7,5,752.45
2026-01-19 11:00:00,B,11,5,0,513,10.0,564.16,6,526.14
2026-01-19 11:00:00,C,11,5,0,556,10.0,681.2,4,637.64
2026-01-19 11:00:00,D,11,5,0,646,10.0,653.36,4,612.64
2026-01-19 12:00:00,A,12,5,0,561,10.0,676.54,5,657.66
2026-01-19 12:00:00,B,12,5,0,396,10.43,437.2,6,430.49
2026-01-19 12:00:00,C,12,5,0,548,10.0,606.66,4,528.62
2026-01-19 12:00:00,D,12,5,0,541,10.0,520.66,4,588.87
2026-01-19 13:00:00,A,13,5,0,532,10.0,599.37,5,578.44
2026-01-19 13:00:00,B,13,5,0,395,10.0,370.05,6,457.01
2026-01-19 13:00:00,C,13,5,0,425,27.82,542.46,4,383.83
2026-01-19 13:00:00,D,13,5,0,381,10.0,514.77,4,476.03
2026-01-19 14:00:00,A,14,5,0,497,10.0,621.1,5,491.45
2026-01-19 14:00:00,B,14,5,0,350,10.0,420.61,6,454.47
2026-01-19 14:00:00,C,14,5,0,489,10.0,472.02,4,475.86
2026-01-19 14:00:00,D,14,5,0,394,10.64,454.77,4,379.31
2026-01-19 15:00:00,A,15,5,0,387,10.0,455.53,5,484.38
2026-01-19 15:00:00,B,15,5,0,349,20.64,307.18,6,315.85
2026-01-19 15:00:00,C,15,5,0,354,10.0,410.0,4,382.06
2026-01-19 15:00:00,D,15,5,0,375,10.0,362.3,4,381.24
2026-01-19 16:00:00,A,16,5,1,504,10.0,634.71,5,628.15
2026-01-19 16:00:00,B,16,5,1,365,10.0,453.9,6,510.16
2026-01-19 16:00:00,C,16,5,1,511,13.97,489.87,4,685.79
2026-01-19 16:00:00,D,16,5,1,555,10.0,603.43,4,576.49
2026-01-19 17:00:00,A,17,5,1,526,10.0,538.39,5,566.42
2026-01-19 17:00:00,B,17,5,1,326,21.5,401.41,6,480.07
2026-01-19 17:00:00,C,17,5,1,370,10.0,462.52,4,650.25
2026-01-19 17:00:00,D,17,5,1,448,25.97,591.0,4,631.17
2026-01-19 18:00:00,A,18,5,1,549,10.0,536.24,5,667.21
2026-01-19 18:00:00,B,18,5,1,341,24.65,458.51,6,470.87
2026-01-19 18:00:00,C,18,5,1,484,10.0,532.6,4,554.38
2026-01-19 18:00:00,D,18,5,1,450,10.21,529.59,4,565.39
2026-01-19 19:00:00,A,19,5,1,503,10.0,638.38,5,683.77
2026-01-19 19:00:00,B,19,5,1,424,10.0,380.22,6,503.53
2026-01-19 19:00:00,C,19,5,1,492,10.0,608.53,4,678.37
2026-01-19 19:00:00,D,19,5,1,479,14.6,548.91,4,576.34
2026-01-19 20:00:00,A,20,5,0,345,10.0,447.49,5,492.09
2026-01-19 20:00:00,B,20,5,0,286,23.7,319.77,6,321.36
2026-01-19 20:00:00,C,20,5,0,369,10.0,431.61,4,316.08
2026-01-19 20:00:00,D,20,5,0,393,10.0,437.13,4,305.23
2026-01-19 21:00:00,A,21,5,0,410,17.59,501.74,5,395.57
2026-01-19 21:00:00,B,21,5,0,349,10.0,357.28,6,247.73
2026-01-19 21:00:00,C,21,5,0,359,10.0,388.9,4,437.98
2026-01-19 21:00:00,D,21,5,0,380,10.0,434.55,4,398.8
2026-01-19 22:00:00,A,22,5,0,418,10.0,584.45,5,428.75
2026-01-19 22:00:00,B,22,5,0,378,10.0,399.98,6,359.26
2026-01-19 22:00:00,C,22,5,0,491,11.81,530.21,4,500.34
2026-01-19 22:00:00,D,22,5,0,380,13.02,439.85,4,457.33
2026-01-19 23:00:00,A,23,5,0,421,10.0,620.49,5,570.54
2026-01-19 23:00:00,B,23,5,0,436,10.0,386.22,6,414.82
2026-01-19 23:00:00,C,23,5,0,509,10.0,596.07,4,611.17
2026-01-19 23:00:00,D,23,5,0,500,10.0,594.99,4,405.79
2026-01-20 00:00:00,A,0,6,0,662,10.0,692.35,5,613.35
2026-01-20 00:00:00,B,0,6,0,342,14.84,539.93,6,473.98
2026-01-20 00:00:00,C,0,6,0,424,10.0,522.13,4,626.24
2026-01-20 00:00:00,D,0,6,0,488,25.89,543.82,4,585.43
2026-01-20 01:00:00,A,1,6,0,754,10.0,626.23,5,675.14
2026-01-20 01:00:00,B,1,6,0,395,10.0,512.29,6,558.57
2026-01-20 01:00:00,C,1,6,0,600,10.0,690.79,4,621.6
2026-01-20 01:00:00,D,1,6,0,502,10.0,548.44,4,563.83
2026-01-20 02:00:00,A,2,6,0,589,33.11,717.45,5,748.31
2026-01-20 02:00:00,B,2,6,0,537,23.12,662.36,6,534.19
2026-01-20 02:00:00,C,2,6,0,735,10.0,629.33,4,706.1
2026-01-20 02:00:00,D,2,6,0,615,18.57,684.7,4,714.55
2026-01-20 03:00:00,A,3,6,0,704,10.0,994.92,5,834.68
2026-01-20 03:00:00,B,3,6,0,614,10.0,552.08,6,590.43
2026-01-20 03:00:00,C,3,6,0,586,10.0,799.06,4,706.5
2026-01-20 03:00:00,D,3,6,0,624,10.0,705.06,4,661.76
2026-01-20 04:00:00,A,4,6,0,756,18.93,967.77,5,823.31
2026-01-20 04:00:00,B,4,6,0,526,16.41,695.54,6,575.7
2026-01-20 04:00:00,C,4,6,0,630,10.0,895.17,4,712.87
2026-01-20 04:00:00,D,4,6,0,768,10.0,698.96,4,710.23
2026-01-20 05:00:00,A,5,6,0,840,10.0,1019.27,5,818.92
2026-01-20 05:00:00,B,5,6,0,514,10.0,733.96,6,660.55
2026-01-20 05:00:00,C,5,6,0,815,14.74,835.04,4,708.58
2026-01-20 05:00:00,D,5,6,0,702,10.0,869.85,4,750.3
2026-01-20 06:00:00,A,6,6,0,759,24.13,858.07,5,864.59
2026-01-20 06:00:00,B,6,6,0,539,10.0,702.35,6,577.71
2026-01-20 06:00:00,C,6,6,0,685,10.0,887.9,4,726.53
2026-01-20 06:00:00,D,6,6,0,763,10.0,954.62,4,837.65
2026-01-20 07:00:00,A,7,6,1,1083,10.0,1448.95,5,1326.89
2026-01-20 07:00:00,B,7,6,1,797,10.0,878.1,6,980.35
2026-01-20 07:00:00,C,7,6,1,944,10.87,1367.4,4,1305.71
2026-01-20 07:00:00,D,7,6,1,1136,25.62,1096.06,4,1271.09
2026-01-20 08:00:00,A,8,6,1,947,21.33,1258.89,5,1290.99
2026-01-20 08:00:00,B,8,6,1,694,10.0,876.99,6,947.37
2026-01-20 08:00:00,C,8,6,1,966,10.0,1236.05,4,1175.86
2026-01-20 08:00:00,D,8,6,1,1104,26.27,1229.69,4,1227.89
2026-01-20 09:00:00,A,9,6,1,1140,38.22,1155.3,5,1253.45
2026-01-20 09:00:00,B,9,6,1,911,10.0,907.83,6,1003.71
2026-01-20 09:00:00,C,9,6,1,1076,15.27,1212.62,4,1223.61
2026-01-20 09:00:00,D,9,6,1,958,27.68,970.66,4,1093.07
2026-01-20 10:00:00,A,10,6,0,806,10.0,823.5,5,698.75
2026-01-20 10:00:00,B,10,6,0,513,10.0,629.98,6,523.45
2026-01-20 10:00:00,C,10,6,0,682,10.0,728.45,4,708.13
2026-01-20 10:00:00,D,10,6,0,524,10.0,679.25,4,665.82
2026-01-20 11:00:00,A,11,6,0,579,10.0,842.03,5,656.24
2026-01-20 11:00:00,B,11,6,0,389,10.0,574.4,6,430.98
2026-01-20 11:00:00,C,11,6,0,502,10.0,616.92,4,556.93
2026-01-20 11:00:00,D,11,6,0,575,10.0,660.51,4,615.98
2026-01-20 12:00:00,A,12,6,0,497,22.93,735.44,5,587.68
2026-01-20 12:00:00,B,12,6,0,402,10.0,522.89,6,428.98
2026-01-20 12:00:00,C,12,6,0,543,10.0,508.71,4,631.12
2026-01-20 12:00:00,D,12,6,0,448,10.0,601.86,4,574.8
2026-01-20 13:00:00,A,13,6,0,549,24.83,604.15,5,541.14
2026-01-20 13:00:00,B,13,6,0,405,10.0,484.56,6,371.89
2026-01-20 13:00:00,C,13,6,0,417,10.0,503.74,4,557.37
2026-01-20 13:00:00,D,13,6,0,485,28.34,536.09,4,501.2
2026-01-20 14:00:00,A,14,6,0,408,12.87,453.98,5,544.08
2026-01-20 14:00:00,B,14,6,0,299,24.17,367.01,6,453.21
2026-01-20 14:00:00,C,14,6,0,396,10.0,501.76,4,425.35
2026-01-20 14:00:00,D,14,6,0,419,10.0,471.95,4,410.62
2026-01-20 15:00:00,A,15,6,0,409,10.0,512.96,5,467.25
2026-01-20 15:00:00,B,15,6,0,335,10.0,394.94,6,345.5
2026-01-20 15:00:00,C,15,6,0,424,14.9,439.74,4,406.67
2026-01-20 15:00:00,D,15,6,0,359,10.0,430.79,4,380.85
2026-01-20 16:00:00,A,16,6,1,612,10.0,663.92,5,734.53
2026-01-20 16:00:00,B,16,6,1,400,14.03,460.78,6,528.29
2026-01-20 16:00:00,C,16,6,1,559,10.0,528.55,4,630.32
2026-01-20 16:00:00,D,16,6,1,387,10.0,613.84,4,596.5
2026-01-20 17:00:00,A,17,6,1,481,19.4,622.98,5,650.42
2026-01-20 17:00:00,B,17,6,1,397,10.0,441.7,6,446.58
2026-01-20 17:00:00,C,17,6,1,528,16.46,468.42,4,594.1
2026-01-20 17:00:00,D,17,6,1,456,10.0,565.8,4,615.12
2026-01-20 18:00:00,A,18,6,1,552,16.3,545.75,5,648.77
2026-01-20 18:00:00,B,18,6,1,384,10.0,436.5,6,446.09
2026-01-20 18:00:00,C,18,6,1,436,10.0,583.79,4,596.87
2026-01-20 18:00:00,D,18,6,1,439,10.0,566.64,4,602.44
2026-01-20 19:00:00,A,19,6,1,431,10.0,501.99,5,628.23
2026-01-20 19:00:00,B,19,6,1,353,10.0,410.43,6,487.36
2026-01-20 19:00:00,C,19,6,1,517,34.18,494.7,4,575.18
2026-01-20 19:00:00,D,19,6,1,368,10.0,508.89,4,627.78
2026-01-20 20:00:00,A,20,6,0,410,14.31,423.14,5,388.05
2026-01-20 20:00:00,B,20,6,0,252,10.0,369.21,6,317.61
2026-01-20 20:00:00,C,20,6,0,323,10.41,359.06,4,374.69
2026-01-20 20:00:00,D,20,6,0,352,13.21,373.83,4,372.1
2026-01-20 21:00:00,A,21,6,0,421,10.0,423.45,5,457.46
2026-01-20 21:00:00,B,21,6,0,281,10.0,394.81,6,361.84
2026-01-20 21:00:00,C,21,6,0,341,10.0,412.14,4,485.06
2026-01-20 21:00:00,D,21,6,0,429,10.0,361.39,4,373.89
2026-01-20 22:00:00,A,22,6,0,498,20.79,534.71,5,494.36
2026-01-20 22:00:00,B,22,6,0,335,10.0,363.58,6,380.01
2026-01-20 22:00:00,C,22,6,0,367,10.0,547.75,4,478.33
2026-01-20 22:00:00,D,22,6,0,472,12.2,423.63,4,415.83
2026-01-20 23:00:00,A,23,6,0,525,10.0,561.85,5,515.79
2026-01-20 23:00:00,B,23,6,0,318,18.47,446.37,6,400.32
2026-01-20 23:00:00,C,23,6,0,442,14.21,530.4,4,538.86
2026-01-20 23:00:00,D,23,6,0,392,10.0,609.04,4,458.18
2026-01-21 00:00:00,A,0,7,0,456,14.16,653.19,5,599.79
2026-01-21 00:00:00,B,0,7,0,361,10.0,433.19,6,418.3
2026-01-21 00:00:00,C,0,7,0,479,10.0,648.28,4,523.79
2026-01-21 00:00:00,D,0,7,0,496,10.0,661.22,4,534.6
2026-01-21 01:00:00,A,1,7,0,620,10.0,668.13,5,651.68
2026-01-21 01:00:00,B,1,7,0,461,10.0,595.95,6,506.52
2026-01-21 01:00:00,C,1,7,0,467,15.99,696.51,4,644.27
2026-01-21 01:00:00,D,1,7,0,480,10.0,659.87,4,636.44
2026-01-21 02:00:00,A,2,7,0,565,10.0,761.75,5,704.57
2026-01-21 02:00:00,B,2,7,0,531,10.0,523.86,6,419.02
2026-01-21 02:00:00,C,2,7,0,623,11.01,809.08,4,667.81
2026-01-21 02:00:00,D,2,7,0,635,10.0,756.29,4,613.46
2026-01-21 03:00:00,A,3,7,0,599,10.0,693.02,5,753.37
2026-01-21 03:00:00,B,3,7,0,593,10.0,548.44,6,513.75
2026-01-21 03:00:00,C,3,7,0,532,19.98,797.3,4,674.46
2026-01-21 03:00:00,D,3,7,0,566,10.71,763.31,4,706.34
2026-01-21 04:00:00,A,4,7,0,873,12.37,842.54,5,835.4
2026-01-21 04:00:00,B,4,7,0,465,10.43,680.11,6,561.84
2026-01-21 04:00:00,C,4,7,0,556,10.0,777.76,4,779.6
2026-01-21 04:00:00,D,4,7,0,587,10.0,878.54,4,714.18
2026-01-21 05:00:00,A,5,7,0,673,13.44,972.85,5,898.34
2026-01-21 05:00:00,B,5,7,0,537,17.66,620.21,6,567.55
2026-01-21 05:00:00,C,5,7,0,673,10.91,800.33,4,761.5
2026-01-21 05:00:00,D,5,7,0,747,10.0,789.14,4,736.6
2026-01-21 06:00:00,A,6,7,0,634,10.0,985.09,5,831.86
2026-01-21 06:00:00,B,6,7,0,673,10.0,555.26,6,530.14
2026-01-21 06:00:00,C,6,7,0,765,10.0,709.67,4,744.1
2026-01-21 06:00:00,D,6,7,0,562,25.72,796.74,4,748.55
2026-01-21 07:00:00,A,7,7,1,1077,10.0,1375.47,5,1291.86
2026-01-21 07:00:00,B,7,7,1,910,10.0,1006.12,6,928.49
2026-01-21 07:00:00,C,7,7,1,1011,18.92,1187.24,4,1247.58
2026-01-21 07:00:00,D,7,7,1,978,10.0,1204.2,4,1213.86
2026-01-21 08:00:00,A,8,7,1,874,39.56,1311.58,5,1354.0
2026-01-21 08:00:00,B,8,7,1,682,23.07,863.72,6,908.17
2026-01-21 08:00:00,C,8,7,1,1065,10.0,1023.86,4,1184.16
2026-01-21 08:00:00,D,8,7,1,798,10.0,981.38,4,1048.34
2026-01-21 09:00:00,A,9,7,1,1196,10.0,1008.16,5,1238.61
2026-01-21 09:00:00,B,9,7,1,679,10.0,955.5,6,916.91
2026-01-21 09:00:00,C,9,7,1,1086,10.0,1028.91,4,1088.6
2026-01-21 09:00:00,D,9,7,1,749,16.17,980.37,4,1065.39
2026-01-21 10:00:00,A,10,7,0,707,20.81,647.64,5,721.16
2026-01-21 10:00:00,B,10,7,0,562,10.0,512.55,6,553.55
2026-01-21 10:00:00,C,10,7,0,689,12.68,656.74,4,609.17
2026-01-21 10:00:00,D,10,7,0,574,10.0,636.45,4,550.55
2026-01-21 11:00:00,A,11,7,0,641,10.0,798.06,5,624.22
2026-01-21 11:00:00,B,11,7,0,522,10.0,598.86,6,474.97
2026-01-21 11:00:00,C,11,7,0,652,10.0,611.81,4,592.38
2026-01-21 11:00:00,D,11,7,0,513,10.0,531.12,4,600.95
2026-01-21 12:00:00,A,12,7,0,565,10.0,571.79,5,638.84
2026-01-21 12:00:00,B,12,7,0,422,10.0,415.59,6,506.62
2026-01-21 12:00:00,C,12,7,0,561,10.0,556.66,4,528.21
2026-01-21 12:00:00,D,12,7,0,452,10.0,590.19,4,539.84
2026-01-21 13:00:00,A,13,7,0,589,10.0,558.37,5,577.65
2026-01-21 13:00:00,B,13,7,0,417,10.0,422.87,6,357.9
2026-01-21 13:00:00,C,13,7,0,418,10.0,568.13,4,477.83
2026-01-21 13:00:00,D,13,7,0,467,10.0,554.34,4,409.15
2026-01-21 14:00:00,A,14,7,0,408,10.0,498.08,5,525.57
2026-01-21 14:00:00,B,14,7,0,301,19.13,403.5,6,383.48
2026-01-21 14:00:00,C,14,7,0,387,10.0,405.28,4,437.41
2026-01-21 14:00:00,D,14,7,0,325,17.61,521.25,4,404.11
2026-01-21 15:00:00,A,15,7,0,455,10.0,462.36,5,477.87
2026-01-21 15:00:00,B,15,7,0,290,17.58,294.82,6,313.75
2026-01-21 15:00:00,C,15,7,0,295,10.0,426.55,4,317.86
2026-01-21 15:00:00,D,15,7,0,377,10.0,384.88,4,353.5
2026-01-21 16:00:00,A,16,7,1,483,10.0,517.22,5,663.84
2026-01-21 16:00:00,B,16,7,1,383,10.0,486.4,6,448.08
2026-01-21 16:00:00,C,16,7,1,521,10.0,494.18,4,623.56
2026-01-21 16:00:00,D,16,7,1,445,10.0,471.19,4,577.62
2026-01-21 17:00:00,A,17,7,1,422,19.08,594.37,5,590.46
2026-01-21 17:00:00,B,17,7,1,374,10.0,450.18,6,537.99
2026-01-21 17:00:00,C,17,7,1,513,10.0,593.49,4,568.22
2026-01-21 17:00:00,D,17,7,1,393,10.0,495.46,4,566.28
2026-01-21 18:00:00,A,18,7,1,566,10.0,627.55,5,568.03
2026-01-21 18:00:00,B,18,7,1,285,10.0,398.05,6,474.02
2026-01-21 18:00:00,C,18,7,1,410,10.0,499.76,4,617.43
2026-01-21 18:00:00,D,18,7,1,407,10.0,414.92,4,537.95
2026-01-21 19:00:00,A,19,7,1,453,10.0,519.42,5,600.45
2026-01-21 19:00:00,B,19,7,1,310,10.0,361.27,6,440.13
2026-01-21 19:00:00,C,19,7,1,428,10.0,520.31,4,579.88
2026-01-21 19:00:00,D,19,7,1,410,10.0,448.67,4,508.11
2026-01-21 20:00:00,A,20,7,0,351,10.0,411.24,5,412.24
2026-01-21 20:00:00,B,20,7,0,268,20.26,284.42,6,304.56
2026-01-21 20:00:00,C,20,7,0,289,23.57,413.03,4,323.87
2026-01-21 20:00:00,D,20,7,0,363,21.51,318.05,4,366.14
2026-01-21 21:00:00,A,21,7,0,412,10.0,403.67,5,420.04
2026-01-21 21:00:00,B,21,7,0,272,10.0,353.9,6,286.98
2026-01-21 21:00:00,C,21,7,0,391,22.34,460.56,4,377.48
2026-01-21 21:00:00,D,21,7,0,352,10.0,353.64,4,410.2
2026-01-21 22:00:00,A,22,7,0,491,12.03,567.23,5,485.72
2026-01-21 22:00:00,B,22,7,0,297,21.28,380.89,6,367.21
2026-01-21 22:00:00,C,22,7,0,461,10.0,518.84,4,416.48
2026-01-21 22:00:00,D,22,7,0,335,10.0,443.75,4,435.18
2026-01-21 23:00:00,A,23,7,0,468,11.12,547.75,5,564.95
2026-01-21 23:00:00,B,23,7,0,381,10.0,387.51,6,383.09
2026-01-21 23:00:00,C,23,7,0,529,10.0,559.48,4,483.66
2026-01-21 23:00:00,D,23,7,0,370,15.23,435.48,4,393.84
2026-01-22 00:00:00,A,0,1,0,490,10.0,681.37,5,554.24
2026-01-22 00:00:00,B,0,1,0,445,27.36,424.13,6,488.57
2026-01-22 00:00:00,C,0,1,0,477,10.0,581.97,4,481.95
2026-01-22 00:00:00,D,0,1,0,497,10.0,604.43,4,570.64
2026-01-22 01:00:00,A,1,1,0,536,10.0,758.57,5,659.59
2026-01-22 01:00:00,B,1,1,0,403,12.98,541.17,6,429.79
2026-01-22 01:00:00,C,1,1,0,488,10.0,616.05,4,578.23
2026-01-22 01:00:00,D,1,1,0,483,10.0,597.75,4,553.23
2026-01-22 02:00:00,A,2,1,0,776,15.97,842.0,5,779.4
2026-01-22 02:00:00,B,2,1,0,522,10.0,496.36,6,539.22
2026-01-22 02:00:00,C,2,1,0,612,10.0,709.52,4,572.69
2026-01-22 02:00:00,D,2,1,0,620,10.0,787.46,4,551.8
2026-01-22 03:00:00,A,3,1,0,841,10.0,775.69,5,765.18
2026-01-22 03:00:00,B,3,1,0,578,12.62,659.6,6,571.39
2026-01-22 03:00:00,C,3,1,0,542,16.09,858.75,4,656.31
2026-01-22 03:00:00,D,3,1,0,571,20.36,754.13,4,740.47
2026-01-22 04:00:00,A,4,1,0,851,10.0,933.56,5,736.33
2026-01-22 04:00:00,B,4,1,0,463,10.0,543.93,6,563.65
2026-01-22 04:00:00,C,4,1,0,601,10.0,784.15,4,738.12
2026-01-22 04:00:00,D,4,1,0,679,16.75,777.39,4,673.11
2026-01-22 05:00:00,A,5,1,0,679,19.81,821.95,5,797.8
2026-01-22 05:00:00,B,5,1,0,584,30.76,723.71,6,661.37
2026-01-22 05:00:00,C,5,1,0,567,10.0,707.78,4,691.62
2026-01-22 05:00:00,D,5,1,0,559,10.0,811.18,4,699.64
2026-01-22 06:00:00,A,6,1,0,787,13.36,830.05,5,753.3
2026-01-22 06:00:00,B,6,1,0,667,10.0,689.42,6,634.45
2026-01-22 06:00:00,C,6,1,0,655,10.0,753.43,4,735.54
2026-01-22 06:00:00,D,6,1,0,633,15.07,682.04,4,783.3
2026-01-22 07:00:00,A,7,1,1,1115,24.06,1364.54,5,1328.91
2026-01-22 07:00:00,B,7,1,1,769,10.0,813.71,6,965.67
2026-01-22 07:00:00,C,7,1,1,1167,10.0,1187.4,4,1132.82
2026-01-22 07:00:00,D,7,1,1,1137,10.0,1079.24,4,1208.67
2026-01-22 08:00:00,A,8,1,1,1117,10.0,1425.74,5,1213.15
2026-01-22 08:00:00,B,8,1,1,924,20.49,910.18,6,891.37
2026-01-22 08:00:00,C,8,1,1,1112,10.75,1089.9,4,1061.16
2026-01-22 08:00:00,D,8,1,1,1099,27.94,1236.22,4,1198.96
2026-01-22 09:00:00,A,9,1,1,1139,10.0,1241.64,5,1204.89
2026-01-22 09:00:00,B,9,1,1,655,10.0,961.95,6,870.36
2026-01-22 09:00:00,C,9,1,1,849,10.0,897.01,4,1130.13
2026-01-22 09:00:00,D,9,1,1,943,14.93,900.17,4,1103.46
2026-01-22 10:00:00,A,10,1,0,592,10.0,699.77,5,745.6
2026-01-22 10:00:00,B,10,1,0,503,10.0,502.74,6,532.78
2026-01-22 10:00:00,C,10,1,0,552,10.0,795.48,4,635.86
2026-01-22 10:00:00,D,10,1,0,673,10.0,716.91,4,547.67
2026-01-22 11:00:00,A,11,1,0,578,10.0,787.4,5,681.47
2026-01-22 11:00:00,B,11,1,0,386,10.0,451.71,6,417.24
2026-01-22 11:00:00,C,11,1,0,481,10.0,681.09,4,572.14
2026-01-22 11:00:00,D,11,1,0,456,17.57,629.65,4,533.87
2026-01-22 12:00:00,A,12,1,0,558,10.0,671.52,5,613.6
2026-01-22 12:00:00,B,12,1,0,456,10.0,512.59,6,426.43
2026-01-22 12:00:00,C,12,1,0,481,30.31,657.29,4,567.36
2026-01-22 12:00:00,D,12,1,0,539,10.0,647.72,4,459.26
2026-01-22 13:00:00,A,13,1,0,527,10.0,659.78,5,482.24
2026-01-22 13:00:00,B,13,1,0,301,10.0,365.46,6,352.64
2026-01-22 13:00:00,C,13,1,0,403,15.68,459.04,4,422.59
2026-01-22 13:00:00,D,13,1,0,402,14.27,519.65,4,491.88
2026-01-22 14:00:00,A,14,1,0,450,10.0,560.44,5,436.38
2026-01-22 14:00:00,B,14,1,0,380,11.49,417.43,6,225.84
2026-01-22 14:00:00,C,14,1,0,325,10.0,491.6,4,495.08
2026-01-22 14:00:00,D,14,1,0,366,15.48,494.03,4,494.63
2026-01-22 15:00:00,A,15,1,0,464,10.0,415.29,5,420.29
2026-01-22 15:00:00,B,15,1,0,277,10.0,308.93,6,408.9
2026-01-22 15:00:00,C,15,1,0,371,10.0,479.39,4,334.2
2026-01-22 15:00:00,D,15,1,0,285,18.24,416.41,4,369.18
2026-01-22 16:00:00,A,16,1,1,437,10.0,588.99,5,636.89
2026-01-22 16:00:00,B,16,1,1,428,15.36,393.25,6,537.6
2026-01-22 16:00:00,C,16,1,1,507,11.31,621.36,4,672.89
2026-01-22 16:00:00,D,16,1,1,440,10.0,541.89,4,572.67
2026-01-22 17:00:00,A,17,1,1,567,10.0,641.33,5,682.74
2026-01-22 17:00:00,B,17,1,1,384,10.0,423.99,6,478.53
2026-01-22 17:00:00,C,17,1,1,448,10.0,535.93,4,550.48
2026-01-22 17:00:00,D,17,1,1,370,10.0,572.3,4,566.97
2026-01-22 18:00:00,A,18,1,1,463,10.0,485.95,5,656.85
2026-01-22 18:00:00,B,18,1,1,412,10.0,368.48,6,520.36
2026-01-22 18:00:00,C,18,1,1,508,14.1,420.21,4,643.74
2026-01-22 18:00:00,D,18,1,1,354,10.0,443.41,4,503.09
2026-01-22 19:00:00,A,19,1,1,568,11.85,497.05,5,614.91
2026-01-22 19:00:00,B,19,1,1,334,10.0,408.58,6,461.65
2026-01-22 19:00:00,C,19,1,1,364,13.52,472.34,4,677.61
2026-01-22 19:00:00,D,19,1,1,423,14.03,431.8,4,552.28
2026-01-22 20:00:00,A,20,1,0,396,12.15,378.99,5,327.37
2026-01-22 20:00:00,B,20,1,0,240,10.0,326.95,6,273.84
2026-01-22 20:00:00,C,20,1,0,302,10.0,392.23,4,331.76
2026-01-22 20:00:00,D,20,1,0,275,10.0,425.72,4,447.88
2026-01-22 21:00:00,A,21,1,0,381,16.96,473.39,5,353.49
2026-01-22 21:00:00,B,21,1,0,313,10.0,323.33,6,278.28
2026-01-22 21:00:00,C,21,1,0,348,24.06,476.96,4,313.93
2026-01-22 21:00:00,D,21,1,0,371,10.0,422.27,4,346.37
2026-01-22 22:00:00,A,22,1,0,402,10.0,564.56,5,512.98
2026-01-22 22:00:00,B,22,1,0,356,10.0,382.41,6,358.63
2026-01-22 22:00:00,C,22,1,0,367,10.0,431.93,4,434.3
2026-01-22 22:00:00,D,22,1,0,355,18.86,470.47,4,497.18
2026-01-22 23:00:00,A,23,1,0,498,10.0,637.53,5,461.07
2026-01-22 23:00:00,B,23,1,0,379,10.0,431.31,6,382.85
2026-01-22 23:00:00,C,23,1,0,404,10.0,583.86,4,435.38
2026-01-22 23:00:00,D,23,1,0,394,10.0,491.79,4,502.37
2026-01-23 00:00:00,A,0,2,0,618,24.31,644.9,5,644.74
2026-01-23 00:00:00,B,0,2,0,496,11.7,442.71,6,450.09
2026-01-23 00:00:00,C,0,2,0,438,10.0,624.52,4,586.01
2026-01-23 00:00:00,D,0,2,0,518,10.0,617.65,4,513.61
2026-01-23 01:00:00,A,1,2,0,639,10.0,681.12,5,685.52
2026-01-23 01:00:00,B,1,2,0,443,10.0,523.18,6,474.23
2026-01-23 01:00:00,C,1,2,0,612,10.0,696.07,4,596.08
2026-01-23 01:00:00,D,1,2,0,650,29.56,572.53,4,628.31
2026-01-23 02:00:00,A,2,2,0,679,10.24,837.65,5,738.19
2026-01-23 02:00:00,B,2,2,0,460,10.0,496.69,6,463.32
2026-01-23 02:00:00,C,2,2,0,602,10.0,680.24,4,600.96
2026-01-23 02:00:00,D,2,2,0,596,10.0,743.93,4,607.21
2026-01-23 03:00:00,A,3,2,0,667,20.53,907.54,5,852.21
2026-01-23 03:00:00,B,3,2,0,524,10.0,700.91,6,519.03
2026-01-23 03:00:00,C,3,2,0,626,10.0,729.82,4,751.17
2026-01-23 03:00:00,D,3,2,0,704,16.88,703.73,4,714.07
2026-01-23 04:00:00,A,4,2,0,698,10.65,1035.31,5,849.34
2026-01-23 04:00:00,B,4,2,0,653,10.0,751.1,6,551.69
2026-01-23 04:00:00,C,4,2,0,747,26.03,929.39,4,765.1
2026-01-23 04:00:00,D,4,2,0,816,10.0,684.28,4,759.62
2026-01-23 05:00:00,A,5,2,0,696,10.0,1064.37,5,910.23
2026-01-23 05:00:00,B,5,2,0,561,15.85,655.54,6,657.18
2026-01-23 05:00:00,C,5,2,0,775,10.0,903.64,4,838.77
2026-01-23 05:00:00,D,5,2,0,672,22.94,894.15,4,722.36
2026-01-23 06:00:00,A,6,2,0,859,13.81,1039.26,5,845.09
2026-01-23 06:00:00,B,6,2,0,642,10.0,783.28,6,700.45
2026-01-23 06:00:00,C,6,2,0,862,15.08,845.37,4,798.48
2026-01-23 06:00:00,D,6,2,0,694,10.0,767.71,4,836.41
2026-01-23 07:00:00,A,7,2,1,1122,39.97,1500.07,5,1291.01
2026-01-23 07:00:00,B,7,2,1,705,10.0,929.33,6,1002.64
2026-01-23 07:00:00,C,7,2,1,966,16.6,1152.45,4,1199.6
2026-01-23 07:00:00,D,7,2,1,1074,57.34,1149.94,4,1198.63
2026-01-23 08:00:00,A,8,2,1,894,10.0,1351.83,5,1276.17
2026-01-23 08:00:00,B,8,2,1,719,28.58,997.36,6,972.63
2026-01-23 08:00:00,C,8,2,1,1067,25.01,1251.48,4,1108.09
2026-01-23 08:00:00,D,8,2,1,1119,21.08,1084.23,4,1125.79
2026-01-23 09:00:00,A,9,2,1,932,18.26,1032.97,5,1206.59
2026-01-23 09:00:00,B,9,2,1,710,10.0,1012.33,6,888.7
2026-01-23 09:00:00,C,9,2,1,791,17.6,935.6,4,1176.5
2026-01-23 09:00:00,D,9,2,1,998,10.0,1207.26,4,1044.65
2026-01-23 10:00:00,A,10,2,0,612,22.09,883.94,5,717.85
2026-01-23 10:00:00,B,10,2,0,451,10.0,507.86,6,503.92
2026-01-23 10:00:00,C,10,2,0,602,13.43,805.27,4,707.23
2026-01-23 10:00:00,D,10,2,0,653,23.64,634.11,4,710.04
2026-01-23 11:00:00,A,11,2,0,668,17.5,820.26,5,683.12
2026-01-23 11:00:00,B,11,2,0,537,10.0,456.97,6,531.76
2026-01-23 11:00:00,C,11,2,0,581,10.0,736.07,4,671.76
2026-01-23 11:00:00,D,11,2,0,648,10.0,692.07,4,530.7
2026-01-23 12:00:00,A,12,2,0,574,11.29,599.12,5,598.15
2026-01-23 12:00:00,B,12,2,0,361,10.0,498.76,6,554.4
2026-01-23 12:00:00,C,12,2,0,506,10.0,573.6,4,502.71
2026-01-23 12:00:00,D,12,2,0,537,10.0,536.59,4,537.32
2026-01-23 13:00:00,A,13,2,0,500,10.48,645.05,5,528.7
2026-01-23 13:00:00,B,13,2,0,322,10.0,438.98,6,419.24
2026-01-23 13:00:00,C,13,2,0,551,10.0,485.47,4,499.98
2026-01-23 13:00:00,D,13,2,0,487,25.22,519.74,4,524.59
2026-01-23 14:00:00,A,14,2,0,385,11.37,527.5,5,524.47
2026-01-23 14:00:00,B,14,2,0,399,16.31,398.2,6,372.16
2026-01-23 14:00:00,C,14,2,0,431,10.0,485.64,4,467.76
2026-01-23 14:00:00,D,14,2,0,360,10.0,541.55,4,499.19
2026-01-23 15:00:00,A,15,2,0,443,10.0,540.61,5,406.28
2026-01-23 15:00:00,B,15,2,0,255,10.0,367.23,6,353.65
2026-01-23 15:00:00,C,15,2,0,351,10.0,497.55,4,354.99
2026-01-23 15:00:00,D,15,2,0,388,13.34,395.1,4,339.45
2026-01-23 16:00:00,A,16,2,1,593,10.0,589.29,5,728.54
2026-01-23 16:00:00,B,16,2,1,318,10.43,522.47,6,501.95
2026-01-23 16:00:00,C,16,2,1,531,10.0,631.24,4,643.38
2026-01-23 16:00:00,D,16,2,1,551,10.0,535.21,4,601.93
2026-01-23 17:00:00,A,17,2,1,468,10.0,633.28,5,599.41
2026-01-23 17:00:00,B,17,2,1,358,10.0,476.6,6,513.26
2026-01-23 17:00:00,C,17,2,1,529,10.0,460.21,4,557.84
2026-01-23 17:00:00,D,17,2,1,393,19.71,457.56,4,559.73
2026-01-23 18:00:00,A,18,2,1,520,10.0,654.13,5,631.3
2026-01-23 18:00:00,B,18,2,1,380,10.11,473.54,6,506.32
2026-01-23 18:00:00,C,18,2,1,425,10.0,541.07,4,587.34
2026-01-23 18:00:00,D,18,2,1,425,10.0,508.08,4,639.38
2026-01-23 19:00:00,A,19,2,1,461,10.0,567.28,5,674.09
2026-01-23 19:00:00,B,19,2,1,336,36.35,466.87,6,557.3
2026-01-23 19:00:00,C,19,2,1,510,10.0,444.56,4,632.33
2026-01-23 19:00:00,D,19,2,1,518,10.0,561.81,4,573.04
2026-01-23 20:00:00,A,20,2,0,335,12.09,481.14,5,362.56
2026-01-23 20:00:00,B,20,2,0,287,10.0,310.4,6,289.4
2026-01-23 20:00:00,C,20,2,0,348,10.0,352.34,4,395.92
2026-01-23 20:00:00,D,20,2,0,291,10.0,327.01,4,337.66
2026-01-23 21:00:00,A,21,2,0,425,17.07,509.43,5,472.99
2026-01-23 21:00:00,B,21,2,0,278,10.0,402.64,6,263.42
2026-01-23 21:00:00,C,21,2,0,359,10.0,434.9,4,346.23
2026-01-23 21:00:00,D,21,2,0,373,14.42,484.96,4,368.55
2026-01-23 22:00:00,A,22,2,0,543,10.0,557.17,5,589.89
2026-01-23 22:00:00,B,22,2,0,378,11.4,345.71,6,281.31
2026-01-23 22:00:00,C,22,2,0,440,10.0,524.33,4,440.57
2026-01-23 22:00:00,D,22,2,0,445,10.0,427.87,4,480.5
2026-01-23 23:00:00,A,23,2,0,442,31.61,525.27,5,632.87
2026-01-23 23:00:00,B,23,2,0,352,10.0,394.04,6,404.46
2026-01-23 23:00:00,C,23,2,0,511,22.25,515.55,4,504.2
2026-01-23 23:00:00,D,23,2,0,477,10.0,574.16,4,537.38
2026-01-24 00:00:00,A,0,3,0,641,10.0,736.14,5,559.8
2026-01-24 00:00:00,B,0,3,0,390,10.0,518.56,6,398.96
2026-01-24 00:00:00,C,0,3,0,472,10.0,555.73,4,644.92
2026-01-24 00:00:00,D,0,3,0,502,10.0,567.88,4,538.57
2026-01-24 01:00:00,A,1,3,0,744,10.0,811.11,5,688.03
2026-01-24 01:00:00,B,1,3,0,470,10.0,523.37,6,459.25
2026-01-24 01:00:00,C,1,3,0,501,10.0,616.79,4,684.67
2026-01-24 01:00:00,D,1,3,0,457,16.11,625.33,4,587.98
2026-01-24 02:00:00,A,2,3,0,676,29.32,768.77,5,744.47
2026-01-24 02:00:00,B,2,3,0,419,10.0,614.56,6,562.13
2026-01-24 02:00:00,C,2,3,0,691,24.43,717.26,4,736.55
2026-01-24 02:00:00,D,2,3,0,592,10.0,746.73,4,610.24
2026-01-24 03:00:00,A,3,3,0,877,10.0,734.62,5,822.93
2026-01-24 03:00:00,B,3,3,0,591,14.12,612.25,6,637.14
2026-01-24 03:00:00,C,3,3,0,727,10.0,692.29,4,731.6
2026-01-24 03:00:00,D,3,3,0,688,10.0,654.62,4,753.52
2026-01-24 04:00:00,A,4,3,0,844,16.48,957.87,5,805.36
2026-01-24 04:00:00,B,4,3,0,606,12.98,681.72,6,656.1
2026-01-24 04:00:00,C,4,3,0,810,18.61,696.54,4,772.33
2026-01-24 04:00:00,D,4,3,0,692,10.0,893.82,4,740.78
2026-01-24 05:00:00,A,5,3,0,794,10.0,971.49,5,942.65
2026-01-24 05:00:00,B,5,3,0,477,10.0,655.79,6,600.6
2026-01-24 05:00:00,C,5,3,0,674,10.23,974.55,4,815.63
2026-01-24 05:00:00,D,5,3,0,640,18.1,790.37,4,720.86
2026-01-24 06:00:00,A,6,3,0,945,24.84,983.41,5,905.5
2026-01-24 06:00:00,B,6,3,0,525,22.07,601.3,6,578.65
2026-01-24 06:00:00,C,6,3,0,710,19.37,846.33,4,743.27
2026-01-24 06:00:00,D,6,3,0,829,10.0,770.88,4,806.25
2026-01-24 07:00:00,A,7,3,1,1215,10.0,1384.62,5,1311.55
2026-01-24 07:00:00,B,7,3,1,781,10.0,1084.78,6,1037.77
2026-01-24 07:00:00,C,7,3,1,1113,10.0,1067.61,4,1218.42
2026-01-24 07:00:00,D,7,3,1,1076,13.9,1230.82,4,1207.54
2026-01-24 08:00:00,A,8,3,1,1253,12.38,1324.58,5,1309.37
2026-01-24 08:00:00,B,8,3,1,730,10.0,821.6,6,969.6
2026-01-24 08:00:00,C,8,3,1,930,11.3,1278.92,4,1189.6
2026-01-24 08:00:00,D,8,3,1,970,10.0,960.62,4,1132.78
2026-01-24 09:00:00,A,9,3,1,895,12.76,1162.92,5,1264.65
2026-01-24 09:00:00,B,9,3,1,721,10.0,905.23,6,983.03
2026-01-24 09:00:00,C,9,3,1,783,26.4,1073.18,4,1136.57
2026-01-24 09:00:00,D,9,3,1,798,10.0,1025.82,4,1062.48
2026-01-24 10:00:00,A,10,3,0,569,10.0,861.48,5,747.12
2026-01-24 10:00:00,B,10,3,0,418,10.0,503.23,6,532.76
2026-01-24 10:00:00,C,10,3,0,685,16.76,725.89,4,587.44
2026-01-24 10:00:00,D,10,3,0,580,10.0,810.7,4,638.15
2026-01-24 11:00:00,A,11,3,0,644,10.0,707.29,5,758.4
2026-01-24 11:00:00,B,11,3,0,426,10.0,537.51,6,494.44
2026-01-24 11:00:00,C,11,3,0,606,12.94,633.16,4,635.42
2026-01-24 11:00:00,D,11,3,0,611,10.0,688.96,4,623.8
2026-01-24 12:00:00,A,12,3,0,655,19.73,649.28,5,662.51
2026-01-24 12:00:00,B,12,3,0,408,10.0,497.44,6,522.92
2026-01-24 12:00:00,C,12,3,0,470,10.0,671.25,4,568.33
2026-01-24 12:00:00,D,12,3,0,451,10.0,528.89,4,538.25
2026-01-24 13:00:00,A,13,3,0,550,20.95,523.35,5,543.54
2026-01-24 13:00:00,B,13,3,0,447,10.0,428.21,6,454.22
2026-01-24 13:00:00,C,13,3,0,551,10.0,469.04,4,451.23
2026-01-24 13:00:00,D,13,3,0,402,10.0,575.69,4,451.34
2026-01-24 14:00:00,A,14,3,0,416,10.0,588.72,5,410.66
2026-01-24 14:00:00,B,14,3,0,306,10.0,348.38,6,283.68
2026-01-24 14:00:00,C,14,3,0,443,23.43,442.58,4,369.93
2026-01-24 14:00:00,D,14,3,0,463,10.0,524.0,4,436.49
2026-01-24 15:00:00,A,15,3,0,428,10.93,519.34,5,479.23
2026-01-24 15:00:00,B,15,3,0,292,10.0,363.03,6,330.55
2026-01-24 15:00:00,C,15,3,0,333,10.0,403.68,4,405.49
2026-01-24 15:00:00,D,15,3,0,406,10.0,432.47,4,413.95
2026-01-24 16:00:00,A,16,3,1,634,10.0,698.04,5,740.06
2026-01-24 16:00:00,B,16,3,1,363,25.17,522.25,6,516.68
2026-01-24 16:00:00,C,16,3,1,555,30.61,614.84,4,609.68
2026-01-24 16:00:00,D,16,3,1,515,10.0,531.56,4,615.13
2026-01-24 17:00:00,A,17,3,1,589,10.0,654.49,5,699.18
2026-01-24 17:00:00,B,17,3,1,374,10.0,488.62,6,456.83
2026-01-24 17:00:00,C,17,3,1,382,10.0,538.73,4,591.94
2026-01-24 17:00:00,D,17,3,1,477,10.0,554.68,4,556.17
2026-01-24 18:00:00,A,18,3,1,509,10.0,502.87,5,650.15
2026-01-24 18:00:00,B,18,3,1,371,10.0,429.81,6,537.21
2026-01-24 18:00:00,C,18,3,1,385,10.0,595.31,4,611.87
2026-01-24 18:00:00,D,18,3,1,382,10.0,520.4,4,558.66
2026-01-24 19:00:00,A,19,3,1,446,10.0,669.85,5,653.8
2026-01-24 19:00:00,B,19,3,1,380,10.0,410.52,6,455.58
2026-01-24 19:00:00,C,19,3,1,437,11.71,522.43,4,583.72
2026-01-24 19:00:00,D,19,3,1,507,10.0,540.76,4,617.07
2026-01-24 20:00:00,A,20,3,0,349,10.0,477.54,5,431.15
2026-01-24 20:00:00,B,20,3,0,299,10.0,340.25,6,301.68
2026-01-24 20:00:00,C,20,3,0,341,16.6,413.6,4,359.71
2026-01-24 20:00:00,D,20,3,0,369,10.78,330.74,4,299.88
2026-01-24 21:00:00,A,21,3,0,453,10.0,525.49,5,510.36
2026-01-24 21:00:00,B,21,3,0,273,30.09,339.37,6,268.06
2026-01-24 21:00:00,C,21,3,0,330,10.0,409.25,4,361.85
2026-01-24 21:00:00,D,21,3,0,428,10.0,464.9,4,432.38
2026-01-24 22:00:00,A,22,3,0,452,18.16,520.36,5,553.31
2026-01-24 22:00:00,B,22,3,0,353,10.0,375.37,6,365.21
2026-01-24 22:00:00,C,22,3,0,423,10.0,474.19,4,441.48
2026-01-24 22:00:00,D,22,3,0,395,10.0,531.52,4,381.06
2026-01-24 23:00:00,A,23,3,0,506,18.79,504.83,5,526.11
2026-01-24 23:00:00,B,23,3,0,361,10.0,475.04,6,471.95
2026-01-24 23:00:00,C,23,3,0,404,10.0,563.09,4,523.04
2026-01-24 23:00:00,D,23,3,0,409,15.6,585.58,4,553.84
2026-01-25 00:00:00,A,0,4,0,498,10.0,657.1,5,653.99
2026-01-25 00:00:00,B,0,4,0,467,15.27,421.4,6,449.41
2026-01-25 00:00:00,C,0,4,0,512,10.0,518.12,4,631.04
2026-01-25 00:00:00,D,0,4,0,478,11.24,553.82,4,552.36
2026-01-25 01:00:00,A,1,4,0,679,10.0,734.16,5,592.35
2026-01-25 01:00:00,B,1,4,0,420,10.0,453.32,6,404.65
2026-01-25 01:00:00,C,1,4,0,547,10.0,714.02,4,590.95
2026-01-25 01:00:00,D,1,4,0,651,10.0,656.0,4,663.81
2026-01-25 02:00:00,A,2,4,0,778,10.0,900.87,5,750.85
2026-01-25 02:00:00,B,2,4,0,416,10.0,549.58,6,559.51
2026-01-25 02:00:00,C,2,4,0,634,10.0,778.93,4,676.72
2026-01-25 02:00:00,D,2,4,0,635,17.03,744.23,4,595.06
2026-01-25 03:00:00,A,3,4,0,609,10.0,799.17,5,748.68
2026-01-25 03:00:00,B,3,4,0,468,10.0,707.07,6,604.7
2026-01-25 03:00:00,C,3,4,0,754,10.0,759.6,4,742.65
2026-01-25 03:00:00,D,3,4,0,748,26.14,878.46,4,692.39
2026-01-25 04:00:00,A,4,4,0,633,25.24,899.93,5,855.94
2026-01-25 04:00:00,B,4,4,0,610,21.68,577.99,6,666.08
2026-01-25 04:00:00,C,4,4,0,806,10.0,802.7,4,796.1
2026-01-25 04:00:00,D,4,4,0,727,10.0,922.32,4,818.1
2026-01-25 05:00:00,A,5,4,0,741,10.0,993.9,5,886.99
2026-01-25 05:00:00,B,5,4,0,634,27.87,770.01,6,656.1
2026-01-25 05:00:00,C,5,4,0,593,10.0,911.97,4,725.51
2026-01-25 05:00:00,D,5,4,0,681,10.0,778.87,4,784.18
2026-01-25 06:00:00,A,6,4,0,931,10.0,927.63,5,822.49
2026-01-25 06:00:00,B,6,4,0,504,13.71,655.11,6,669.22
2026-01-25 06:00:00,C,6,4,0,677,10.0,811.47,4,854.01
2026-01-25 06:00:00,D,6,4,0,848,10.0,767.15,4,754.18
2026-01-25 07:00:00,A,7,4,1,1314,16.52,1141.26,5,1288.92
2026-01-25 07:00:00,B,7,4,1,871,17.09,1068.16,6,1055.22
2026-01-25 07:00:00,C,7,4,1,1163,10.0,1009.84,4,1283.89
2026-01-25 07:00:00,D,7,4,1,887,14.59,1157.17,4,1170.5
2026-01-25 08:00:00,A,8,4,1,1174,10.0,1220.61,5,1342.64
2026-01-25 08:00:00,B,8,4,1,854,10.0,848.63,6,1000.53
2026-01-25 08:00:00,C,8,4,1,1115,10.0,1247.33,4,1184.68
2026-01-25 08:00:00,D,8,4,1,962,19.5,958.84,4,1139.81
2026-01-25 09:00:00,A,9,4,1,860,27.0,1067.23,5,1268.77
2026-01-25 09:00:00,B,9,4,1,774,10.0,823.09,6,877.98
2026-01-25 09:00:00,C,9,4,1,849,10.0,1160.04,4,1131.77
2026-01-25 09:00:00,D,9,4,1,888,27.24,1113.52,4,1193.94
2026-01-25 10:00:00,A,10,4,0,698,10.0,928.17,5,722.79
2026-01-25 10:00:00,B,10,4,0,550,13.2,629.73,6,579.21
2026-01-25 10:00:00,C,10,4,0,598,20.87,715.5,4,735.3
2026-01-25 10:00:00,D,10,4,0,607,10.0,680.73,4,593.7
2026-01-25 11:00:00,A,11,4,0,653,12.52,823.55,5,697.13
2026-01-25 11:00:00,B,11,4,0,546,10.0,602.81,6,418.88
2026-01-25 11:00:00,C,11,4,0,676,10.0,636.12,4,645.52
2026-01-25 11:00:00,D,11,4,0,595,10.0,678.33,4,633.35
2026-01-25 12:00:00,A,12,4,0,596,10.0,721.95,5,651.59
2026-01-25 12:00:00,B,12,4,0,442,10.0,521.39,6,487.07
2026-01-25 12:00:00,C,12,4,0,609,10.0,536.38,4,532.94
2026-01-25 12:00:00,D,12,4,0,553,10.0,627.37,4,537.21
2026-01-25 13:00:00,A,13,4,0,442,17.31,591.86,5,620.21
2026-01-25 13:00:00,B,13,4,0,446,10.0,418.01,6,405.54
2026-01-25 13:00:00,C,13,4,0,398,23.31,616.87,4,584.45
2026-01-25 13:00:00,D,13,4,0,521,10.0,515.95,4,546.71
2026-01-25 14:00:00,A,14,4,0,444,15.61,550.32,5,538.02
2026-01-25 14:00:00,B,14,4,0,312,10.0,344.23,6,337.55
2026-01-25 14:00:00,C,14,4,0,364,10.0,513.01,4,441.83
2026-01-25 14:00:00,D,14,4,0,408,10.0,551.62,4,526.45
2026-01-25 15:00:00,A,15,4,0,351,10.0,408.42,5,463.68
2026-01-25 15:00:00,B,15,4,0,358,10.0,406.93,6,323.85
2026-01-25 15:00:00,C,15,4,0,397,10.0,450.12,4,407.14
2026-01-25 15:00:00,D,15,4,0,333,10.0,396.82,4,416.63
2026-01-25 16:00:00,A,16,4,1,483,10.0,549.55,5,704.27
2026-01-25 16:00:00,B,16,4,1,459,10.0,453.74,6,487.36
2026-01-25 16:00:00,C,16,4,1,546,13.19,534.38,4,612.04
2026-01-25 16:00:00,D,16,4,1,517,10.0,534.49,4,547.23
2026-01-25 17:00:00,A,17,4,1,428,21.77,560.5,5,657.1
2026-01-25 17:00:00,B,17,4,1,435,10.0,459.98,6,559.81
2026-01-25 17:00:00,C,17,4,1,424,10.0,469.09,4,486.28
2026-01-25 17:00:00,D,17,4,1,499,22.66,547.31,4,573.17
2026-01-25 18:00:00,A,18,4,1,470,22.21,621.24,5,622.19
2026-01-25 18:00:00,B,18,4,1,414,10.0,456.37,6,516.13
2026-01-25 18:00:00,C,18,4,1,474,29.57,482.66,4,641.2
2026-01-25 18:00:00,D,18,4,1,433,10.21,580.1,4,597.0
2026-01-25 19:00:00,A,19,4,1,496,10.0,559.21,5,716.71
2026-01-25 19:00:00,B,19,4,1,331,12.47,443.35,6,441.74
2026-01-25 19:00:00,C,19,4,1,509,10.0,562.23,4,625.55
2026-01-25 19:00:00,D,19,4,1,426,10.0,522.44,4,594.25
2026-01-25 20:00:00,A,20,4,0,407,13.65,507.63,5,426.71
2026-01-25 20:00:00,B,20,4,0,273,10.0,283.96,6,255.73
2026-01-25 20:00:00,C,20,4,0,285,10.0,448.84,4,457.95
2026-01-25 20:00:00,D,20,4,0,346,10.0,441.07,4,400.92
2026-01-25 21:00:00,A,21,4,0,385,10.0,536.83,5,417.58
2026-01-25 21:00:00,B,21,4,0,300,13.58,403.03,6,251.94
2026-01-25 21:00:00,C,21,4,0,427,13.25,433.11,4,426.62
2026-01-25 21:00:00,D,21,4,0,353,10.0,412.33,4,347.53
2026-01-25 22:00:00,A,22,4,0,402,10.0,572.18,5,466.0
2026-01-25 22:00:00,B,22,4,0,357,10.0,341.26,6,347.06
2026-01-25 22:00:00,C,22,4,0,377,10.0,530.53,4,374.5
2026-01-25 22:00:00,D,22,4,0,462,10.0,399.51,4,490.03
2026-01-25 23:00:00,A,23,4,0,464,10.0,570.53,5,547.51
2026-01-25 23:00:00,B,23,4,0,331,10.0,404.26,6,474.28
2026-01-25 23:00:00,C,23,4,0,517,10.0,612.0,4,468.37
2026-01-25 23:00:00,D,23,4,0,395,10.31,573.6,4,502.73
2026-01-26 00:00:00,A,0,5,0,582,11.74,664.21,5,645.49
2026-01-26 00:00:00,B,0,5,0,442,15.0,418.6,6,396.58
2026-01-26 00:00:00,C,0,5,0,553,10.0,582.3,4,527.03
2026-01-26 00:00:00,D,0,5,0,526,10.0,578.09,4,573.16
2026-01-26 01:00:00,A,1,5,0,718,10.65,632.71,5,687.12
2026-01-26 01:00:00,B,1,5,0,448,15.63,563.89,6,466.58
2026-01-26 01:00:00,C,1,5,0,636,12.83,712.29,4,614.38
2026-01-26 01:00:00,D,1,5,0,603,10.0,622.22,4,525.81
2026-01-26 02:00:00,A,2,5,0,720,17.81,931.55,5,765.4
2026-01-26 02:00:00,B,2,5,0,531,11.71,545.98,6,504.74
2026-01-26 02:00:00,C,2,5,0,674,10.0,789.87,4,668.69
2026-01-26 02:00:00,D,2,5,0,703,10.59,773.53,4,671.44
2026-01-26 03:00:00,A,3,5,0,761,26.82,915.78,5,858.16
2026-01-26 03:00:00,B,3,5,0,507,18.18,730.97,6,571.79
2026-01-26 03:00:00,C,3,5,0,667,11.66,768.8,4,706.69
2026-01-26 03:00:00,D,3,5,0,751,16.98,755.87,4,701.86
2026-01-26 04:00:00,A,4,5,0,815,10.0,826.64,5,850.67
2026-01-26 04:00:00,B,4,5,0,620,19.41,671.37,6,659.3
2026-01-26 04:00:00,C,4,5,0,778,10.0,833.61,4,830.03
2026-01-26 04:00:00,D,4,5,0,694,10.0,841.82,4,715.18
2026-01-26 05:00:00,A,5,5,0,797,17.73,993.44,5,776.65
2026-01-26 05:00:00,B,5,5,0,550,10.0,724.28,6,618.81
2026-01-26 05:00:00,C,5,5,0,696,26.2,771.24,4,734.29
2026-01-26 05:00:00,D,5,5,0,589,10.0,830.1,4,846.43
2026-01-26 06:00:00,A,6,5,0,840,10.0,960.1,5,925.18
2026-01-26 06:00:00,B,6,5,0,633,10.0,605.42,6,608.65
2026-01-26 06:00:00,C,6,5,0,754,21.0,847.81,4,883.81
2026-01-26 06:00:00,D,6,5,0,655,21.9,904.31,4,750.13
2026-01-26 07:00:00,A,7,5,1,1161,10.0,1325.08,5,1294.14
2026-01-26 07:00:00,B,7,5,1,895,10.0,1027.19,6,968.82
2026-01-26 07:00:00,C,7,5,1,927,10.0,1207.34,4,1223.14
2026-01-26 07:00:00,D,7,5,1,1117,10.0,1333.24,4,1194.43
2026-01-26 08:00:00,A,8,5,1,978,18.52,1293.09,5,1308.0
2026-01-26 08:00:00,B,8,5,1,919,14.61,961.44,6,1014.74
2026-01-26 08:00:00,C,8,5,1,1174,10.0,1071.27,4,1178.62
2026-01-26 08:00:00,D,8,5,1,995,47.58,1021.79,4,1137.45
2026-01-26 09:00:00,A,9,5,1,858,17.53,1286.71,5,1187.3
2026-01-26 09:00:00,B,9,5,1,780,16.6,851.68,6,906.28
2026-01-26 09:00:00,C,9,5,1,1115,10.0,1037.83,4,1071.48
2026-01-26 09:00:00,D,9,5,1,1015,10.0,1253.65,4,1110.53
2026-01-26 10:00:00,A,10,5,0,812,10.0,842.46,5,739.99
2026-01-26 10:00:00,B,10,5,0,580,10.0,568.45,6,596.86
2026-01-26 10:00:00,C,10,5,0,526,10.0,628.57,4,669.06
2026-01-26 10:00:00,D,10,5,0,657,10.0,822.66,4,582.4
2026-01-26 11:00:00,A,11,5,0,656,10.0,771.85,5,642.04
2026-01-26 11:00:00,B,11,5,0,505,10.0,553.35,6,512.2
2026-01-26 11:00:00,C,11,5,0,521,10.0,688.94,4,638.12
2026-01-26 11:00:00,D,11,5,0,645,17.66,585.73,4,635.01
2026-01-26 12:00:00,A,12,5,0,668,10.0,628.25,5,621.03
2026-01-26 12:00:00,B,12,5,0,356,10.0,415.47,6,449.08
2026-01-26 12:00:00,C,12,5,0,584,10.0,608.07,4,527.88
2026-01-26 12:00:00,D,12,5,0,600,10.0,601.41,4,560.35
2026-01-26 13:00:00,A,13,5,0,587,10.0,683.06,5,451.55
2026-01-26 13:00:00,B,13,5,0,448,10.0,469.14,6,385.65
2026-01-26 13:00:00,C,13,5,0,485,24.34,533.31,4,521.65
2026-01-26 13:00:00,D,13,5,0,462,10.0,562.18,4,458.1
2026-01-26 14:00:00,A,14,5,0,484,10.0,609.88,5,412.08
2026-01-26 14:00:00,B,14,5,0,320,10.0,346.97,6,378.51
2026-01-26 14:00:00,C,14,5,0,445,10.0,488.44,4,421.47
2026-01-26 14:00:00,D,14,5,0,432,10.0,406.3,4,441.92
2026-01-26 15:00:00,A,15,5,0,347,10.0,441.25,5,466.19
2026-01-26 15:00:00,B,15,5,0,293,10.0,308.1,6,307.37
2026-01-26 15:00:00,C,15,5,0,324,10.0,371.42,4,381.72
2026-01-26 15:00:00,D,15,5,0,396,10.0,372.9,4,366.05
2026-01-26 16:00:00,A,16,5,1,597,10.0,565.4,5,747.91
2026-01-26 16:00:00,B,16,5,1,431,18.87,428.19,6,523.69
2026-01-26 16:00:00,C,16,5,1,559,10.0,602.4,4,650.1
2026-01-26 16:00:00,D,16,5,1,445,10.0,548.24,4,632.41
2026-01-26 17:00:00,A,17,5,1,444,11.0,590.91,5,657.34
2026-01-26 17:00:00,B,17,5,1,428,11.93,411.16,6,475.19
2026-01-26 17:00:00,C,17,5,1,431,10.0,531.87,4,720.84
2026-01-26 17:00:00,D,17,5,1,399,15.5,548.59,4,595.76
2026-01-26 18:00:00,A,18,5,1,508,10.0,558.63,5,639.61
2026-01-26 18:00:00,B,18,5,1,420,13.84,371.62,6,527.03
2026-01-26 18:00:00,C,18,5,1,397,10.0,563.13,4,518.82
2026-01-26 18:00:00,D,18,5,1,481,10.0,578.17,4,597.81
2026-01-26 19:00:00,A,19,5,1,529,10.0,532.14,5,607.38
2026-01-26 19:00:00,B,19,5,1,382,10.0,436.02,6,554.15
2026-01-26 19:00:00,C,19,5,1,521,10.0,565.52,4,585.63
2026-01-26 19:00:00,D,19,5,1,432,12.99,576.9,4,680.67
2026-01-26 20:00:00,A,20,5,0,427,10.0,395.63,5,349.42
2026-01-26 20:00:00,B,20,5,0,268,10.0,285.24,6,253.98
2026-01-26 20:00:00,C,20,5,0,323,10.0,451.9,4,350.94
2026-01-26 20:00:00,D,20,5,0,280,10.0,358.04,4,296.29
2026-01-26 21:00:00,A,21,5,0,472,10.0,554.02,5,471.38
2026-01-26 21:00:00,B,21,5,0,306,10.0,404.96,6,287.16
2026-01-26 21:00:00,C,21,5,0,403,10.0,379.5,4,460.74
2026-01-26 21:00:00,D,21,5,0,301,11.36,412.54,4,422.77
2026-01-26 22:00:00,A,22,5,0,375,23.72,499.93,5,511.01
2026-01-26 22:00:00,B,22,5,0,293,23.92,438.53,6,447.52
2026-01-26 22:00:00,C,22,5,0,348,10.0,435.41,4,376.91
2026-01-26 22:00:00,D,22,5,0,397,10.0,456.6,4,492.64
2026-01-26 23:00:00,A,23,5,0,442,10.0,546.59,5,541.92
2026-01-26 23:00:00,B,23,5,0,325,12.74,407.94,6,381.27
2026-01-26 23:00:00,C,23,5,0,488,10.0,618.59,4,529.46
2026-01-26 23:00:00,D,23,5,0,509,10.0,515.38,4,442.26
2026-01-27 00:00:00,A,0,6,0,487,10.0,668.13,5,628.93
2026-01-27 00:00:00,B,0,6,0,500,12.12,411.67,6,539.3
2026-01-27 00:00:00,C,0,6,0,582,10.0,580.88,4,530.02
2026-01-27 00:00:00,D,0,6,0,596,26.51,545.24,4,594.0
2026-01-27 01:00:00,A,1,6,0,559,10.0,710.54,5,738.4
2026-01-27 01:00:00,B,1,6,0,409,10.0,556.76,6,490.03
2026-01-27 01:00:00,C,1,6,0,550,10.0,703.82,4,626.94
2026-01-27 01:00:00,D,1,6,0,626,10.0,685.4,4,592.52
2026-01-27 02:00:00,A,2,6,0,597,13.91,908.28,5,791.5
2026-01-27 02:00:00,B,2,6,0,414,10.0,663.27,6,486.03
2026-01-27 02:00:00,C,2,6,0,526,10.0,712.97,4,585.96
2026-01-27 02:00:00,D,2,6,0,668,24.84,800.76,4,691.36
2026-01-27 03:00:00,A,3,6,0,670,11.52,847.26,5,772.25
2026-01-27 03:00:00,B,3,6,0,515,10.0,668.46,6,629.31
2026-01-27 03:00:00,C,3,6,0,740,10.0,833.91,4,702.64
2026-01-27 03:00:00,D,3,6,0,703,19.62,666.61,4,687.17
2026-01-27 04:00:00,A,4,6,0,824,14.06,809.38,5,833.82
2026-01-27 04:00:00,B,4,6,0,507,10.0,663.65,6,605.76
2026-01-27 04:00:00,C,4,6,0,632,10.0,740.94,4,747.76
2026-01-27 04:00:00,D,4,6,0,607,10.0,678.04,4,732.09
2026-01-27 05:00:00,A,5,6,0,666,10.0,783.93,5,843.7
2026-01-27 05:00:00,B,5,6,0,626,13.34,579.71,6,701.55
2026-01-27 05:00:00,C,5,6,0,775,22.54,765.12,4,733.27
2026-01-27 05:00:00,D,5,6,0,657,10.0,806.81,4,769.84
2026-01-27 06:00:00,A,6,6,0,951,10.0,978.75,5,896.52
2026-01-27 06:00:00,B,6,6,0,568,10.0,580.52,6,637.08
2026-01-27 06:00:00,C,6,6,0,740,10.0,937.19,4,769.66
2026-01-27 06:00:00,D,6,6,0,826,10.0,799.89,4,802.36
2026-01-27 07:00:00,A,7,6,1,1224,11.51,1443.64,5,1368.46
2026-01-27 07:00:00,B,7,6,1,725,19.27,1072.34,6,997.96
2026-01-27 07:00:00,C,7,6,1,1061,17.2,1326.69,4,1288.36
2026-01-27 07:00:00,D,7,6,1,893,32.38,1045.77,4,1204.44
2026-01-27 08:00:00,A,8,6,1,1050,13.62,1418.97,5,1309.74
2026-01-27 08:00:00,B,8,6,1,762,12.91,860.15,6,1021.86
2026-01-27 08:00:00,C,8,6,1,1055,11.24,1008.03,4,1269.93
2026-01-27 08:00:00,D,8,6,1,846,28.99,1138.68,4,1163.02
2026-01-27 09:00:00,A,9,6,1,874,10.0,1044.42,5,1220.85
2026-01-27 09:00:00,B,9,6,1,670,13.25,746.01,6,922.5
2026-01-27 09:00:00,C,9,6,1,1004,10.0,938.27,4,1157.72
2026-01-27 09:00:00,D,9,6,1,1055,10.0,1028.45,4,1156.14
2026-01-27 10:00:00,A,10,6,0,594,12.81,766.55,5,821.67
2026-01-27 10:00:00,B,10,6,0,576,10.0,558.72,6,579.1
2026-01-27 10:00:00,C,10,6,0,724,10.0,792.41,4,714.98
2026-01-27 10:00:00,D,10,6,0,705,20.4,712.96,4,668.33
2026-01-27 11:00:00,A,11,6,0,708,10.0,818.61,5,700.8
2026-01-27 11:00:00,B,11,6,0,413,15.63,615.09,6,552.68
2026-01-27 11:00:00,C,11,6,0,621,10.0,669.37,4,752.84
2026-01-27 11:00:00,D,11,6,0,640,10.0,716.17,4,641.89
2026-01-27 12:00:00,A,12,6,0,523,21.64,700.07,5,619.92
2026-01-27 12:00:00,B,12,6,0,408,17.53,459.15,6,379.19
2026-01-27 12:00:00,C,12,6,0,528,10.0,683.54,4,617.41
2026-01-27 12:00:00,D,12,6,0,602,17.11,504.67,4,660.47
2026-01-27 13:00:00,A,13,6,0,519,10.0,510.03,5,602.45
2026-01-27 13:00:00,B,13,6,0,336,24.03,465.31,6,472.11
2026-01-27 13:00:00,C,13,6,0,427,10.0,506.61,4,517.37
2026-01-27 13:00:00,D,13,6,0,411,10.0,567.67,4,479.77
2026-01-27 14:00:00,A,14,6,0,381,14.26,549.4,5,489.41
2026-01-27 14:00:00,B,14,6,0,344,13.11,359.1,6,360.67
2026-01-27 14:00:00,C,14,6,0,415,10.0,563.11,4,414.22
2026-01-27 14:00:00,D,14,6,0,352,13.4,471.1,4,362.47
2026-01-27 15:00:00,A,15,6,0,406,18.5,455.31,5,552.63
2026-01-27 15:00:00,B,15,6,0,246,10.0,406.09,6,328.9
2026-01-27 15:00:00,C,15,6,0,379,10.0,451.85,4,382.19
2026-01-27 15:00:00,D,15,6,0,344,14.93,369.32,4,446.56
2026-01-27 16:00:00,A,16,6,1,603,10.0,542.39,5,728.35
2026-01-27 16:00:00,B,16,6,1,318,10.0,398.6,6,552.24
2026-01-27 16:00:00,C,16,6,1,567,22.58,579.37,4,661.23
2026-01-27 16:00:00,D,16,6,1,443,24.65,605.65,4,699.3
2026-01-27 17:00:00,A,17,6,1,433,10.67,554.03,5,513.72
2026-01-27 17:00:00,B,17,6,1,320,16.53,418.75,6,451.52
2026-01-27 17:00:00,C,17,6,1,490,10.0,523.79,4,515.54
2026-01-27 17:00:00,D,17,6,1,386,18.19,438.03,4,613.32
2026-01-27 18:00:00,A,18,6,1,457,10.0,659.17,5,668.41
2026-01-27 18:00:00,B,18,6,1,313,10.0,417.92,6,488.09
2026-01-27 18:00:00,C,18,6,1,492,10.0,448.77,4,596.63
2026-01-27 18:00:00,D,18,6,1,399,10.0,541.35,4,605.12
2026-01-27 19:00:00,A,19,6,1,431,13.35,677.38,5,572.04
2026-01-27 19:00:00,B,19,6,1,388,10.0,379.23,6,507.31
2026-01-27 19:00:00,C,19,6,1,387,10.0,570.19,4,539.94
2026-01-27 19:00:00,D,19,6,1,448,10.0,582.46,4,523.75
2026-01-27 20:00:00,A,20,6,0,400,14.14,369.19,5,333.79
2026-01-27 20:00:00,B,20,6,0,268,10.0,317.39,6,303.33
2026-01-27 20:00:00,C,20,6,0,279,10.0,422.78,4,368.09
2026-01-27 20:00:00,D,20,6,0,292,10.0,376.81,4,301.32
2026-01-27 21:00:00,A,21,6,0,488,10.0,463.54,5,585.42
2026-01-27 21:00:00,B,21,6,0,253,10.0,349.73,6,309.57
2026-01-27 21:00:00,C,21,6,0,439,13.51,494.88,4,395.87
2026-01-27 21:00:00,D,21,6,0,423,10.0,370.92,4,378.68
2026-01-27 22:00:00,A,22,6,0,505,10.87,589.08,5,487.85
2026-01-27 22:00:00,B,22,6,0,365,10.0,350.67,6,398.42
2026-01-27 22:00:00,C,22,6,0,490,10.0,441.69,4,450.45
2026-01-27 22:00:00,D,22,6,0,459,10.0,522.52,4,466.96
2026-01-27 23:00:00,A,23,6,0,440,10.0,600.76,5,579.94
2026-01-27 23:00:00,B,23,6,0,401,10.0,458.62,6,323.79
2026-01-27 23:00:00,C,23,6,0,420,10.39,626.78,4,510.89
2026-01-27 23:00:00,D,23,6,0,511,19.45,578.91,4,440.7
2026-01-28 00:00:00,A,0,7,0,647,10.0,597.76,5,576.04
2026-01-28 00:00:00,B,0,7,0,373,10.0,448.28,6,344.1
2026-01-28 00:00:00,C,0,7,0,488,22.6,649.27,4,551.06
2026-01-28 00:00:00,D,0,7,0,455,10.0,576.57,4,458.67
2026-01-28 01:00:00,A,1,7,0,524,22.72,645.77,5,626.2
2026-01-28 01:00:00,B,1,7,0,522,10.0,485.0,6,485.7
2026-01-28 01:00:00,C,1,7,0,470,28.51,616.8,4,594.6
2026-01-28 01:00:00,D,1,7,0,481,10.0,697.99,4,595.03
2026-01-28 02:00:00,A,2,7,0,550,10.31,816.97,5,842.13
2026-01-28 02:00:00,B,2,7,0,419,10.0,623.45,6,468.86
2026-01-28 02:00:00,C,2,7,0,499,10.0,792.78,4,659.76
2026-01-28 02:00:00,D,2,7,0,676,10.48,721.51,4,560.73
2026-01-28 03:00:00,A,3,7,0,667,10.0,781.75,5,851.94
2026-01-28 03:00:00,B,3,7,0,567,10.0,659.66,6,599.8
2026-01-28 03:00:00,C,3,7,0,651,10.0,760.12,4,693.4
2026-01-28 03:00:00,D,3,7,0,705,10.0,837.23,4,666.91
2026-01-28 04:00:00,A,4,7,0,693,10.0,765.98,5,803.1
2026-01-28 04:00:00,B,4,7,0,583,10.0,568.55,6,613.98
2026-01-28 04:00:00,C,4,7,0,714,10.0,841.5,4,740.48
2026-01-28 04:00:00,D,4,7,0,546,10.0,792.99,4,764.87
2026-01-28 05:00:00,A,5,7,0,723,10.0,771.91,5,864.85
2026-01-28 05:00:00,B,5,7,0,480,10.0,591.76,6,634.48
2026-01-28 05:00:00,C,5,7,0,804,10.0,798.05,4,749.66
2026-01-28 05:00:00,D,5,7,0,758,13.96,835.23,4,729.46
2026-01-28 06:00:00,A,6,7,0,771,13.25,978.93,5,821.9
2026-01-28 06:00:00,B,6,7,0,503,20.22,672.34,6,604.23
2026-01-28 06:00:00,C,6,7,0,678,10.0,775.98,4,750.86
2026-01-28 06:00:00,D,6,7,0,701,10.0,813.0,4,682.97
2026-01-28 07:00:00,A,7,7,1,1183,10.0,1070.56,5,1342.46
2026-01-28 07:00:00,B,7,7,1,867,16.78,1000.68,6,1011.83
2026-01-28 07:00:00,C,7,7,1,834,14.06,1240.2,4,1161.35
2026-01-28 07:00:00,D,7,7,1,1070,10.0,1080.03,4,1159.41
2026-01-28 08:00:00,A,8,7,1,967,23.12,1150.94,5,1273.15
2026-01-28 08:00:00,B,8,7,1,752,10.0,812.12,6,887.95
2026-01-28 08:00:00,C,8,7,1,907,18.65,940.95,4,1220.17
2026-01-28 08:00:00,D,8,7,1,906,10.0,1200.71,4,1170.89
2026-01-28 09:00:00,A,9,7,1,1204,13.98,1349.13,5,1174.06
2026-01-28 09:00:00,B,9,7,1,690,10.0,812.82,6,861.87
2026-01-28 09:00:00,C,9,7,1,1064,10.0,1038.38,4,1104.45
2026-01-28 09:00:00,D,9,7,1,813,23.1,1205.65,4,1070.53
2026-01-28 10:00:00,A,10,7,0,611,10.0,752.42,5,732.03
2026-01-28 10:00:00,B,10,7,0,550,10.98,512.93,6,490.75
2026-01-28 10:00:00,C,10,7,0,517,10.0,664.14,4,604.76
2026-01-28 10:00:00,D,10,7,0,695,20.32,675.55,4,657.49
2026-01-28 11:00:00,A,11,7,0,716,10.0,788.9,5,707.3
2026-01-28 11:00:00,B,11,7,0,512,10.0,465.27,6,477.63
2026-01-28 11:00:00,C,11,7,0,605,10.0,563.07,4,641.62
2026-01-28 11:00:00,D,11,7,0,574,10.0,596.42,4,547.33
2026-01-28 12:00:00,A,12,7,0,500,10.0,660.24,5,498.52
2026-01-28 12:00:00,B,12,7,0,461,10.0,486.75,6,468.01
2026-01-28 12:00:00,C,12,7,0,538,10.0,582.53,4,646.6
2026-01-28 12:00:00,D,12,7,0,503,10.0,481.02,4,450.2
2026-01-28 13:00:00,A,13,7,0,467,10.0,616.14,5,604.82
2026-01-28 13:00:00,B,13,7,0,405,10.0,486.17,6,381.89
2026-01-28 13:00:00,C,13,7,0,400,10.0,474.07,4,405.43
2026-01-28 13:00:00,D,13,7,0,417,10.0,465.96,4,432.64
2026-01-28 14:00:00,A,14,7,0,452,10.0,495.5,5,455.76
2026-01-28 14:00:00,B,14,7,0,336,10.0,337.73,6,333.53
2026-01-28 14:00:00,C,14,7,0,441,10.0,436.09,4,386.22
2026-01-28 14:00:00,D,14,7,0,375,10.0,383.57,4,337.46
2026-01-28 15:00:00,A,15,7,0,376,10.0,467.74,5,456.06
2026-01-28 15:00:00,B,15,7,0,296,10.0,311.02,6,280.83
2026-01-28 15:00:00,C,15,7,0,357,10.0,412.85,4,365.66
2026-01-28 15:00:00,D,15,7,0,310,10.0,430.95,4,362.87
2026-01-28 16:00:00,A,16,7,1,576,14.27,519.84,5,610.44
2026-01-28 16:00:00,B,16,7,1,341,11.61,440.26,6,581.93
2026-01-28 16:00:00,C,16,7,1,509,10.0,475.93,4,565.36
2026-01-28 16:00:00,D,16,7,1,463,10.0,544.65,4,603.14
2026-01-28 17:00:00,A,17,7,1,399,10.0,599.48,5,673.94
2026-01-28 17:00:00,B,17,7,1,374,10.0,449.08,6,467.92
2026-01-28 17:00:00,C,17,7,1,471,35.38,452.13,4,606.13
2026-01-28 17:00:00,D,17,7,1,455,16.12,513.11,4,610.28
2026-01-28 18:00:00,A,18,7,1,548,16.7,473.08,5,637.54
2026-01-28 18:00:00,B,18,7,1,349,13.87,460.69,6,453.89
2026-01-28 18:00:00,C,18,7,1,454,10.0,452.96,4,531.97
2026-01-28 18:00:00,D,18,7,1,362,10.0,490.63,4,549.94
2026-01-28 19:00:00,A,19,7,1,482,10.0,530.91,5,601.7
2026-01-28 19:00:00,B,19,7,1,312,10.0,348.67,6,473.65
2026-01-28 19:00:00,C,19,7,1,460,10.0,498.87,4,581.26
2026-01-28 19:00:00,D,19,7,1,419,10.0,437.34,4,553.81
2026-01-28 20:00:00,A,20,7,0,332,10.0,352.3,5,390.44
2026-01-28 20:00:00,B,20,7,0,305,34.73,286.82,6,305.86
2026-01-28 20:00:00,C,20,7,0,312,10.0,369.99,4,326.81
2026-01-28 20:00:00,D,20,7,0,264,10.0,386.06,4,392.4
2026-01-28 21:00:00,A,21,7,0,363,10.0,398.55,5,392.77
2026-01-28 21:00:00,B,21,7,0,257,22.3,380.26,6,306.05
2026-01-28 21:00:00,C,21,7,0,314,10.0,454.71,4,403.95
2026-01-28 21:00:00,D,21,7,0,372,10.0,424.55,4,296.7
2026-01-28 22:00:00,A,22,7,0,503,10.0,548.61,5,478.74
2026-01-28 22:00:00,B,22,7,0,293,10.0,339.06,6,369.16
2026-01-28 22:00:00,C,22,7,0,451,10.0,475.92,4,444.23
2026-01-28 22:00:00,D,22,7,0,382,10.0,390.77,4,468.78
2026-01-28 23:00:00,A,23,7,0,412,10.0,650.63,5,590.41
2026-01-28 23:00:00,B,23,7,0,381,12.24,441.12,6,382.65
2026-01-28 23:00:00,C,23,7,0,471,10.0,447.86,4,378.92
2026-01-28 23:00:00,D,23,7,0,428,10.0,501.51,4,504.46
2026-01-01 00:00:00,A,0,1,0,594,10.0,720.04,5,643.45
2026-01-01 00:00:00,B,0,1,0,336,10.0,511.26,6,526.97
2026-01-01 00:00:00,C,0,1,0,548,10.0,603.09,4,566.01
2026-01-01 00:00:00,D,0,1,0,542,10.0,491.79,4,516.89
2026-01-01 01:00:00,A,1,1,0,589,10.8,774.7,5,688.39
2026-01-01 01:00:00,B,1,1,0,472,10.0,462.98,6,533.14
2026-01-01 01:00:00,C,1,1,0,604,21.44,735.56,4,563.21
2026-01-01 01:00:00,D,1,1,0,526,10.0,623.54,4,568.38
2026-01-01 02:00:00,A,2,1,0,666,10.0,809.72,5,775.97
2026-01-01 02:00:00,B,2,1,0,525,19.77,483.96,6,510.48
2026-01-01 02:00:00,C,2,1,0,663,12.14,662.82,4,693.46
2026-01-01 02:00:00,D,2,1,0,581,10.0,783.91,4,617.52
2026-01-01 03:00:00,A,3,1,0,802,10.0,897.96,5,796.94
2026-01-01 03:00:00,B,3,1,0,525,10.0,581.87,6,544.5
2026-01-01 03:00:00,C,3,1,0,528,10.0,676.06,4,629.84
2026-01-01 03:00:00,D,3,1,0,526,10.0,829.2,4,666.95
2026-01-01 04:00:00,A,4,1,0,750,10.0,962.16,5,861.5
2026-01-01 04:00:00,B,4,1,0,530,12.94,569.09,6,586.79
2026-01-01 04:00:00,C,4,1,0,784,16.04,866.73,4,776.52
2026-01-01 04:00:00,D,4,1,0,634,21.59,769.29,4,678.27
2026-01-01 05:00:00,A,5,1,0,744,16.88,942.73,5,817.56
2026-01-01 05:00:00,B,5,1,0,542,10.0,563.68,6,573.98
2026-01-01 05:00:00,C,5,1,0,741,10.0,797.49,4,787.46
2026-01-01 05:00:00,D,5,1,0,697,25.22,909.56,4,725.26
2026-01-01 06:00:00,A,6,1,0,753,10.0,990.22,5,916.88
2026-01-01 06:00:00,B,6,1,0,560,10.0,648.05,6,534.34
2026-01-01 06:00:00,C,6,1,0,769,10.0,918.82,4,654.45
2026-01-01 06:00:00,D,6,1,0,798,18.5,697.29,4,655.35
2026-01-01 07:00:00,A,7,1,1,973,10.0,1390.24,5,1244.62
2026-01-01 07:00:00,B,7,1,1,767,10.0,825.51,6,1050.93
2026-01-01 07:00:00,C,7,1,1,1099,13.76,1222.51,4,1123.46
2026-01-01 07:00:00,D,7,1,1,1002,35.01,1109.34,4,1174.61
2026-01-01 08:00:00,A,8,1,1,892,20.56,1315.79,5,1194.7
2026-01-01 08:00:00,B,8,1,1,721,30.49,939.21,6,933.89
2026-01-01 08:00:00,C,8,1,1,809,10.0,1171.58,4,1161.43
2026-01-01 08:00:00,D,8,1,1,877,19.44,1239.06,4,1156.95
2026-01-01 09:00:00,A,9,1,1,1202,15.62,1311.66,5,1231.35
2026-01-01 09:00:00,B,9,1,1,833,10.0,814.34,6,843.67
2026-01-01 09:00:00,C,9,1,1,901,10.0,975.94,4,1086.54
2026-01-01 09:00:00,D,9,1,1,822,23.83,925.28,4,1130.0
2026-01-01 10:00:00,A,10,1,0,658,10.0,836.55,5,750.42
2026-01-01 10:00:00,B,10,1,0,536,10.0,600.77,6,447.1
2026-01-01 10:00:00,C,10,1,0,493,10.0,725.2,4,675.46
2026-01-01 10:00:00,D,10,1,0,653,10.0,594.11,4,584.69
2026-01-01 11:00:00,A,11,1,0,628,10.0,768.77,5,687.85
2026-01-01 11:00:00,B,11,1,0,434,16.56,560.63,6,528.17
2026-01-01 11:00:00,C,11,1,0,624,10.0,710.3,4,560.17
2026-01-01 11:00:00,D,11,1,0,616,10.0,633.79,4,611.67
2026-01-01 12:00:00,A,12,1,0,495,10.0,744.5,5,562.38
2026-01-01 12:00:00,B,12,1,0,420,10.0,410.3,6,469.25
2026-01-01 12:00:00,C,12,1,0,483,10.0,646.7,4,552.66
2026-01-01 12:00:00,D,12,1,0,501,10.0,600.09,4,570.62
2026-01-01 13:00:00,A,13,1,0,529,16.9,585.74,5,556.74
2026-01-01 13:00:00,B,13,1,0,318,15.75,412.23,6,508.91
2026-01-01 13:00:00,C,13,1,0,493,12.41,486.25,4,480.08
2026-01-01 13:00:00,D,13,1,0,402,10.0,520.41,4,526.18
2026-01-01 14:00:00,A,14,1,0,526,10.0,458.93,5,418.87
2026-01-01 14:00:00,B,14,1,0,372,10.0,389.51,6,362.04
2026-01-01 14:00:00,C,14,1,0,473,10.0,394.5,4,388.82
2026-01-01 14:00:00,D,14,1,0,375,10.0,449.53,4,485.52
2026-01-01 15:00:00,A,15,1,0,440,10.0,442.77,5,376.79
2026-01-01 15:00:00,B,15,1,0,292,10.0,371.84,6,298.78
2026-01-01 15:00:00,C,15,1,0,312,28.57,462.22,4,410.2
2026-01-01 15:00:00,D,15,1,0,308,10.0,376.65,4,409.41
2026-01-01 16:00:00,A,16,1,1,516,10.0,596.16,5,727.88
2026-01-01 16:00:00,B,16,1,1,406,10.0,497.98,6,542.26
2026-01-01 16:00:00,C,16,1,1,432,10.0,602.23,4,620.0
2026-01-01 16:00:00,D,16,1,1,510,10.0,521.05,4,612.92
2026-01-01 17:00:00,A,17,1,1,503,10.0,529.55,5,657.12
2026-01-01 17:00:00,B,17,1,1,353,10.0,391.42,6,499.26
2026-01-01 17:00:00,C,17,1,1,460,17.42,509.02,4,663.48
2026-01-01 17:00:00,D,17,1,1,491,10.0,459.89,4,627.6
2026-01-01 18:00:00,A,18,1,1,418,10.0,488.03,5,606.66
2026-01-01 18:00:00,B,18,1,1,410,10.0,446.06,6,481.21
2026-01-01 18:00:00,C,18,1,1,399,10.0,509.83,4,621.66
2026-01-01 18:00:00,D,18,1,1,381,10.0,548.25,4,522.56
2026-01-01 19:00:00,A,19,1,1,503,10.0,485.15,5,648.9
2026-01-01 19:00:00,B,19,1,1,415,10.0,385.74,6,536.09
2026-01-01 19:00:00,C,19,1,1,474,10.0,525.76,4,560.23
2026-01-01 19:00:00,D,19,1,1,468,10.0,430.85,4,470.85
2026-01-01 20:00:00,A,20,1,0,307,10.0,400.33,5,338.24
2026-01-01 20:00:00,B,20,1,0,279,15.06,300.05,6,268.81
2026-01-01 20:00:00,C,20,1,0,319,10.0,383.02,4,410.69
2026-01-01 20:00:00,D,20,1,0,342,10.0,316.27,4,371.89
2026-01-01 21:00:00,A,21,1,0,428,10.0,397.76,5,488.1
2026-01-01 21:00:00,B,21,1,0,305,10.0,361.54,6,298.7
2026-01-01 21:00:00,C,21,1,0,414,10.0,458.11,4,445.56
2026-01-01 21:00:00,D,21,1,0,352,10.0,348.7,4,392.87
2026-01-01 22:00:00,A,22,1,0,480,10.0,500.97,5,527.54
2026-01-01 22:00:00,B,22,1,0,346,10.0,348.04,6,345.16
2026-01-01 22:00:00,C,22,1,0,440,15.28,463.77,4,451.55
2026-01-01 22:00:00,D,22,1,0,357,10.0,411.7,4,483.49
2026-01-01 23:00:00,A,23,1,0,585,10.54,492.16,5,480.05
2026-01-01 23:00:00,B,23,1,0,330,21.83,372.75,6,365.63
2026-01-01 23:00:00,C,23,1,0,448,17.07,531.61,4,418.57
2026-01-01 23:00:00,D,23,1,0,498,15.55,556.19,4,420.61
2026-01-02 00:00:00,A,0,2,0,518,10.0,749.72,5,645.44
2026-01-02 00:00:00,B,0,2,0,352,10.0,546.05,6,456.74
2026-01-02 00:00:00,C,0,2,0,515,10.0,555.36,4,602.15
2026-01-02 00:00:00,D,0,2,0,561,10.0,682.68,4,513.83
2026-01-02 01:00:00,A,1,2,0,592,10.0,644.83,5,702.95
2026-01-02 01:00:00,B,1,2,0,389,10.0,536.9,6,398.77
2026-01-02 01:00:00,C,1,2,0,669,10.0,565.3,4,659.78
2026-01-02 01:00:00,D,1,2,0,596,11.49,675.29,4,631.77
2026-01-02 02:00:00,A,2,2,0,723,10.0,926.65,5,791.82
2026-01-02 02:00:00,B,2,2,0,535,10.0,492.68,6,511.66
2026-01-02 02:00:00,C,2,2,0,551,27.71,696.48,4,645.94
2026-01-02 02:00:00,D,2,2,0,580,10.0,809.29,4,651.16
2026-01-02 03:00:00,A,3,2,0,742,10.0,941.44,5,843.84
2026-01-02 03:00:00,B,3,2,0,565,10.0,551.83,6,567.85
2026-01-02 03:00:00,C,3,2,0,778,10.0,883.84,4,699.24
2026-01-02 03:00:00,D,3,2,0,769,10.0,749.99,4,653.76
2026-01-02 04:00:00,A,4,2,0,692,22.01,996.95,5,872.48
2026-01-02 04:00:00,B,4,2,0,623,10.0,754.19,6,637.86
2026-01-02 04:00:00,C,4,2,0,717,15.33,941.35,4,730.7
2026-01-02 04:00:00,D,4,2,0,606,10.0,925.81,4,794.04
2026-01-02 05:00:00,A,5,2,0,689,10.0,987.26,5,889.75
2026-01-02 05:00:00,B,5,2,0,564,10.0,777.89,6,677.82
2026-01-02 05:00:00,C,5,2,0,696,13.55,946.23,4,805.51
2026-01-02 05:00:00,D,5,2,0,633,10.0,763.53,4,800.89
2026-01-02 06:00:00,A,6,2,0,738,12.27,963.04,5,837.09
2026-01-02 06:00:00,B,6,2,0,528,10.0,605.74,6,587.83
2026-01-02 06:00:00,C,6,2,0,840,10.0,986.69,4,782.02
2026-01-02 06:00:00,D,6,2,0,629,34.28,888.93,4,728.78
2026-01-02 07:00:00,A,7,2,1,1247,10.0,1458.15,5,1281.67
2026-01-02 07:00:00,B,7,2,1,685,10.0,1090.98,6,1035.44
2026-01-02 07:00:00,C,7,2,1,877,10.0,1372.45,4,1157.21
2026-01-02 07:00:00,D,7,2,1,1149,16.83,1221.42,4,1109.94
2026-01-02 08:00:00,A,8,2,1,1013,10.0,1426.52,5,1274.18
2026-01-02 08:00:00,B,8,2,1,775,20.32,956.63,6,983.2
2026-01-02 08:00:00,C,8,2,1,1159,10.35,1226.58,4,1125.95
2026-01-02 08:00:00,D,8,2,1,1054,10.0,1230.49,4,1204.29
2026-01-02 09:00:00,A,9,2,1,1222,13.63,1348.64,5,1275.01
2026-01-02 09:00:00,B,9,2,1,775,10.0,822.18,6,980.66
2026-01-02 09:00:00,C,9,2,1,932,10.0,1249.33,4,1125.72
2026-01-02 09:00:00,D,9,2,1,868,14.37,1200.52,4,1039.84
2026-01-02 10:00:00,A,10,2,0,773,10.0,748.71,5,831.62
2026-01-02 10:00:00,B,10,2,0,459,10.0,578.42,6,469.96
2026-01-02 10:00:00,C,10,2,0,607,10.0,695.56,4,621.19
2026-01-02 10:00:00,D,10,2,0,556,10.0,767.52,4,713.13
2026-01-02 11:00:00,A,11,2,0,655,10.0,639.41,5,663.26
2026-01-02 11:00:00,B,11,2,0,438,10.0,502.38,6,487.04
2026-01-02 11:00:00,C,11,2,0,551,10.0,654.17,4,597.34
2026-01-02 11:00:00,D,11,2,0,527,30.98,573.24,4,561.71
2026-01-02 12:00:00,A,12,2,0,582,10.0,630.45,5,606.07
2026-01-02 12:00:00,B,12,2,0,452,27.76,530.58,6,487.78
2026-01-02 12:00:00,C,12,2,0,620,10.0,647.48,4,525.76
2026-01-02 12:00:00,D,12,2,0,528,10.0,610.87,4,503.02
2026-01-02 13:00:00,A,13,2,0,493,10.0,549.92,5,548.9
2026-01-02 13:00:00,B,13,2,0,403,11.28,484.67,6,427.83
2026-01-02 13:00:00,C,13,2,0,396,10.0,531.6,4,572.48
2026-01-02 13:00:00,D,13,2,0,401,10.0,551.47,4,428.16
2026-01-02 14:00:00,A,14,2,0,438,10.0,527.93,5,546.06
2026-01-02 14:00:00,B,14,2,0,328,10.0,394.71,6,306.29
2026-01-02 14:00:00,C,14,2,0,396,10.0,484.75,4,462.21
2026-01-02 14:00:00,D,14,2,0,416,10.0,500.82,4,447.86
2026-01-02 15:00:00,A,15,2,0,385,18.0,414.85,5,397.54
2026-01-02 15:00:00,B,15,2,0,336,10.0,319.83,6,242.87
2026-01-02 15:00:00,C,15,2,0,441,10.0,404.05,4,442.22
2026-01-02 15:00:00,D,15,2,0,422,10.0,485.13,4,467.02
2026-01-02 16:00:00,A,16,2,1,492,10.0,554.48,5,757.8
2026-01-02 16:00:00,B,16,2,1,418,10.0,383.79,6,521.64
2026-01-02 16:00:00,C,16,2,1,518,10.0,478.82,4,694.73
2026-01-02 16:00:00,D,16,2,1,518,10.0,486.17,4,720.92
2026-01-02 17:00:00,A,17,2,1,573,17.65,494.92,5,640.78
2026-01-02 17:00:00,B,17,2,1,397,10.0,393.58,6,546.37
2026-01-02 17:00:00,C,17,2,1,469,10.0,601.1,4,563.19
2026-01-02 17:00:00,D,17,2,1,492,10.0,580.29,4,499.49
2026-01-02 18:00:00,A,18,2,1,575,10.0,608.9,5,665.96
2026-01-02 18:00:00,B,18,2,1,386,10.0,417.76,6,552.53
2026-01-02 18:00:00,C,18,2,1,362,15.58,532.09,4,601.76
2026-01-02 18:00:00,D,18,2,1,417,10.0,564.26,4,607.63
2026-01-02 19:00:00,A,19,2,1,484,10.0,583.45,5,659.86
2026-01-02 19:00:00,B,19,2,1,387,12.12,448.44,6,440.41
2026-01-02 19:00:00,C,19,2,1,396,10.0,444.12,4,577.38
2026-01-02 19:00:00,D,19,2,1,472,27.79,555.4,4,692.2
2026-01-02 20:00:00,A,20,2,0,378,10.0,383.94,5,452.7
2026-01-02 20:00:00,B,20,2,0,288,10.0,352.93,6,301.36
2026-01-02 20:00:00,C,20,2,0,297,10.0,372.07,4,419.6
2026-01-02 20:00:00,D,20,2,0,337,22.15,436.73,4,363.02
2026-01-02 21:00:00,A,21,2,0,348,10.0,460.94,5,439.16
2026-01-02 21:00:00,B,21,2,0,279,22.24,305.37,6,365.36
2026-01-02 21:00:00,C,21,2,0,312,10.0,459.46,4,491.9
2026-01-02 21:00:00,D,21,2,0,399,10.0,363.82,4,463.39
2026-01-02 22:00:00,A,22,2,0,504,16.62,525.96,5,501.58
2026-01-02 22:00:00,B,22,2,0,356,10.0,429.52,6,358.71
2026-01-02 22:00:00,C,22,2,0,416,10.0,479.21,4,533.92
2026-01-02 22:00:00,D,22,2,0,452,10.0,479.16,4,397.46
2026-01-02 23:00:00,A,23,2,0,429,25.78,542.61,5,580.27
2026-01-02 23:00:00,B,23,2,0,345,10.0,418.52,6,500.41
2026-01-02 23:00:00,C,23,2,0,430,12.29,610.5,4,477.17
2026-01-02 23:00:00,D,23,2,0,490,12.18,469.04,4,455.2
2026-01-03 00:00:00,A,0,3,0,538,10.0,602.12,5,638.11
2026-01-03 00:00:00,B,0,3,0,398,15.55,442.92,6,430.01
2026-01-03 00:00:00,C,0,3,0,483,10.0,532.59,4,556.12
2026-01-03 00:00:00,D,0,3,0,429,18.66,613.55,4,553.2
2026-01-03 01:00:00,A,1,3,0,741,28.84,688.36,5,668.05
2026-01-03 01:00:00,B,1,3,0,441,10.0,493.14,6,569.73
2026-01-03 01:00:00,C,1,3,0,652,12.17,680.31,4,740.06
2026-01-03 01:00:00,D,1,3,0,594,22.27,735.03,4,553.29
2026-01-03 02:00:00,A,2,3,0,784,10.0,932.74,5,762.85
2026-01-03 02:00:00,B,2,3,0,578,10.0,603.09,6,540.52
2026-01-03 02:00:00,C,2,3,0,646,10.0,663.0,4,689.04
2026-01-03 02:00:00,D,2,3,0,548,10.0,636.92,4,712.99
2026-01-03 03:00:00,A,3,3,0,670,27.97,724.38,5,834.84
2026-01-03 03:00:00,B,3,3,0,615,10.03,595.05,6,582.16
2026-01-03 03:00:00,C,3,3,0,554,10.0,737.45,4,741.87
2026-01-03 03:00:00,D,3,3,0,768,10.0,875.7,4,756.14
2026-01-03 04:00:00,A,4,3,0,641,10.0,878.19,5,909.57
2026-01-03 04:00:00,B,4,3,0,507,10.0,655.31,6,622.2
2026-01-03 04:00:00,C,4,3,0,622,19.37,731.6,4,792.99
2026-01-03 04:00:00,D,4,3,0,572,10.0,803.27,4,807.64
2026-01-03 05:00:00,A,5,3,0,775,10.0,1071.36,5,844.52
2026-01-03 05:00:00,B,5,3,0,509,10.0,601.42,6,561.37
2026-01-03 05:00:00,C,5,3,0,616,10.0,956.25,4,834.02
2026-01-03 05:00:00,D,5,3,0,656,24.53,812.03,4,758.58
2026-01-03 06:00:00,A,6,3,0,900,10.0,1068.55,5,910.59
2026-01-03 06:00:00,B,6,3,0,576,10.0,756.2,6,695.14
2026-01-03 06:00:00,C,6,3,0,610,10.0,975.97,4,751.01
2026-01-03 06:00:00,D,6,3,0,657,10.0,776.87,4,709.15
2026-01-03 07:00:00,A,7,3,1,1148,13.13,1185.55,5,1355.08
2026-01-03 07:00:00,B,7,3,1,893,10.0,884.93,6,1023.25
2026-01-03 07:00:00,C,7,3,1,1007,10.0,1110.2,4,1183.42
2026-01-03 07:00:00,D,7,3,1,1071,10.0,1138.11,4,1134.81
2026-01-03 08:00:00,A,8,3,1,1300,29.9,1369.62,5,1287.51
2026-01-03 08:00:00,B,8,3,1,705,12.15,957.15,6,972.72
2026-01-03 08:00:00,C,8,3,1,947,29.31,1124.91,4,1151.69
2026-01-03 08:00:00,D,8,3,1,818,10.01,1016.87,4,1142.02
2026-01-03 09:00:00,A,9,3,1,1148,22.34,1241.07,5,1261.89
2026-01-03 09:00:00,B,9,3,1,895,10.0,893.5,6,884.57
2026-01-03 09:00:00,C,9,3,1,812,35.08,960.37,4,1129.21
2026-01-03 09:00:00,D,9,3,1,808,10.0,1146.15,4,1044.21
2026-01-03 10:00:00,A,10,3,0,571,10.0,906.26,5,751.32
2026-01-03 10:00:00,B,10,3,0,514,17.66,654.83,6,561.91
2026-01-03 10:00:00,C,10,3,0,709,10.0,665.61,4,679.22
2026-01-03 10:00:00,D,10,3,0,509,22.57,659.64,4,648.16
2026-01-03 11:00:00,A,11,3,0,578,10.0,625.92,5,676.27
2026-01-03 11:00:00,B,11,3,0,547,10.81,548.56,6,468.46
2026-01-03 11:00:00,C,11,3,0,515,10.0,579.39,4,570.58
2026-01-03 11:00:00,D,11,3,0,562,10.0,739.72,4,606.96
2026-01-03 12:00:00,A,12,3,0,659,10.0,704.16,5,605.01
2026-01-03 12:00:00,B,12,3,0,472,17.02,479.39,6,410.54
2026-01-03 12:00:00,C,12,3,0,431,10.0,586.36,4,499.73
2026-01-03 12:00:00,D,12,3,0,444,13.77,507.22,4,565.5
2026-01-03 13:00:00,A,13,3,0,542,30.88,659.73,5,512.34
2026-01-03 13:00:00,B,13,3,0,347,24.47,385.64,6,367.18
2026-01-03 13:00:00,C,13,3,0,420,10.0,624.0,4,447.68
2026-01-03 13:00:00,D,13,3,0,376,30.13,463.4,4,515.3
2026-01-03 14:00:00,A,14,3,0,377,10.0,570.7,5,461.36
2026-01-03 14:00:00,B,14,3,0,340,10.0,396.42,6,348.41
2026-01-03 14:00:00,C,14,3,0,478,10.0,480.34,4,369.21
2026-01-03 14:00:00,D,14,3,0,464,10.0,472.71,4,444.41
2026-01-03 15:00:00,A,15,3,0,427,10.04,445.25,5,350.45
2026-01-03 15:00:00,B,15,3,0,358,10.0,324.71,6,290.65
2026-01-03 15:00:00,C,15,3,0,361,17.2,396.61,4,455.33
2026-01-03 15:00:00,D,15,3,0,421,10.0,475.57,4,381.58
2026-01-03 16:00:00,A,16,3,1,589,19.5,535.33,5,699.69
2026-01-03 16:00:00,B,16,3,1,325,17.41,465.36,6,552.22
2026-01-03 16:00:00,C,16,3,1,483,10.0,489.29,4,529.47
2026-01-03 16:00:00,D,16,3,1,534,10.0,601.29,4,661.46
2026-01-03 17:00:00,A,17,3,1,476,10.0,569.44,5,717.42
2026-01-03 17:00:00,B,17,3,1,336,12.83,438.52,6,566.5
2026-01-03 17:00:00,C,17,3,1,467,10.0,464.19,4,556.25
2026-01-03 17:00:00,D,17,3,1,394,10.0,550.03,4,614.32
2026-01-03 18:00:00,A,18,3,1,555,10.0,610.96,5,569.64
2026-01-03 18:00:00,B,18,3,1,312,10.0,408.73,6,507.75
2026-01-03 18:00:00,C,18,3,1,434,10.0,507.97,4,640.37
2026-01-03 18:00:00,D,18,3,1,405,20.14,559.0,4,460.31
2026-01-03 19:00:00,A,19,3,1,470,10.1,641.24,5,627.3
2026-01-03 19:00:00,B,19,3,1,366,14.67,448.94,6,528.96
2026-01-03 19:00:00,C,19,3,1,516,10.0,498.46,4,594.45
2026-01-03 19:00:00,D,19,3,1,379,10.0,562.26,4,696.74
2026-01-03 20:00:00,A,20,3,0,434,10.0,427.4,5,487.46
2026-01-03 20:00:00,B,20,3,0,263,10.91,311.7,6,275.06
2026-01-03 20:00:00,C,20,3,0,386,10.0,423.86,4,296.34
2026-01-03 20:00:00,D,20,3,0,295,10.0,357.84,4,286.85
2026-01-03 21:00:00,A,21,3,0,350,18.11,502.75,5,460.03
2026-01-03 21:00:00,B,21,3,0,272,10.0,303.38,6,331.52
2026-01-03 21:00:00,C,21,3,0,351,10.0,485.42,4,389.08
2026-01-03 21:00:00,D,21,3,0,406,10.0,396.01,4,481.53
2026-01-03 22:00:00,A,22,3,0,518,17.13,535.87,5,528.67
2026-01-03 22:00:00,B,22,3,0,314,10.0,355.03,6,276.13
2026-01-03 22:00:00,C,22,3,0,374,10.07,513.12,4,455.56
2026-01-03 22:00:00,D,22,3,0,451,10.0,472.71,4,438.09
2026-01-03 23:00:00,A,23,3,0,562,10.0,682.03,5,517.36
2026-01-03 23:00:00,B,23,3,0,391,16.4,425.88,6,309.69
2026-01-03 23:00:00,C,23,3,0,439,15.19,558.21,4,573.01
2026-01-03 23:00:00,D,23,3,0,469,10.16,518.45,4,515.11
2026-01-04 00:00:00,A,0,4,0,541,10.0,608.15,5,587.79
2026-01-04 00:00:00,B,0,4,0,465,10.0,433.65,6,393.63
2026-01-04 00:00:00,C,0,4,0,565,10.0,567.09,4,568.19
2026-01-04 00:00:00,D,0,4,0,502,10.0,632.44,4,560.22
2026-01-04 01:00:00,A,1,4,0,631,18.68,726.15,5,696.46
2026-01-04 01:00:00,B,1,4,0,430,10.0,453.81,6,428.6
2026-01-04 01:00:00,C,1,4,0,555,17.88,670.6,4,546.72
2026-01-04 01:00:00,D,1,4,0,637,10.0,733.26,4,557.63
2026-01-04 02:00:00,A,2,4,0,718,10.0,726.08,5,754.21
2026-01-04 02:00:00,B,2,4,0,449,11.21,531.3,6,616.02
2026-01-04 02:00:00,C,2,4,0,681,10.0,681.79,4,637.15
2026-01-04 02:00:00,D,2,4,0,587,10.0,786.21,4,579.62
2026-01-04 03:00:00,A,3,4,0,633,10.0,778.23,5,798.51
2026-01-04 03:00:00,B,3,4,0,533,10.97,633.02,6,620.42
2026-01-04 03:00:00,C,3,4,0,567,11.69,806.68,4,679.31
2026-01-04 03:00:00,D,3,4,0,608,10.0,846.17,4,739.92
2026-01-04 04:00:00,A,4,4,0,658,10.0,925.93,5,933.67
2026-01-04 04:00:00,B,4,4,0,471,10.0,679.9,6,668.63
2026-01-04 04:00:00,C,4,4,0,756,10.0,804.0,4,785.45
2026-01-04 04:00:00,D,4,4,0,808,10.0,892.08,4,743.97
2026-01-04 05:00:00,A,5,4,0,898,10.0,1031.85,5,879.55
2026-01-04 05:00:00,B,5,4,0,602,10.0,648.91,6,582.71
2026-01-04 05:00:00,C,5,4,0,699,10.0,975.51,4,769.9
2026-01-04 05:00:00,D,5,4,0,657,12.49,766.16,4,783.28
2026-01-04 06:00:00,A,6,4,0,845,10.0,1049.15,5,914.6
2026-01-04 06:00:00,B,6,4,0,693,10.0,724.0,6,658.48
2026-01-04 06:00:00,C,6,4,0,711,10.0,793.48,4,834.5
2026-01-04 06:00:00,D,6,4,0,833,16.69,714.26,4,780.56
2026-01-04 07:00:00,A,7,4,1,924,19.97,1356.14,5,1332.71
2026-01-04 07:00:00,B,7,4,1,779,26.56,924.23,6,1009.0
2026-01-04 07:00:00,C,7,4,1,831,10.0,1084.71,4,1234.72
2026-01-04 07:00:00,D,7,4,1,830,31.14,1112.96,4,1167.34
2026-01-04 08:00:00,A,8,4,1,1159,13.61,1311.91,5,1276.63
2026-01-04 08:00:00,B,8,4,1,888,10.0,975.16,6,939.95
2026-01-04 08:00:00,C,8,4,1,1052,13.98,1237.87,4,1185.33
2026-01-04 08:00:00,D,8,4,1,970,18.25,1194.2,4,1211.72
2026-01-04 09:00:00,A,9,4,1,1154,24.54,1086.74,5,1222.14
2026-01-04 09:00:00,B,9,4,1,817,11.47,949.67,6,998.71
2026-01-04 09:00:00,C,9,4,1,840,10.0,1141.62,4,1139.37
2026-01-04 09:00:00,D,9,4,1,1080,10.0,1241.43,4,1195.31
2026-01-04 10:00:00,A,10,4,0,730,22.07,801.34,5,773.86
2026-01-04 10:00:00,B,10,4,0,561,11.04,501.5,6,513.83
2026-01-04 10:00:00,C,10,4,0,672,23.14,794.94,4,662.7
2026-01-04 10:00:00,D,10,4,0,554,10.0,705.14,4,714.05
2026-01-04 11:00:00,A,11,4,0,656,10.0,650.29,5,661.15
2026-01-04 11:00:00,B,11,4,0,470,14.43,499.9,6,450.11
2026-01-04 11:00:00,C,11,4,0,666,12.03,698.47,4,627.3
2026-01-04 11:00:00,D,11,4,0,553,14.18,683.67,4,629.4
2026-01-04 12:00:00,A,12,4,0,506,35.85,729.6,5,633.16
2026-01-04 12:00:00,B,12,4,0,401,10.0,430.54,6,455.81
2026-01-04 12:00:00,C,12,4,0,467,10.0,554.8,4,642.87
2026-01-04 12:00:00,D,12,4,0,598,12.27,616.02,4,516.34
2026-01-04 13:00:00,A,13,4,0,488,54.48,575.13,5,606.06
2026-01-04 13:00:00,B,13,4,0,312,10.0,392.5,6,359.24
2026-01-04 13:00:00,C,13,4,0,470,10.0,576.9,4,503.03
2026-01-04 13:00:00,D,13,4,0,380,10.0,582.61,4,464.67
2026-01-04 14:00:00,A,14,4,0,478,10.0,552.65,5,450.54
2026-01-04 14:00:00,B,14,4,0,398,10.97,368.46,6,351.45
2026-01-04 14:00:00,C,14,4,0,415,10.0,531.77,4,455.95
2026-01-04 14:00:00,D,14,4,0,336,10.0,490.0,4,459.95
2026-01-04 15:00:00,A,15,4,0,485,10.0,442.82,5,443.38
2026-01-04 15:00:00,B,15,4,0,277,17.64,342.77,6,280.04
2026-01-04 15:00:00,C,15,4,0,418,10.0,465.21,4,320.47
2026-01-04 15:00:00,D,15,4,0,415,10.0,440.35,4,403.83
2026-01-04 16:00:00,A,16,4,1,598,14.92,574.39,5,604.95
2026-01-04 16:00:00,B,16,4,1,382,10.0,478.65,6,619.34
2026-01-04 16:00:00,C,16,4,1,529,10.0,597.72,4,654.09
2026-01-04 16:00:00,D,16,4,1,517,10.0,522.44,4,605.15
2026-01-04 17:00:00,A,17,4,1,520,10.77,646.42,5,624.23
2026-01-04 17:00:00,B,17,4,1,387,10.0,444.93,6,515.49
2026-01-04 17:00:00,C,17,4,1,492,10.0,612.7,4,541.26
2026-01-04 17:00:00,D,17,4,1,401,10.0,508.29,4,682.79
2026-01-04 18:00:00,A,18,4,1,478,10.0,594.59,5,626.75
2026-01-04 18:00:00,B,18,4,1,351,10.0,408.29,6,534.26
2026-01-04 18:00:00,C,18,4,1,470,20.88,597.94,4,577.92
2026-01-04 18:00:00,D,18,4,1,386,10.0,443.33,4,585.81
2026-01-04 19:00:00,A,19,4,1,454,15.76,522.0,5,650.43
2026-01-04 19:00:00,B,19,4,1,338,10.0,371.92,6,480.23
2026-01-04 19:00:00,C,19,4,1,407,10.0,498.27,4,626.03
2026-01-04 19:00:00,D,19,4,1,400,11.74,485.84,4,673.43
2026-01-04 20:00:00,A,20,4,0,432,10.0,433.97,5,407.67
2026-01-04 20:00:00,B,20,4,0,244,10.0,292.58,6,370.97
2026-01-04 20:00:00,C,20,4,0,301,11.31,370.55,4,297.57
2026-01-04 20:00:00,D,20,4,0,303,10.0,408.9,4,344.27
2026-01-04 21:00:00,A,21,4,0,462,10.0,459.5,5,450.71
2026-01-04 21:00:00,B,21,4,0,316,10.0,340.66,6,413.09
2026-01-04 21:00:00,C,21,4,0,444,10.0,414.09,4,386.25
2026-01-04 21:00:00,D,21,4,0,423,10.0,391.66,4,280.31
2026-01-04 22:00:00,A,22,4,0,384,10.0,529.18,5,567.29
2026-01-04 22:00:00,B,22,4,0,280,10.0,336.04,6,361.13
2026-01-04 22:00:00,C,22,4,0,373,33.44,550.48,4,500.16
2026-01-04 22:00:00,D,22,4,0,334,10.0,466.92,4,477.26
2026-01-04 23:00:00,A,23,4,0,513,10.0,623.56,5,572.54
2026-01-04 23:00:00,B,23,4,0,396,10.0,441.1,6,358.66
2026-01-04 23:00:00,C,23,4,0,533,10.0,482.21,4,464.92
2026-01-04 23:00:00,D,23,4,0,471,10.0,537.48,4,441.01
2026-01-05 00:00:00,A,0,5,0,480,18.37,737.19,5,588.12
2026-01-05 00:00:00,B,0,5,0,403,10.0,522.44,6,393.04
2026-01-05 00:00:00,C,0,5,0,451,12.3,646.44,4,559.92
2026-01-05 00:00:00,D,0,5,0,522,17.26,581.59,4,526.12
2026-01-05 01:00:00,A,1,5,0,639,10.0,838.75,5,682.52
2026-01-05 01:00:00,B,1,5,0,517,19.49,582.76,6,429.13
2026-01-05 01:00:00,C,1,5,0,677,10.0,655.14,4,637.14
2026-01-05 01:00:00,D,1,5,0,490,22.63,686.6,4,570.21
2026-01-05 02:00:00,A,2,5,0,822,10.0,685.22,5,727.08
2026-01-05 02:00:00,B,2,5,0,486,13.88,682.09,6,545.97
2026-01-05 02:00:00,C,2,5,0,668,10.86,816.79,4,628.1
2026-01-05 02:00:00,D,2,5,0,532,10.0,773.95,4,662.82
2026-01-05 03:00:00,A,3,5,0,667,10.0,892.64,5,800.65
2026-01-05 03:00:00,B,3,5,0,519,10.0,606.76,6,712.29
2026-01-05 03:00:00,C,3,5,0,697,10.0,680.48,4,792.3
2026-01-05 03:00:00,D,3,5,0,680,11.03,742.37,4,699.61
2026-01-05 04:00:00,A,4,5,0,661,23.12,945.88,5,785.48
2026-01-05 04:00:00,B,4,5,0,553,10.0,556.29,6,651.83
2026-01-05 04:00:00,C,4,5,0,651,10.0,727.85,4,754.85
2026-01-05 04:00:00,D,4,5,0,647,10.0,856.0,4,751.87
2026-01-05 05:00:00,A,5,5,0,936,10.0,995.3,5,900.92
2026-01-05 05:00:00,B,5,5,0,621,10.0,750.16,6,674.79
2026-01-05 05:00:00,C,5,5,0,635,10.0,942.16,4,794.14
2026-01-05 05:00:00,D,5,5,0,713,20.77,903.23,4,724.75
2026-01-05 06:00:00,A,6,5,0,889,10.0,1015.78,5,917.97
2026-01-05 06:00:00,B,6,5,0,513,10.0,717.99,6,562.21
2026-01-05 06:00:00,C,6,5,0,806,10.0,726.29,4,816.86
2026-01-05 06:00:00,D,6,5,0,822,18.83,842.09,4,783.92
2026-01-05 07:00:00,A,7,5,1,964,15.75,1327.94,5,1409.69
2026-01-05 07:00:00,B,7,5,1,979,17.95,1030.24,6,936.33
2026-01-05 07:00:00,C,7,5,1,1110,10.0,1240.61,4,1208.79
2026-01-05 07:00:00,D,7,5,1,1190,22.85,1006.5,4,1251.79
2026-01-05 08:00:00,A,8,5,1,1243,12.63,1326.37,5,1303.49
2026-01-05 08:00:00,B,8,5,1,754,10.0,951.74,6,1029.61
2026-01-05 08:00:00,C,8,5,1,950,10.0,1302.86,4,1163.2
2026-01-05 08:00:00,D,8,5,1,1022,22.02,1245.93,4,1211.93
2026-01-05 09:00:00,A,9,5,1,920,37.36,1175.43,5,1239.67
2026-01-05 09:00:00,B,9,5,1,661,10.0,779.46,6,927.89
2026-01-05 09:00:00,C,9,5,1,821,10.0,1059.74,4,1041.97
2026-01-05 09:00:00,D,9,5,1,1019,11.28,992.82,4,1094.68
2026-01-05 10:00:00,A,10,5,0,799,10.0,870.85,5,751.41
2026-01-05 10:00:00,B,10,5,0,473,10.0,613.78,6,539.72
2026-01-05 10:00:00,C,10,5,0,667,10.0,797.82,4,657.79
2026-01-05 10:00:00,D,10,5,0,596,13.75,711.48,4,636.84
2026-01-05 11:00:00,A,11,5,0,690,10.0,857.27,5,667.77
2026-01-05 11:00:00,B,11,5,0,389,10.0,577.83,6,537.0
2026-01-05 11:00:00,C,11,5,0,658,27.78,562.98,4,625.23
2026-01-05 11:00:00,D,11,5,0,494,23.6,654.88,4,579.97
2026-01-05 12:00:00,A,12,5,0,617,10.0,761.94,5,642.62
2026-01-05 12:00:00,B,12,5,0,450,10.59,565.17,6,463.33
2026-01-05 12:00:00,C,12,5,0,593,39.05,608.88,4,537.16
2026-01-05 12:00:00,D,12,5,0,516,20.26,597.8,4,516.39
2026-01-05 13:00:00,A,13,5,0,568,12.46,520.18,5,560.29
2026-01-05 13:00:00,B,13,5,0,407,10.0,375.4,6,427.91
2026-01-05 13:00:00,C,13,5,0,453,10.0,510.27,4,499.12
2026-01-05 13:00:00,D,13,5,0,496,10.0,524.83,4,536.18
2026-01-05 14:00:00,A,14,5,0,383,10.0,537.91,5,481.22
2026-01-05 14:00:00,B,14,5,0,309,10.0,439.32,6,314.98
2026-01-05 14:00:00,C,14,5,0,487,10.0,522.24,4,486.73
2026-01-05 14:00:00,D,14,5,0,337,10.0,479.57,4,435.8
2026-01-05 15:00:00,A,15,5,0,434,10.0,552.56,5,433.57
2026-01-05 15:00:00,B,15,5,0,353,10.0,356.98,6,335.23
2026-01-05 15:00:00,C,15,5,0,335,10.0,462.21,4,376.05
2026-01-05 15:00:00,D,15,5,0,435,10.0,447.1,4,386.35
2026-01-05 16:00:00,A,16,5,1,465,10.0,560.91,5,682.12
2026-01-05 16:00:00,B,16,5,1,415,10.0,509.82,6,481.72
2026-01-05 16:00:00,C,16,5,1,511,10.0,528.42,4,680.23
2026-01-05 16:00:00,D,16,5,1,470,14.58,623.53,4,748.15
2026-01-05 17:00:00,A,17,5,1,508,10.0,557.9,5,686.32
2026-01-05 17:00:00,B,17,5,1,355,11.41,475.9,6,577.92
2026-01-05 17:00:00,C,17,5,1,399,19.04,503.47,4,611.84
2026-01-05 17:00:00,D,17,5,1,454,10.86,456.03,4,606.33
2026-01-05 18:00:00,A,18,5,1,454,10.0,596.11,5,662.69
2026-01-05 18:00:00,B,18,5,1,389,10.0,361.44,6,502.44
2026-01-05 18:00:00,C,18,5,1,377,23.75,506.67,4,601.83
2026-01-05 18:00:00,D,18,5,1,377,10.0,553.68,4,571.0
2026-01-05 19:00:00,A,19,5,1,573,10.0,663.22,5,600.77
2026-01-05 19:00:00,B,19,5,1,327,10.0,420.83,6,557.0
2026-01-05 19:00:00,C,19,5,1,526,10.0,602.31,4,696.77
2026-01-05 19:00:00,D,19,5,1,389,10.0,440.59,4,610.36
2026-01-05 20:00:00,A,20,5,0,438,30.72,508.31,5,416.3
2026-01-05 20:00:00,B,20,5,0,317,21.97,324.8,6,268.42
2026-01-05 20:00:00,C,20,5,0,300,10.0,351.63,4,358.13
2026-01-05 20:00:00,D,20,5,0,369,10.0,334.49,4,288.61
2026-01-05 21:00:00,A,21,5,0,457,10.0,525.43,5,426.47
2026-01-05 21:00:00,B,21,5,0,267,19.41,358.95,6,331.02
2026-01-05 21:00:00,C,21,5,0,354,10.0,470.32,4,402.77
2026-01-05 21:00:00,D,21,5,0,307,10.0,462.11,4,420.85
2026-01-05 22:00:00,A,22,5,0,478,10.0,488.32,5,592.69
2026-01-05 22:00:00,B,22,5,0,324,10.0,429.42,6,343.06
2026-01-05 22:00:00,C,22,5,0,371,10.0,520.78,4,435.7
2026-01-05 22:00:00,D,22,5,0,452,10.0,488.9,4,451.34
2026-01-05 23:00:00,A,23,5,0,609,11.02,689.27,5,563.13
2026-01-05 23:00:00,B,23,5,0,332,10.0,368.29,6,413.42
2026-01-05 23:00:00,C,23,5,0,381,10.0,507.7,4,482.85
2026-01-05 23:00:00,D,23,5,0,525,10.0,450.41,4,521.14
2026-01-06 00:00:00,A,0,6,0,654,10.0,659.56,5,629.41
2026-01-06 00:00:00,B,0,6,0,422,13.08,565.89,6,503.04
2026-01-06 00:00:00,C,0,6,0,505,10.0,511.19,4,545.72
2026-01-06 00:00:00,D,0,6,0,458,10.0,620.89,4,530.17
2026-01-06 01:00:00,A,1,6,0,662,21.0,659.02,5,655.66
2026-01-06 01:00:00,B,1,6,0,525,13.44,532.06,6,509.24
2026-01-06 01:00:00,C,1,6,0,658,10.0,714.1,4,594.48
2026-01-06 01:00:00,D,1,6,0,629,10.0,717.99,4,605.06
2026-01-06 02:00:00,A,2,6,0,783,10.0,706.81,5,706.01
2026-01-06 02:00:00,B,2,6,0,458,10.0,547.65,6,492.44
2026-01-06 02:00:00,C,2,6,0,559,16.68,782.77,4,610.45
2026-01-06 02:00:00,D,2,6,0,648,10.0,734.54,4,690.14
2026-01-06 03:00:00,A,3,6,0,841,10.0,991.11,5,743.08
2026-01-06 03:00:00,B,3,6,0,558,10.0,543.71,6,621.19
2026-01-06 03:00:00,C,3,6,0,766,10.0,696.81,4,704.09
2026-01-06 03:00:00,D,3,6,0,652,10.0,637.35,4,710.09
2026-01-06 04:00:00,A,4,6,0,764,10.0,945.31,5,898.13
2026-01-06 04:00:00,B,4,6,0,619,10.0,602.3,6,572.0
2026-01-06 04:00:00,C,4,6,0,723,10.0,747.95,4,764.69
2026-01-06 04:00:00,D,4,6,0,780,10.0,852.09,4,741.05
2026-01-06 05:00:00,A,5,6,0,727,10.0,779.93,5,913.13
2026-01-06 05:00:00,B,5,6,0,588,10.0,681.66,6,539.91
2026-01-06 05:00:00,C,5,6,0,696,10.0,732.09,4,748.07
2026-01-06 05:00:00,D,5,6,0,752,18.29,940.16,4,723.51
2026-01-06 06:00:00,A,6,6,0,856,10.0,1004.48,5,880.15
2026-01-06 06:00:00,B,6,6,0,563,11.76,614.85,6,699.77
2026-01-06 06:00:00,C,6,6,0,673,10.0,796.0,4,845.04
2026-01-06 06:00:00,D,6,6,0,667,17.83,926.61,4,738.35
2026-01-06 07:00:00,A,7,6,1,1104,10.0,1138.59,5,1351.37
2026-01-06 07:00:00,B,7,6,1,697,10.0,1071.82,6,1021.3
2026-01-06 07:00:00,C,7,6,1,1074,10.0,1204.03,4,1218.81
2026-01-06 07:00:00,D,7,6,1,844,10.0,1331.13,4,1209.22
2026-01-06 08:00:00,A,8,6,1,1005,10.0,1323.61,5,1304.68
2026-01-06 08:00:00,B,8,6,1,759,23.33,1009.95,6,1037.06
2026-01-06 08:00:00,C,8,6,1,1180,11.5,1126.58,4,1144.25
2026-01-06 08:00:00,D,8,6,1,1021,31.05,1197.93,4,1177.99
2026-01-06 09:00:00,A,9,6,1,1018,30.22,1261.72,5,1261.0
2026-01-06 09:00:00,B,9,6,1,668,10.0,826.65,6,1021.88
2026-01-06 09:00:00,C,9,6,1,997,18.03,1138.99,4,1134.42
2026-01-06 09:00:00,D,9,6,1,929,10.0,923.8,4,1154.0
2026-01-06 10:00:00,A,10,6,0,767,10.65,841.73,5,847.44
2026-01-06 10:00:00,B,10,6,0,594,23.82,613.56,6,623.44
2026-01-06 10:00:00,C,10,6,0,682,10.0,762.69,4,683.08
2026-01-06 10:00:00,D,10,6,0,544,10.07,809.27,4,632.24
2026-01-06 11:00:00,A,11,6,0,592,10.0,771.82,5,680.24
2026-01-06 11:00:00,B,11,6,0,400,18.58,573.32,6,567.38
2026-01-06 11:00:00,C,11,6,0,588,12.97,594.67,4,585.3
2026-01-06 11:00:00,D,11,6,0,611,28.22,606.98,4,649.7
2026-01-06 12:00:00,A,12,6,0,673,10.0,729.49,5,648.63
2026-01-06 12:00:00,B,12,6,0,387,10.0,493.4,6,447.72
2026-01-06 12:00:00,C,12,6,0,611,20.25,573.68,4,501.24
2026-01-06 12:00:00,D,12,6,0,416,10.0,515.6,4,592.87
2026-01-06 13:00:00,A,13,6,0,531,10.33,606.38,5,497.1
2026-01-06 13:00:00,B,13,6,0,366,10.0,414.24,6,422.61
2026-01-06 13:00:00,C,13,6,0,413,10.0,479.01,4,523.02
2026-01-06 13:00:00,D,13,6,0,389,10.0,468.49,4,505.47
2026-01-06 14:00:00,A,14,6,0,409,11.92,496.05,5,524.58
2026-01-06 14:00:00,B,14,6,0,395,10.0,449.4,6,398.31
2026-01-06 14:00:00,C,14,6,0,370,10.0,494.18,4,422.88
2026-01-06 14:00:00,D,14,6,0,396,14.56,407.92,4,474.09
2026-01-06 15:00:00,A,15,6,0,358,10.0,445.67,5,418.34
2026-01-06 15:00:00,B,15,6,0,256,10.0,329.55,6,354.02
2026-01-06 15:00:00,C,15,6,0,442,10.0,397.04,4,372.73
2026-01-06 15:00:00,D,15,6,0,313,11.87,361.13,4,383.55
2026-01-06 16:00:00,A,16,6,1,463,10.0,670.58,5,668.23
2026-01-06 16:00:00,B,16,6,1,455,10.0,424.5,6,562.68
2026-01-06 16:00:00,C,16,6,1,529,11.65,563.67,4,627.82
2026-01-06 16:00:00,D,16,6,1,512,10.0,556.58,4,612.9
2026-01-06 17:00:00,A,17,6,1,564,10.0,615.42,5,649.67
2026-01-06 17:00:00,B,17,6,1,333,10.0,378.37,6,571.59
2026-01-06 17:00:00,C,17,6,1,456,10.0,480.9,4,620.01
2026-01-06 17:00:00,D,17,6,1,483,10.0,475.27,4,597.51
2026-01-06 18:00:00,A,18,6,1,415,10.0,520.58,5,630.14
2026-01-06 18:00:00,B,18,6,1,308,10.0,480.85,6,442.42
2026-01-06 18:00:00,C,18,6,1,468,25.71,542.79,4,558.89
2026-01-06 18:00:00,D,18,6,1,493,10.0,438.6,4,647.74
2026-01-06 19:00:00,A,19,6,1,586,10.34,676.97,5,683.3
2026-01-06 19:00:00,B,19,6,1,321,10.0,455.98,6,513.51
2026-01-06 19:00:00,C,19,6,1,381,10.0,540.95,4,563.77
2026-01-06 19:00:00,D,19,6,1,417,27.82,489.5,4,545.9
2026-01-06 20:00:00,A,20,6,0,327,11.03,385.73,5,367.51
2026-01-06 20:00:00,B,20,6,0,255,10.0,351.47,6,418.83
2026-01-06 20:00:00,C,20,6,0,349,10.0,384.07,4,308.17
2026-01-06 20:00:00,D,20,6,0,287,11.16,415.55,4,415.38
2026-01-06 21:00:00,A,21,6,0,422,13.03,453.81,5,439.54
2026-01-06 21:00:00,B,21,6,0,299,10.0,373.92,6,304.16
2026-01-06 21:00:00,C,21,6,0,370,10.0,410.82,4,418.56
2026-01-06 21:00:00,D,21,6,0,378,10.0,370.17,4,339.21
2026-01-06 22:00:00,A,22,6,0,499,10.0,554.02,5,468.93
2026-01-06 22:00:00,B,22,6,0,357,10.0,427.68,6,372.05
2026-01-06 22:00:00,C,22,6,0,369,10.0,484.32,4,450.1
2026-01-06 22:00:00,D,22,6,0,418,10.0,532.58,4,482.39
2026-01-06 23:00:00,A,23,6,0,440,10.0,686.01,5,537.52
2026-01-06 23:00:00,B,23,6,0,439,10.0,458.88,6,485.99
2026-01-06 23:00:00,C,23,6,0,506,10.0,622.93,4,496.32
2026-01-06 23:00:00,D,23,6,0,407,10.0,451.53,4,486.7
2026-01-07 00:00:00,A,0,7,0,510,10.0,737.67,5,547.94
2026-01-07 00:00:00,B,0,7,0,338,10.0,422.71,6,413.03
2026-01-07 00:00:00,C,0,7,0,570,10.0,610.72,4,588.13
2026-01-07 00:00:00,D,0,7,0,466,10.0,613.67,4,533.18
2026-01-07 01:00:00,A,1,7,0,558,10.64,605.34,5,668.07
2026-01-07 01:00:00,B,1,7,0,446,10.0,591.68,6,521.18
2026-01-07 01:00:00,C,1,7,0,641,10.0,655.1,4,583.07
2026-01-07 01:00:00,D,1,7,0,525,10.0,562.06,4,558.44
2026-01-07 02:00:00,A,2,7,0,717,10.0,656.39,5,808.97
2026-01-07 02:00:00,B,2,7,0,400,17.84,498.71,6,529.11
2026-01-07 02:00:00,C,2,7,0,615,10.0,762.04,4,687.05
2026-01-07 02:00:00,D,2,7,0,612,10.0,624.89,4,621.5
2026-01-07 03:00:00,A,3,7,0,616,10.0,761.65,5,754.96
2026-01-07 03:00:00,B,3,7,0,425,10.0,681.43,6,506.53
2026-01-07 03:00:00,C,3,7,0,714,10.7,712.01,4,681.14
2026-01-07 03:00:00,D,3,7,0,534,16.19,765.23,4,730.3
2026-01-07 04:00:00,A,4,7,0,863,23.27,814.44,5,911.36
2026-01-07 04:00:00,B,4,7,0,625,30.39,595.93,6,648.7
2026-01-07 04:00:00,C,4,7,0,617,16.2,835.23,4,678.8
2026-01-07 04:00:00,D,4,7,0,602,10.0,796.79,4,756.66
2026-01-07 05:00:00,A,5,7,0,692,10.0,975.48,5,960.61
2026-01-07 05:00:00,B,5,7,0,486,10.0,711.9,6,641.8
2026-01-07 05:00:00,C,5,7,0,644,10.0,875.06,4,688.74
2026-01-07 05:00:00,D,5,7,0,624,10.0,790.33,4,701.5
2026-01-07 06:00:00,A,6,7,0,874,10.0,1027.23,5,833.76
2026-01-07 06:00:00,B,6,7,0,657,10.0,686.36,6,595.86
2026-01-07 06:00:00,C,6,7,0,593,10.0,735.21,4,680.62
2026-01-07 06:00:00,D,6,7,0,710,10.0,682.24,4,800.65
2026-01-07 07:00:00,A,7,7,1,1201,10.0,1309.12,5,1383.54
2026-01-07 07:00:00,B,7,7,1,750,32.66,866.23,6,959.76
2026-01-07 07:00:00,C,7,7,1,974,10.0,1098.57,4,1166.44
2026-01-07 07:00:00,D,7,7,1,964,10.0,1252.35,4,1152.41
2026-01-07 08:00:00,A,8,7,1,1207,10.0,1248.29,5,1268.51
2026-01-07 08:00:00,B,8,7,1,791,10.0,797.93,6,902.92
2026-01-07 08:00:00,C,8,7,1,932,15.65,1049.57,4,1143.79
2026-01-07 08:00:00,D,8,7,1,986,10.0,1222.05,4,1120.62
2026-01-07 09:00:00,A,9,7,1,1107,11.13,1286.48,5,1280.17
2026-01-07 09:00:00,B,9,7,1,707,22.88,780.62,6,891.33
2026-01-07 09:00:00,C,9,7,1,1040,10.0,1032.9,4,1068.5
2026-01-07 09:00:00,D,9,7,1,901,11.94,900.01,4,1062.89
2026-01-07 10:00:00,A,10,7,0,558,10.0,848.16,5,763.75
2026-01-07 10:00:00,B,10,7,0,561,10.0,544.36,6,585.2
2026-01-07 10:00:00,C,10,7,0,594,10.4,726.23,4,706.93
2026-01-07 10:00:00,D,10,7,0,654,14.12,657.97,4,676.42
2026-01-07 11:00:00,A,11,7,0,689,10.0,798.83,5,614.8
2026-01-07 11:00:00,B,11,7,0,494,10.0,499.1,6,448.18
2026-01-07 11:00:00,C,11,7,0,570,10.0,625.62,4,642.52
2026-01-07 11:00:00,D,11,7,0,562,10.0,607.06,4,546.49
2026-01-07 12:00:00,A,12,7,0,486,29.8,592.76,5,714.58
2026-01-07 12:00:00,B,12,7,0,359,10.0,461.99,6,427.12
2026-01-07 12:00:00,C,12,7,0,427,10.0,570.29,4,500.07
2026-01-07 12:00:00,D,12,7,0,484,16.38,488.57,4,444.59
2026-01-07 13:00:00,A,13,7,0,468,25.12,548.09,5,539.04
2026-01-07 13:00:00,B,13,7,0,389,26.76,370.19,6,390.97
2026-01-07 13:00:00,C,13,7,0,531,10.0,541.5,4,417.48
2026-01-07 13:00:00,D,13,7,0,475,16.96,504.53,4,561.98
2026-01-07 14:00:00,A,14,7,0,461,24.83,560.95,5,407.92
2026-01-07 14:00:00,B,14,7,0,364,19.74,323.59,6,334.68
2026-01-07 14:00:00,C,14,7,0,361,10.0,447.17,4,416.59
2026-01-07 14:00:00,D,14,7,0,399,10.0,464.75,4,413.8
2026-01-07 15:00:00,A,15,7,0,466,10.0,527.29,5,492.26
2026-01-07 15:00:00,B,15,7,0,326,11.26,282.31,6,324.41
2026-01-07 15:00:00,C,15,7,0,310,10.0,433.7,4,364.19
2026-01-07 15:00:00,D,15,7,0,400,10.0,373.73,4,391.89
2026-01-07 16:00:00,A,16,7,1,616,18.63,658.13,5,761.32
2026-01-07 16:00:00,B,16,7,1,397,10.0,430.14,6,493.07
2026-01-07 16:00:00,C,16,7,1,403,12.34,585.46,4,657.14
2026-01-07 16:00:00,D,16,7,1,492,33.94,590.24,4,533.75
2026-01-07 17:00:00,A,17,7,1,494,22.08,614.07,5,643.65
2026-01-07 17:00:00,B,17,7,1,340,10.0,369.82,6,515.95
2026-01-07 17:00:00,C,17,7,1,476,10.0,456.2,4,566.71
2026-01-07 17:00:00,D,17,7,1,405,10.0,540.64,4,642.26
2026-01-07 18:00:00,A,18,7,1,404,10.0,486.18,5,588.11
2026-01-07 18:00:00,B,18,7,1,392,10.0,347.08,6,524.03
2026-01-07 18:00:00,C,18,7,1,451,10.0,573.06,4,549.61
2026-01-07 18:00:00,D,18,7,1,490,10.0,496.02,4,576.84
2026-01-07 19:00:00,A,19,7,1,512,10.0,510.42,5,566.23
2026-01-07 19:00:00,B,19,7,1,396,13.0,363.01,6,507.03
2026-01-07 19:00:00,C,19,7,1,512,10.0,513.98,4,659.95
2026-01-07 19:00:00,D,19,7,1,484,10.0,453.14,4,542.1
2026-01-07 20:00:00,A,20,7,0,396,10.0,352.72,5,366.66
2026-01-07 20:00:00,B,20,7,0,229,10.0,259.68,6,232.72
2026-01-07 20:00:00,C,20,7,0,361,10.0,348.64,4,397.95
2026-01-07 20:00:00,D,20,7,0,358,10.0,390.85,4,360.52
2026-01-07 21:00:00,A,21,7,0,327,10.0,452.24,5,434.39
2026-01-07 21:00:00,B,21,7,0,252,10.0,304.63,6,345.86
2026-01-07 21:00:00,C,21,7,0,332,10.0,434.21,4,353.42
2026-01-07 21:00:00,D,21,7,0,306,10.0,371.73,4,468.72
2026-01-07 22:00:00,A,22,7,0,379,26.83,509.27,5,476.16
2026-01-07 22:00:00,B,22,7,0,380,10.0,357.9,6,419.69
2026-01-07 22:00:00,C,22,7,0,352,10.0,529.73,4,394.03
2026-01-07 22:00:00,D,22,7,0,331,23.11,420.85,4,409.56
2026-01-07 23:00:00,A,23,7,0,586,10.0,623.8,5,556.92
2026-01-07 23:00:00,B,23,7,0,408,10.0,401.18,6,455.51
2026-01-07 23:00:00,C,23,7,0,363,10.0,505.49,4,457.55
2026-01-07 23:00:00,D,23,7,0,425,10.0,469.88,4,492.83
2026-01-08 00:00:00,A,0,1,0,638,10.0,724.89,5,583.71
2026-01-08 00:00:00,B,0,1,0,387,12.79,447.0,6,507.84
2026-01-08 00:00:00,C,0,1,0,515,11.82,521.94,4,508.64
2026-01-08 00:00:00,D,0,1,0,520,10.0,571.79,4,560.46
2026-01-08 01:00:00,A,1,1,0,577,12.79,643.38,5,642.56
2026-01-08 01:00:00,B,1,1,0,486,10.0,526.48,6,452.68
2026-01-08 01:00:00,C,1,1,0,584,10.0,651.93,4,570.24
2026-01-08 01:00:00,D,1,1,0,575,10.0,567.63,4,637.32
2026-01-08 02:00:00,A,2,1,0,617,10.0,674.62,5,716.29
2026-01-08 02:00:00,B,2,1,0,562,10.0,500.82,6,550.17
2026-01-08 02:00:00,C,2,1,0,518,15.91,635.69,4,651.21
2026-01-08 02:00:00,D,2,1,0,531,10.0,574.21,4,605.08
2026-01-08 03:00:00,A,3,1,0,762,20.33,694.74,5,700.35
2026-01-08 03:00:00,B,3,1,0,453,10.0,680.62,6,526.02
2026-01-08 03:00:00,C,3,1,0,644,10.0,706.29,4,744.31
2026-01-08 03:00:00,D,3,1,0,695,10.0,713.71,4,648.58
2026-01-08 04:00:00,A,4,1,0,666,10.38,900.14,5,815.1
2026-01-08 04:00:00,B,4,1,0,642,15.17,724.76,6,607.04
2026-01-08 04:00:00,C,4,1,0,800,10.0,734.18,4,726.08
2026-01-08 04:00:00,D,4,1,0,760,10.0,883.61,4,728.86
2026-01-08 05:00:00,A,5,1,0,812,10.0,910.91,5,838.06
2026-01-08 05:00:00,B,5,1,0,547,23.61,547.6,6,608.49
2026-01-08 05:00:00,C,5,1,0,734,10.0,809.21,4,732.56
2026-01-08 05:00:00,D,5,1,0,709,10.03,908.09,4,739.91
2026-01-08 06:00:00,A,6,1,0,672,14.44,1029.93,5,809.76
2026-01-08 06:00:00,B,6,1,0,462,10.0,673.45,6,647.46
2026-01-08 06:00:00,C,6,1,0,653,16.83,727.38,4,796.54
2026-01-08 06:00:00,D,6,1,0,606,14.3,863.63,4,772.7
2026-01-08 07:00:00,A,7,1,1,1167,12.29,1394.58,5,1239.68
2026-01-08 07:00:00,B,7,1,1,672,10.0,1058.6,6,981.04
2026-01-08 07:00:00,C,7,1,1,978,10.0,1065.59,4,1148.22
2026-01-08 07:00:00,D,7,1,1,831,10.0,1126.14,4,1157.33
2026-01-08 08:00:00,A,8,1,1,913,35.67,1323.24,5,1220.92
2026-01-08 08:00:00,B,8,1,1,680,10.0,778.02,6,992.62
2026-01-08 08:00:00,C,8,1,1,1008,16.54,1242.4,4,1166.49
2026-01-08 08:00:00,D,8,1,1,1028,10.0,1183.87,4,1120.41
2026-01-08 09:00:00,A,9,1,1,908,30.75,1300.37,5,1174.94
2026-01-08 09:00:00,B,9,1,1,651,10.0,841.88,6,981.51
2026-01-08 09:00:00,C,9,1,1,878,10.0,999.89,4,1029.99
2026-01-08 09:00:00,D,9,1,1,960,10.0,1013.8,4,1057.29
2026-01-08 10:00:00,A,10,1,0,547,10.0,652.71,5,707.71
2026-01-08 10:00:00,B,10,1,0,431,10.0,643.72,6,515.12
2026-01-08 10:00:00,C,10,1,0,545,10.0,763.77,4,732.78
2026-01-08 10:00:00,D,10,1,0,623,10.0,620.53,4,613.56
2026-01-08 11:00:00,A,11,1,0,609,10.0,651.23,5,633.33
2026-01-08 11:00:00,B,11,1,0,492,10.0,567.92,6,545.24
2026-01-08 11:00:00,C,11,1,0,476,32.23,550.39,4,612.06
2026-01-08 11:00:00,D,11,1,0,484,10.0,650.01,4,515.64
2026-01-08 12:00:00,A,12,1,0,464,21.43,613.74,5,562.2
2026-01-08 12:00:00,B,12,1,0,346,10.0,419.95,6,460.7
2026-01-08 12:00:00,C,12,1,0,545,17.05,638.53,4,601.66
2026-01-08 12:00:00,D,12,1,0,560,10.0,519.62,4,503.38
2026-01-08 13:00:00,A,13,1,0,474,10.0,528.22,5,526.21
2026-01-08 13:00:00,B,13,1,0,356,10.0,488.39,6,400.11
2026-01-08 13:00:00,C,13,1,0,394,10.0,601.16,4,445.43
2026-01-08 13:00:00,D,13,1,0,413,20.72,586.3,4,499.16
2026-01-08 14:00:00,A,14,1,0,414,16.22,569.36,5,439.99
2026-01-08 14:00:00,B,14,1,0,357,10.0,354.6,6,228.19
2026-01-08 14:00:00,C,14,1,0,369,13.21,449.44,4,438.98
2026-01-08 14:00:00,D,14,1,0,327,10.0,399.62,4,425.54
2026-01-08 15:00:00,A,15,1,0,402,11.93,480.8,5,478.13
2026-01-08 15:00:00,B,15,1,0,322,10.0,344.47,6,319.08
2026-01-08 15:00:00,C,15,1,0,359,10.0,414.24,4,419.6
2026-01-08 15:00:00,D,15,1,0,295,14.93,376.71,4,337.28
2026-01-08 16:00:00,A,16,1,1,469,10.0,649.46,5,643.19
2026-01-08 16:00:00,B,16,1,1,326,10.0,473.36,6,486.73
2026-01-08 16:00:00,C,16,1,1,495,13.88,561.34,4,666.39
2026-01-08 16:00:00,D,16,1,1,400,10.0,611.33,4,574.34
2026-01-08 17:00:00,A,17,1,1,556,10.0,501.15,5,640.3
2026-01-08 17:00:00,B,17,1,1,422,10.0,366.31,6,490.12
2026-01-08 17:00:00,C,17,1,1,424,16.09,557.84,4,551.53
2026-01-08 17:00:00,D,17,1,1,419,27.57,489.65,4,580.87
2026-01-08 18:00:00,A,18,1,1,441,10.0,590.7,5,589.48
2026-01-08 18:00:00,B,18,1,1,370,10.0,369.15,6,485.79
2026-01-08 18:00:00,C,18,1,1,482,10.0,546.12,4,559.79
2026-01-08 18:00:00,D,18,1,1,423,10.0,468.65,4,565.0
2026-01-08 19:00:00,A,19,1,1,414,10.0,630.55,5,561.49
2026-01-08 19:00:00,B,19,1,1,401,10.26,423.56,6,425.07
2026-01-08 19:00:00,C,19,1,1,374,10.0,465.54,4,580.07
2026-01-08 19:00:00,D,19,1,1,447,18.87,436.44,4,502.62
2026-01-08 20:00:00,A,20,1,0,418,11.64,361.97,5,429.58
2026-01-08 20:00:00,B,20,1,0,304,21.33,302.81,6,333.36
2026-01-08 20:00:00,C,20,1,0,386,10.0,429.4,4,285.5
2026-01-08 20:00:00,D,20,1,0,357,11.83,343.39,4,404.46
2026-01-08 21:00:00,A,21,1,0,364,10.0,430.55,5,371.32
2026-01-08 21:00:00,B,21,1,0,341,10.0,368.43,6,351.58
2026-01-08 21:00:00,C,21,1,0,425,10.0,364.93,4,400.86
2026-01-08 21:00:00,D,21,1,0,294,21.91,436.4,4,363.79
2026-01-08 22:00:00,A,22,1,0,483,10.0,493.59,5,454.61
2026-01-08 22:00:00,B,22,1,0,369,10.0,332.18,6,343.59
2026-01-08 22:00:00,C,22,1,0,427,14.51,398.64,4,401.77
2026-01-08 22:00:00,D,22,1,0,463,10.0,503.69,4,456.91
2026-01-08 23:00:00,A,23,1,0,454,20.11,535.12,5,485.15
2026-01-08 23:00:00,B,23,1,0,426,10.0,440.24,6,382.58
2026-01-08 23:00:00,C,23,1,0,451,10.0,569.0,4,497.42
2026-01-08 23:00:00,D,23,1,0,376,10.0,535.94,4,482.51
2026-01-09 00:00:00,A,0,2,0,648,10.0,663.59,5,676.86
2026-01-09 00:00:00,B,0,2,0,350,10.0,509.65,6,504.09
2026-01-09 00:00:00,C,0,2,0,552,10.0,551.58,4,512.01
2026-01-09 00:00:00,D,0,2,0,472,10.0,684.03,4,555.89
2026-01-09 01:00:00,A,1,2,0,684,10.17,737.03,5,594.57
2026-01-09 01:00:00,B,1,2,0,379,10.0,467.27,6,587.83
2026-01-09 01:00:00,C,1,2,0,638,10.0,693.26,4,661.25
2026-01-09 01:00:00,D,1,2,0,610,40.58,558.23,4,703.88
2026-01-09 02:00:00,A,2,2,0,605,10.0,907.92,5,783.51
2026-01-09 02:00:00,B,2,2,0,554,14.62,673.07,6,574.04
2026-01-09 02:00:00,C,2,2,0,710,10.0,610.71,4,684.72
2026-01-09 02:00:00,D,2,2,0,591,10.0,626.45,4,604.05
2026-01-09 03:00:00,A,3,2,0,775,10.0,784.88,5,810.4
2026-01-09 03:00:00,B,3,2,0,602,10.0,546.5,6,615.23
2026-01-09 03:00:00,C,3,2,0,627,10.0,694.02,4,726.8
2026-01-09 03:00:00,D,3,2,0,682,17.09,873.75,4,785.89
2026-01-09 04:00:00,A,4,2,0,904,10.0,935.53,5,868.6
2026-01-09 04:00:00,B,4,2,0,585,10.0,720.62,6,631.18
2026-01-09 04:00:00,C,4,2,0,802,10.0,849.57,4,813.32
2026-01-09 04:00:00,D,4,2,0,701,10.0,723.07,4,786.09
2026-01-09 05:00:00,A,5,2,0,811,10.0,927.0,5,800.34
2026-01-09 05:00:00,B,5,2,0,480,10.0,608.18,6,640.54
2026-01-09 05:00:00,C,5,2,0,727,33.18,792.79,4,789.18
2026-01-09 05:00:00,D,5,2,0,575,10.0,794.02,4,799.91
2026-01-09 06:00:00,A,6,2,0,713,23.89,820.08,5,835.7
2026-01-09 06:00:00,B,6,2,0,533,16.26,610.35,6,693.89
2026-01-09 06:00:00,C,6,2,0,619,16.13,951.23,4,759.96
2026-01-09 06:00:00,D,6,2,0,596,10.0,728.86,4,789.96
2026-01-09 07:00:00,A,7,2,1,1006,24.19,1507.84,5,1308.64
2026-01-09 07:00:00,B,7,2,1,875,18.74,1113.18,6,998.75
2026-01-09 07:00:00,C,7,2,1,1069,10.0,1245.61,4,1219.36
2026-01-09 07:00:00,D,7,2,1,1072,10.0,1174.93,4,1104.64
2026-01-09 08:00:00,A,8,2,1,900,10.0,1262.56,5,1319.41
2026-01-09 08:00:00,B,8,2,1,785,10.0,970.25,6,950.27
2026-01-09 08:00:00,C,8,2,1,999,10.0,1282.02,4,1229.21
2026-01-09 08:00:00,D,8,2,1,990,10.0,1296.05,4,1158.5
2026-01-09 09:00:00,A,9,2,1,1070,10.0,1270.63,5,1353.4
2026-01-09 09:00:00,B,9,2,1,670,10.0,995.21,6,994.67
2026-01-09 09:00:00,C,9,2,1,1088,18.21,1145.18,4,1115.76
2026-01-09 09:00:00,D,9,2,1,1082,28.88,1003.78,4,1013.32
2026-01-09 10:00:00,A,10,2,0,681,10.0,724.41,5,767.17
2026-01-09 10:00:00,B,10,2,0,536,10.0,545.02,6,563.56
2026-01-09 10:00:00,C,10,2,0,587,23.59,765.96,4,677.83
2026-01-09 10:00:00,D,10,2,0,637,32.43,816.68,4,671.68
2026-01-09 11:00:00,A,11,2,0,621,10.0,830.92,5,786.03
2026-01-09 11:00:00,B,11,2,0,448,18.05,481.24,6,436.59
2026-01-09 11:00:00,C,11,2,0,650,10.0,717.29,4,626.5
2026-01-09 11:00:00,D,11,2,0,489,22.73,667.83,4,680.52
2026-01-09 12:00:00,A,12,2,0,525,10.0,657.68,5,598.01
2026-01-09 12:00:00,B,12,2,0,350,10.0,450.12,6,461.74
2026-01-09 12:00:00,C,12,2,0,486,10.0,541.69,4,621.26
2026-01-09 12:00:00,D,12,2,0,529,10.0,518.94,4,514.64
2026-01-09 13:00:00,A,13,2,0,539,10.0,510.5,5,573.82
2026-01-09 13:00:00,B,13,2,0,406,18.94,380.9,6,368.24
2026-01-09 13:00:00,C,13,2,0,468,10.0,546.39,4,521.72
2026-01-09 13:00:00,D,13,2,0,544,10.66,490.84,4,479.67
2026-01-09 14:00:00,A,14,2,0,391,10.49,502.41,5,534.21
2026-01-09 14:00:00,B,14,2,0,326,10.0,372.01,6,374.02
2026-01-09 14:00:00,C,14,2,0,406,10.0,442.6,4,419.1
2026-01-09 14:00:00,D,14,2,0,456,10.0,511.5,4,415.4
2026-01-09 15:00:00,A,15,2,0,429,10.0,482.39,5,391.22
2026-01-09 15:00:00,B,15,2,0,259,10.0,364.25,6,365.46
2026-01-09 15:00:00,C,15,2,0,338,10.0,393.49,4,403.39
2026-01-09 15:00:00,D,15,2,0,347,10.0,423.8,4,392.27
2026-01-09 16:00:00,A,16,2,1,497,11.23,635.28,5,702.57
2026-01-09 16:00:00,B,16,2,1,440,10.0,507.36,6,508.94
2026-01-09 16:00:00,C,16,2,1,415,13.5,550.46,4,613.12
2026-01-09 16:00:00,D,16,2,1,546,10.0,608.0,4,627.62
2026-01-09 17:00:00,A,17,2,1,577,10.0,568.94,5,665.38
2026-01-09 17:00:00,B,17,2,1,335,10.0,395.16,6,479.77
2026-01-09 17:00:00,C,17,2,1,401,10.0,496.96,4,641.32
2026-01-09 17:00:00,D,17,2,1,456,28.43,491.01,4,591.18
2026-01-09 18:00:00,A,18,2,1,426,10.0,644.42,5,614.6
2026-01-09 18:00:00,B,18,2,1,356,10.0,469.93,6,492.04
2026-01-09 18:00:00,C,18,2,1,417,10.0,558.04,4,596.05
2026-01-09 18:00:00,D,18,2,1,465,10.0,514.09,4,493.3
2026-01-09 19:00:00,A,19,2,1,585,10.0,584.81,5,627.45
2026-01-09 19:00:00,B,19,2,1,348,10.0,419.12,6,533.97
2026-01-09 19:00:00,C,19,2,1,385,10.0,443.65,4,514.56
2026-01-09 19:00:00,D,19,2,1,520,10.0,526.33,4,554.82
2026-01-09 20:00:00,A,20,2,0,448,10.0,439.43,5,372.51
2026-01-09 20:00:00,B,20,2,0,257,10.0,321.84,6,279.96
2026-01-09 20:00:00,C,20,2,0,348,17.89,407.61,4,334.32
2026-01-09 20:00:00,D,20,2,0,323,10.0,384.98,4,356.65
2026-01-09 21:00:00,A,21,2,0,475,14.96,453.98,5,517.96
2026-01-09 21:00:00,B,21,2,0,269,10.0,333.54,6,254.52
2026-01-09 21:00:00,C,21,2,0,307,10.0,476.06,4,345.53
2026-01-09 21:00:00,D,21,2,0,406,10.0,418.07,4,368.5
2026-01-09 22:00:00,A,22,2,0,484,10.0,594.89,5,537.46
2026-01-09 22:00:00,B,22,2,0,294,10.0,378.06,6,363.9
2026-01-09 22:00:00,C,22,2,0,415,10.0,438.5,4,451.81
2026-01-09 22:00:00,D,22,2,0,439,10.0,545.55,4,471.5
2026-01-09 23:00:00,A,23,2,0,477,10.0,660.24,5,528.73
2026-01-09 23:00:00,B,23,2,0,424,10.0,429.61,6,392.41
2026-01-09 23:00:00,C,23,2,0,540,10.0,622.05,4,437.52
2026-01-09 23:00:00,D,23,2,0,493,20.68,491.69,4,471.05
2026-01-10 00:00:00,A,0,3,0,686,10.0,643.99,5,577.21
2026-01-10 00:00:00,B,0,3,0,431,10.0,526.21,6,455.47
2026-01-10 00:00:00,C,0,3,0,477,26.95,582.88,4,609.86
2026-01-10 00:00:00,D,0,3,0,526,10.0,544.74,4,625.19
2026-01-10 01:00:00,A,1,3,0,526,22.33,782.94,5,644.68
2026-01-10 01:00:00,B,1,3,0,546,29.79,606.52,6,480.14
2026-01-10 01:00:00,C,1,3,0,638,10.0,754.96,4,676.38
2026-01-10 01:00:00,D,1,3,0,537,10.0,718.0,4,601.09
2026-01-10 02:00:00,A,2,3,0,745,10.0,770.12,5,792.8
2026-01-10 02:00:00,B,2,3,0,510,10.0,599.3,6,471.52
2026-01-10 02:00:00,C,2,3,0,600,27.78,782.31,4,675.72
2026-01-10 02:00:00,D,2,3,0,632,10.0,651.5,4,598.27
2026-01-10 03:00:00,A,3,3,0,837,22.64,975.96,5,778.01
2026-01-10 03:00:00,B,3,3,0,587,10.0,639.48,6,632.85
2026-01-10 03:00:00,C,3,3,0,794,10.0,857.53,4,737.13
2026-01-10 03:00:00,D,3,3,0,606,10.0,743.93,4,727.01
2026-01-10 04:00:00,A,4,3,0,747,15.16,1035.75,5,816.22
2026-01-10 04:00:00,B,4,3,0,487,20.26,663.79,6,612.96
2026-01-10 04:00:00,C,4,3,0,770,28.69,724.11,4,807.87
2026-01-10 04:00:00,D,4,3,0,807,10.0,782.56,4,646.43
2026-01-10 05:00:00,A,5,3,0,867,10.0,974.1,5,808.89
2026-01-10 05:00:00,B,5,3,0,576,18.02,678.8,6,604.23
2026-01-10 05:00:00,C,5,3,0,704,10.0,777.82,4,865.25
2026-01-10 05:00:00,D,5,3,0,665,21.27,822.64,4,723.85
2026-01-10 06:00:00,A,6,3,0,658,10.0,1002.39,5,886.66
2026-01-10 06:00:00,B,6,3,0,589,21.87,685.61,6,692.49
2026-01-10 06:00:00,C,6,3,0,601,13.06,968.6,4,809.41
2026-01-10 06:00:00,D,6,3,0,830,10.0,910.13,4,784.53
2026-01-10 07:00:00,A,7,3,1,1308,10.0,1142.65,5,1370.6
2026-01-10 07:00:00,B,7,3,1,913,13.39,1076.56,6,1051.57
2026-01-10 07:00:00,C,7,3,1,1206,21.11,1146.02,4,1303.97
2026-01-10 07:00:00,D,7,3,1,966,10.0,1163.87,4,1099.55
2026-01-10 08:00:00,A,8,3,1,1177,10.0,1428.87,5,1311.6
2026-01-10 08:00:00,B,8,3,1,774,10.0,927.74,6,966.02
2026-01-10 08:00:00,C,8,3,1,932,10.0,1209.52,4,1203.39
2026-01-10 08:00:00,D,8,3,1,1108,10.0,1279.9,4,1186.83
2026-01-10 09:00:00,A,9,3,1,1137,16.06,1357.01,5,1288.9
2026-01-10 09:00:00,B,9,3,1,694,44.11,919.08,6,839.85
2026-01-10 09:00:00,C,9,3,1,1000,14.59,1104.1,4,1166.65
2026-01-10 09:00:00,D,9,3,1,881,10.0,1102.56,4,1104.18
2026-01-10 10:00:00,A,10,3,0,633,10.0,843.83,5,774.46
2026-01-10 10:00:00,B,10,3,0,488,17.96,666.69,6,496.06
2026-01-10 10:00:00,C,10,3,0,683,10.49,785.31,4,737.26
2026-01-10 10:00:00,D,10,3,0,659,10.0,711.68,4,555.2
2026-01-10 11:00:00,A,11,3,0,698,10.0,708.19,5,645.34
2026-01-10 11:00:00,B,11,3,0,424,10.0,589.83,6,585.56
2026-01-10 11:00:00,C,11,3,0,574,30.51,681.51,4,689.52
2026-01-10 11:00:00,D,11,3,0,474,10.0,722.49,4,678.34
2026-01-10 12:00:00,A,12,3,0,538,10.0,744.61,5,578.43
2026-01-10 12:00:00,B,12,3,0,412,13.46,435.24,6,431.32
2026-01-10 12:00:00,C,12,3,0,600,10.0,663.95,4,580.76
2026-01-10 12:00:00,D,12,3,0,475,10.0,647.02,4,574.38
2026-01-10 13:00:00,A,13,3,0,599,12.04,620.57,5,573.84
2026-01-10 13:00:00,B,13,3,0,445,10.0,384.2,6,411.73
2026-01-10 13:00:00,C,13,3,0,471,14.06,494.52,4,518.34
2026-01-10 13:00:00,D,13,3,0,427,10.0,491.78,4,462.93
2026-01-10 14:00:00,A,14,3,0,377,10.0,564.95,5,559.42
2026-01-10 14:00:00,B,14,3,0,395,10.61,368.9,6,427.81
2026-01-10 14:00:00,C,14,3,0,390,10.0,559.75,4,460.5
2026-01-10 14:00:00,D,14,3,0,365,10.0,453.1,4,480.75
2026-01-10 15:00:00,A,15,3,0,405,10.0,434.35,5,475.76
2026-01-10 15:00:00,B,15,3,0,246,17.98,361.33,6,324.45
2026-01-10 15:00:00,C,15,3,0,337,10.0,373.5,4,463.44
2026-01-10 15:00:00,D,15,3,0,354,11.98,440.8,4,335.75
2026-01-10 16:00:00,A,16,3,1,436,10.0,610.92,5,773.51
2026-01-10 16:00:00,B,16,3,1,384,10.03,520.39,6,534.69
2026-01-10 16:00:00,C,16,3,1,503,10.0,623.87,4,589.79
2026-01-10 16:00:00,D,16,3,1,494,13.88,473.78,4,582.23
2026-01-10 17:00:00,A,17,3,1,509,10.0,648.57,5,649.74
2026-01-10 17:00:00,B,17,3,1,435,10.0,467.93,6,499.92
2026-01-10 17:00:00,C,17,3,1,398,10.02,564.29,4,644.85
2026-01-10 17:00:00,D,17,3,1,390,10.0,503.77,4,630.01
2026-01-10 18:00:00,A,18,3,1,427,21.84,606.93,5,656.3
2026-01-10 18:00:00,B,18,3,1,341,12.52,362.42,6,446.89
2026-01-10 18:00:00,C,18,3,1,506,10.0,501.19,4,524.79
2026-01-10 18:00:00,D,18,3,1,412,10.0,567.4,4,574.9
2026-01-10 19:00:00,A,19,3,1,532,28.68,594.7,5,621.1
2026-01-10 19:00:00,B,19,3,1,363,10.0,395.36,6,467.63
2026-01-10 19:00:00,C,19,3,1,431,10.0,610.75,4,623.29
2026-01-10 19:00:00,D,19,3,1,441,12.09,461.82,4,576.08
2026-01-10 20:00:00,A,20,3,0,409,10.0,379.03,5,292.6
2026-01-10 20:00:00,B,20,3,0,295,21.71,323.51,6,281.09
2026-01-10 20:00:00,C,20,3,0,359,10.0,375.16,4,426.11
2026-01-10 20:00:00,D,20,3,0,295,10.0,347.28,4,418.35
2026-01-10 21:00:00,A,21,3,0,341,10.0,499.66,5,391.08
2026-01-10 21:00:00,B,21,3,0,340,10.0,308.43,6,306.68
2026-01-10 21:00:00,C,21,3,0,346,18.86,424.55,4,359.02
2026-01-10 21:00:00,D,21,3,0,351,10.0,409.81,4,408.28
2026-01-10 22:00:00,A,22,3,0,525,10.0,604.13,5,547.36
2026-01-10 22:00:00,B,22,3,0,286,10.0,424.19,6,376.31
2026-01-10 22:00:00,C,22,3,0,491,12.94,528.66,4,432.28
2026-01-10 22:00:00,D,22,3,0,354,10.0,467.72,4,457.42
2026-01-10 23:00:00,A,23,3,0,572,16.19,615.47,5,554.48
2026-01-10 23:00:00,B,23,3,0,436,10.0,499.2,6,430.56
2026-01-10 23:00:00,C,23,3,0,401,10.0,515.65,4,475.27
2026-01-10 23:00:00,D,23,3,0,478,13.28,520.51,4,503.19
2026-01-11 00:00:00,A,0,4,0,560,10.0,668.84,5,577.24
2026-01-11 00:00:00,B,0,4,0,444,10.0,426.47,6,480.16
2026-01-11 00:00:00,C,0,4,0,433,10.0,588.01,4,497.81
2026-01-11 00:00:00,D,0,4,0,587,10.0,578.23,4,567.61
2026-01-11 01:00:00,A,1,4,0,548,10.0,672.63,5,705.14
2026-01-11 01:00:00,B,1,4,0,427,10.0,578.67,6,503.78
2026-01-11 01:00:00,C,1,4,0,659,10.0,720.98,4,654.1
2026-01-11 01:00:00,D,1,4,0,605,13.94,683.06,4,611.18
2026-01-11 02:00:00,A,2,4,0,764,10.0,674.27,5,802.34
2026-01-11 02:00:00,B,2,4,0,552,10.0,607.28,6,445.03
2026-01-11 02:00:00,C,2,4,0,642,10.0,658.53,4,692.53
2026-01-11 02:00:00,D,2,4,0,599,10.0,814.57,4,598.8
2026-01-11 03:00:00,A,3,4,0,796,10.0,755.43,5,788.76
2026-01-11 03:00:00,B,3,4,0,618,10.0,667.67,6,628.03
2026-01-11 03:00:00,C,3,4,0,719,10.0,847.11,4,704.78
2026-01-11 03:00:00,D,3,4,0,691,28.42,812.74,4,611.31
2026-01-11 04:00:00,A,4,4,0,729,10.0,806.06,5,762.43
2026-01-11 04:00:00,B,4,4,0,617,20.8,699.8,6,547.03
2026-01-11 04:00:00,C,4,4,0,721,11.01,925.68,4,770.25
2026-01-11 04:00:00,D,4,4,0,627,10.0,725.33,4,761.14
2026-01-11 05:00:00,A,5,4,0,834,10.0,889.46,5,891.71
2026-01-11 05:00:00,B,5,4,0,621,10.0,624.8,6,650.28
2026-01-11 05:00:00,C,5,4,0,843,10.0,758.5,4,799.87
2026-01-11 05:00:00,D,5,4,0,583,13.24,694.07,4,756.13
2026-01-11 06:00:00,A,6,4,0,912,10.0,1029.98,5,898.07
2026-01-11 06:00:00,B,6,4,0,630,10.0,679.51,6,630.17
2026-01-11 06:00:00,C,6,4,0,779,24.88,786.32,4,790.26
2026-01-11 06:00:00,D,6,4,0,605,15.31,916.18,4,743.43
2026-01-11 07:00:00,A,7,4,1,1302,14.86,1405.41,5,1328.45
2026-01-11 07:00:00,B,7,4,1,748,10.0,1007.08,6,924.16
2026-01-11 07:00:00,C,7,4,1,1191,10.0,1349.81,4,1072.59
2026-01-11 07:00:00,D,7,4,1,1068,10.0,1314.59,4,1282.25
2026-01-11 08:00:00,A,8,4,1,1278,10.0,1099.17,5,1301.19
2026-01-11 08:00:00,B,8,4,1,845,18.37,1077.58,6,992.77
2026-01-11 08:00:00,C,8,4,1,840,10.0,1196.96,4,1170.64
2026-01-11 08:00:00,D,8,4,1,861,10.0,1063.4,4,1184.13
2026-01-11 09:00:00,A,9,4,1,1226,15.56,1403.38,5,1245.54
2026-01-11 09:00:00,B,9,4,1,683,10.0,809.05,6,962.05
2026-01-11 09:00:00,C,9,4,1,1096,10.0,1131.6,4,1150.43
2026-01-11 09:00:00,D,9,4,1,1087,27.46,1029.13,4,1085.03
2026-01-11 10:00:00,A,10,4,0,719,10.0,881.4,5,805.33
2026-01-11 10:00:00,B,10,4,0,507,10.0,504.9,6,584.23
2026-01-11 10:00:00,C,10,4,0,577,10.47,629.72,4,698.74
2026-01-11 10:00:00,D,10,4,0,639,10.0,694.27,4,630.6
2026-01-11 11:00:00,A,11,4,0,552,13.85,627.33,5,628.33
2026-01-11 11:00:00,B,11,4,0,553,10.0,543.91,6,454.52
2026-01-11 11:00:00,C,11,4,0,612,11.42,719.02,4,611.92
2026-01-11 11:00:00,D,11,4,0,666,10.0,605.63,4,681.08
2026-01-11 12:00:00,A,12,4,0,574,15.72,614.25,5,686.72
2026-01-11 12:00:00,B,12,4,0,359,33.04,513.9,6,514.07
2026-01-11 12:00:00,C,12,4,0,516,10.0,661.07,4,526.33
2026-01-11 12:00:00,D,12,4,0,555,10.0,649.15,4,576.18
2026-01-11 13:00:00,A,13,4,0,601,10.0,629.64,5,530.49
2026-01-11 13:00:00,B,13,4,0,326,21.83,478.67,6,392.61
2026-01-11 13:00:00,C,13,4,0,472,10.0,490.15,4,524.84
2026-01-11 13:00:00,D,13,4,0,468,10.0,570.33,4,560.59
2026-01-11 14:00:00,A,14,4,0,415,10.0,604.41,5,435.04
2026-01-11 14:00:00,B,14,4,0,275,10.0,422.32,6,327.7
2026-01-11 14:00:00,C,14,4,0,467,18.97,460.14,4,463.44
2026-01-11 14:00:00,D,14,4,0,394,10.0,452.99,4,375.96
2026-01-11 15:00:00,A,15,4,0,489,10.0,498.43,5,435.17
2026-01-11 15:00:00,B,15,4,0,332,10.0,407.2,6,350.74
2026-01-11 15:00:00,C,15,4,0,333,10.0,464.9,4,368.71
2026-01-11 15:00:00,D,15,4,0,319,11.2,472.43,4,340.66
2026-01-11 16:00:00,A,16,4,1,497,10.0,669.18,5,679.3
2026-01-11 16:00:00,B,16,4,1,413,10.0,474.93,6,474.59
2026-01-11 16:00:00,C,16,4,1,444,18.86,496.51,4,596.35
2026-01-11 16:00:00,D,16,4,1,490,10.0,619.81,4,635.09
2026-01-11 17:00:00,A,17,4,1,422,27.8,571.02,5,571.77
2026-01-11 17:00:00,B,17,4,1,346,10.0,494.6,6,546.5
2026-01-11 17:00:00,C,17,4,1,503,10.0,552.12,4,544.15
2026-01-11 17:00:00,D,17,4,1,369,10.0,434.46,4,662.67
2026-01-11 18:00:00,A,18,4,1,483,20.39,498.46,5,761.37
2026-01-11 18:00:00,B,18,4,1,420,11.72,421.99,6,475.22
2026-01-11 18:00:00,C,18,4,1,381,14.45,528.23,4,557.84
2026-01-11 18:00:00,D,18,4,1,505,10.0,564.21,4,547.96
2026-01-11 19:00:00,A,19,4,1,450,12.95,563.0,5,679.72
2026-01-11 19:00:00,B,19,4,1,424,10.0,462.99,6,556.6
2026-01-11 19:00:00,C,19,4,1,501,21.58,565.85,4,578.32
2026-01-11 19:00:00,D,19,4,1,437,10.0,462.33,4,658.77
2026-01-11 20:00:00,A,20,4,0,390,10.0,505.72,5,393.73
2026-01-11 20:00:00,B,20,4,0,258,10.0,289.01,6,275.54
2026-01-11 20:00:00,C,20,4,0,300,16.88,400.18,4,413.98
2026-01-11 20:00:00,D,20,4,0,354,29.17,440.49,4,328.2
2026-01-11 21:00:00,A,21,4,0,341,10.0,485.95,5,383.94
2026-01-11 21:00:00,B,21,4,0,328,10.0,394.81,6,277.55
2026-01-11 21:00:00,C,21,4,0,379,28.71,387.2,4,367.39
2026-01-11 21:00:00,D,21,4,0,400,29.57,487.82,4,270.45
2026-01-11 22:00:00,A,22,4,0,492,10.0,473.25,5,448.2
2026-01-11 22:00:00,B,22,4,0,318,10.0,423.61,6,360.74
2026-01-11 22:00:00,C,22,4,0,460,10.0,503.48,4,444.93
2026-01-11 22:00:00,D,22,4,0,387,10.0,542.5,4,464.96
2026-01-11 23:00:00,A,23,4,0,457,10.0,690.89,5,565.54
2026-01-11 23:00:00,B,23,4,0,439,10.0,420.05,6,406.1
2026-01-11 23:00:00,C,23,4,0,385,10.0,503.84,4,498.85
2026-01-11 23:00:00,D,23,4,0,410,12.42,510.77,4,492.12
2026-01-12 00:00:00,A,0,5,0,510,19.61,737.1,5,629.9
2026-01-12 00:00:00,B,0,5,0,415,17.33,454.66,6,430.03
2026-01-12 00:00:00,C,0,5,0,574,10.0,671.71,4,594.74
2026-01-12 00:00:00,D,0,5,0,526,10.0,604.35,4,456.15
2026-01-12 01:00:00,A,1,5,0,725,10.0,646.77,5,701.62
2026-01-12 01:00:00,B,1,5,0,512,10.0,540.66,6,467.98
2026-01-12 01:00:00,C,1,5,0,608,10.0,743.97,4,627.15
2026-01-12 01:00:00,D,1,5,0,585,10.0,573.38,4,658.47
2026-01-12 02:00:00,A,2,5,0,580,22.36,851.31,5,715.16
2026-01-12 02:00:00,B,2,5,0,411,27.31,632.71,6,541.83
2026-01-12 02:00:00,C,2,5,0,571,10.0,610.69,4,646.47
2026-01-12 02:00:00,D,2,5,0,601,27.24,598.97,4,615.24
2026-01-12 03:00:00,A,3,5,0,700,10.0,984.52,5,811.59
2026-01-12 03:00:00,B,3,5,0,625,13.16,645.99,6,587.06
2026-01-12 03:00:00,C,3,5,0,568,26.65,845.01,4,811.07
2026-01-12 03:00:00,D,3,5,0,671,23.01,858.82,4,723.68
2026-01-12 04:00:00,A,4,5,0,747,17.86,824.54,5,825.4
2026-01-12 04:00:00,B,4,5,0,471,18.77,623.06,6,587.28
2026-01-12 04:00:00,C,4,5,0,733,10.0,793.66,4,717.55
2026-01-12 04:00:00,D,4,5,0,672,12.74,712.51,4,813.59
2026-01-12 05:00:00,A,5,5,0,874,27.12,820.27,5,771.79
2026-01-12 05:00:00,B,5,5,0,610,16.93,630.08,6,588.77
2026-01-12 05:00:00,C,5,5,0,716,35.5,761.97,4,725.05
2026-01-12 05:00:00,D,5,5,0,615,10.0,873.05,4,810.05
2026-01-12 06:00:00,A,6,5,0,656,10.0,825.14,5,853.69
2026-01-12 06:00:00,B,6,5,0,688,10.0,641.21,6,610.92
2026-01-12 06:00:00,C,6,5,0,785,19.11,869.94,4,747.64
2026-01-12 06:00:00,D,6,5,0,787,10.0,827.93,4,726.55
2026-01-12 07:00:00,A,7,5,1,965,11.28,1430.98,5,1314.93
2026-01-12 07:00:00,B,7,5,1,929,12.92,1022.17,6,1032.12
2026-01-12 07:00:00,C,7,5,1,969,28.24,1174.32,4,1322.33
2026-01-12 07:00:00,D,7,5,1,1145,10.0,1296.73,4,1226.11
2026-01-12 08:00:00,A,8,5,1,1143,10.0,1117.47,5,1325.33
2026-01-12 08:00:00,B,8,5,1,766,13.4,905.38,6,1001.36
2026-01-12 08:00:00,C,8,5,1,846,18.48,1210.49,4,1192.63
2026-01-12 08:00:00,D,8,5,1,940,10.0,1184.38,4,1167.4
2026-01-12 09:00:00,A,9,5,1,939,36.11,1180.53,5,1218.51
2026-01-12 09:00:00,B,9,5,1,757,10.0,817.92,6,905.38
2026-01-12 09:00:00,C,9,5,1,854,10.0,1198.91,4,1131.83
2026-01-12 09:00:00,D,9,5,1,1037,15.91,1138.78,4,1072.99
2026-01-12 10:00:00,A,10,5,0,614,22.93,782.63,5,767.81
2026-01-12 10:00:00,B,10,5,0,416,17.21,510.71,6,561.73
2026-01-12 10:00:00,C,10,5,0,558,10.0,622.94,4,660.58
2026-01-12 10:00:00,D,10,5,0,538,10.0,808.63,4,679.09
2026-01-12 11:00:00,A,11,5,0,634,10.0,726.14,5,680.21
2026-01-12 11:00:00,B,11,5,0,502,27.65,528.61,6,508.55
2026-01-12 11:00:00,C,11,5,0,547,10.0,630.57,4,695.76
2026-01-12 11:00:00,D,11,5,0,517,10.0,616.64,4,608.72
2026-01-12 12:00:00,A,12,5,0,681,17.46,590.74,5,658.25
2026-01-12 12:00:00,B,12,5,0,398,10.0,526.85,6,470.94
2026-01-12 12:00:00,C,12,5,0,563,10.0,697.4,4,514.87
2026-01-12 12:00:00,D,12,5,0,559,11.82,659.34,4,486.61
2026-01-12 13:00:00,A,13,5,0,538,10.0,614.27,5,550.42
2026-01-12 13:00:00,B,13,5,0,398,10.0,471.3,6,440.93
2026-01-12 13:00:00,C,13,5,0,440,16.02,601.1,4,601.6
2026-01-12 13:00:00,D,13,5,0,397,10.0,592.25,4,516.18
2026-01-12 14:00:00,A,14,5,0,527,10.0,509.88,5,512.69
2026-01-12 14:00:00,B,14,5,0,383,10.25,342.78,6,401.62
2026-01-12 14:00:00,C,14,5,0,466,20.9,422.32,4,466.07
2026-01-12 14:00:00,D,14,5,0,479,24.95,423.96,4,456.81
2026-01-12 15:00:00,A,15,5,0,383,10.0,471.92,5,458.51
2026-01-12 15:00:00,B,15,5,0,348,10.0,384.31,6,292.39
2026-01-12 15:00:00,C,15,5,0,353,10.0,486.39,4,392.8
2026-01-12 15:00:00,D,15,5,0,390,20.04,481.16,4,389.98
2026-01-12 16:00:00,A,16,5,1,528,10.0,663.08,5,690.11
2026-01-12 16:00:00,B,16,5,1,387,10.0,466.86,6,539.26
2026-01-12 16:00:00,C,16,5,1,393,10.0,509.22,4,700.69
2026-01-12 16:00:00,D,16,5,1,526,10.0,469.94,4,627.45
2026-01-12 17:00:00,A,17,5,1,504,10.0,644.33,5,701.35
2026-01-12 17:00:00,B,17,5,1,344,10.0,480.36,6,521.15
2026-01-12 17:00:00,C,17,5,1,513,10.0,609.42,4,663.95
2026-01-12 17:00:00,D,17,5,1,506,10.0,526.65,4,674.55
2026-01-12 18:00:00,A,18,5,1,419,10.0,629.32,5,643.04
2026-01-12 18:00:00,B,18,5,1,315,12.69,481.26,6,522.35
2026-01-12 18:00:00,C,18,5,1,496,10.0,539.82,4,518.68
2026-01-12 18:00:00,D,18,5,1,498,10.0,496.76,4,564.54
2026-01-12 19:00:00,A,19,5,1,526,10.0,606.84,5,690.79
2026-01-12 19:00:00,B,19,5,1,310,10.0,456.05,6,507.12
2026-01-12 19:00:00,C,19,5,1,498,10.0,535.06,4,625.4
2026-01-12 19:00:00,D,19,5,1,489,14.36,571.05,4,598.61
2026-01-12 20:00:00,A,20,5,0,397,10.0,442.43,5,470.71
2026-01-12 20:00:00,B,20,5,0,323,20.2,351.2,6,315.17
2026-01-12 20:00:00,C,20,5,0,305,22.9,410.13,4,332.73
2026-01-12 20:00:00,D,20,5,0,274,10.0,374.0,4,263.62
2026-01-12 21:00:00,A,21,5,0,373,10.0,504.83,5,395.24
2026-01-12 21:00:00,B,21,5,0,287,10.0,391.58,6,280.99
2026-01-12 21:00:00,C,21,5,0,378,10.0,493.25,4,376.05
2026-01-12 21:00:00,D,21,5,0,355,10.0,484.3,4,339.18
2026-01-12 22:00:00,A,22,5,0,514,10.0,548.66,5,512.49
2026-01-12 22:00:00,B,22,5,0,297,10.0,400.65,6,396.8
2026-01-12 22:00:00,C,22,5,0,348,10.0,472.53,4,427.29
2026-01-12 22:00:00,D,22,5,0,418,10.0,474.84,4,418.07
2026-01-12 23:00:00,A,23,5,0,500,10.0,552.36,5,561.96
2026-01-12 23:00:00,B,23,5,0,371,16.61,503.1,6,451.93
2026-01-12 23:00:00,C,23,5,0,549,10.0,473.89,4,463.9
2026-01-12 23:00:00,D,23,5,0,541,10.0,609.34,4,538.53
2026-01-13 00:00:00,A,0,6,0,642,10.0,608.41,5,695.61
2026-01-13 00:00:00,B,0,6,0,365,10.0,466.86,6,453.35
2026-01-13 00:00:00,C,0,6,0,462,10.0,579.97,4,567.17
2026-01-13 00:00:00,D,0,6,0,543,10.0,622.47,4,486.69
2026-01-13 01:00:00,A,1,6,0,720,11.54,781.52,5,685.75
2026-01-13 01:00:00,B,1,6,0,385,13.2,610.22,6,514.99
2026-01-13 01:00:00,C,1,6,0,642,10.0,609.02,4,665.47
2026-01-13 01:00:00,D,1,6,0,556,10.0,676.24,4,665.76
2026-01-13 02:00:00,A,2,6,0,608,10.0,888.67,5,689.53
2026-01-13 02:00:00,B,2,6,0,468,22.11,555.28,6,520.37
2026-01-13 02:00:00,C,2,6,0,530,10.0,787.15,4,619.2
2026-01-13 02:00:00,D,2,6,0,583,10.0,732.91,4,609.59
2026-01-13 03:00:00,A,3,6,0,841,23.37,907.6,5,782.72
2026-01-13 03:00:00,B,3,6,0,488,10.0,680.05,6,585.91
2026-01-13 03:00:00,C,3,6,0,657,33.55,822.14,4,726.48
2026-01-13 03:00:00,D,3,6,0,655,10.0,829.03,4,708.0
2026-01-13 04:00:00,A,4,6,0,777,16.66,946.35,5,871.85
2026-01-13 04:00:00,B,4,6,0,621,10.0,620.27,6,659.1
2026-01-13 04:00:00,C,4,6,0,805,10.0,888.49,4,750.92
2026-01-13 04:00:00,D,4,6,0,795,10.0,800.57,4,718.07
2026-01-13 05:00:00,A,5,6,0,735,17.15,967.18,5,837.93
2026-01-13 05:00:00,B,5,6,0,686,10.0,746.18,6,566.64
2026-01-13 05:00:00,C,5,6,0,667,10.5,967.27,4,747.79
2026-01-13 05:00:00,D,5,6,0,615,15.13,720.93,4,762.84
2026-01-13 06:00:00,A,6,6,0,712,17.12,807.92,5,791.01
2026-01-13 06:00:00,B,6,6,0,689,10.0,612.48,6,596.15
2026-01-13 06:00:00,C,6,6,0,597,37.2,782.74,4,768.91
2026-01-13 06:00:00,D,6,6,0,607,10.0,725.29,4,786.88
2026-01-13 07:00:00,A,7,6,1,1210,10.0,1425.07,5,1377.49
2026-01-13 07:00:00,B,7,6,1,921,20.82,1082.5,6,963.73
2026-01-13 07:00:00,C,7,6,1,879,30.21,1375.52,4,1184.77
2026-01-13 07:00:00,D,7,6,1,876,11.63,1284.98,4,1237.56
2026-01-13 08:00:00,A,8,6,1,1061,13.9,1136.06,5,1279.6
2026-01-13 08:00:00,B,8,6,1,808,10.0,810.76,6,1056.29
2026-01-13 08:00:00,C,8,6,1,881,13.24,1039.14,4,1273.78
2026-01-13 08:00:00,D,8,6,1,1088,10.0,1308.8,4,1185.42
2026-01-13 09:00:00,A,9,6,1,1009,30.84,1108.86,5,1207.32
2026-01-13 09:00:00,B,9,6,1,795,10.0,930.98,6,928.57
2026-01-13 09:00:00,C,9,6,1,918,10.0,1053.25,4,1062.79
2026-01-13 09:00:00,D,9,6,1,912,10.0,1160.48,4,1135.04
2026-01-13 10:00:00,A,10,6,0,647,10.0,863.93,5,698.6
2026-01-13 10:00:00,B,10,6,0,463,10.0,669.79,6,502.67
2026-01-13 10:00:00,C,10,6,0,707,10.0,745.88,4,669.86
2026-01-13 10:00:00,D,10,6,0,551,10.0,597.07,4,636.48
2026-01-13 11:00:00,A,11,6,0,733,10.0,769.02,5,650.22
2026-01-13 11:00:00,B,11,6,0,474,10.0,489.73,6,467.78
2026-01-13 11:00:00,C,11,6,0,559,10.0,672.82,4,548.21
2026-01-13 11:00:00,D,11,6,0,491,11.1,646.55,4,593.17
2026-01-13 12:00:00,A,12,6,0,489,10.0,756.89,5,555.55
2026-01-13 12:00:00,B,12,6,0,449,10.0,411.25,6,506.62
2026-01-13 12:00:00,C,12,6,0,555,10.0,673.53,4,646.83
2026-01-13 12:00:00,D,12,6,0,570,10.0,628.72,4,548.48
2026-01-13 13:00:00,A,13,6,0,591,14.03,561.65,5,578.27
2026-01-13 13:00:00,B,13,6,0,412,10.0,502.61,6,379.43
2026-01-13 13:00:00,C,13,6,0,442,15.75,623.75,4,525.42
2026-01-13 13:00:00,D,13,6,0,527,26.35,492.83,4,507.34
2026-01-13 14:00:00,A,14,6,0,413,10.0,467.76,5,463.64
2026-01-13 14:00:00,B,14,6,0,334,16.33,406.89,6,267.19
2026-01-13 14:00:00,C,14,6,0,372,10.0,540.93,4,473.99
2026-01-13 14:00:00,D,14,6,0,480,10.0,524.63,4,436.84
2026-01-13 15:00:00,A,15,6,0,361,10.0,448.59,5,444.55
2026-01-13 15:00:00,B,15,6,0,273,10.0,358.11,6,336.23
2026-01-13 15:00:00,C,15,6,0,437,10.0,414.8,4,376.71
2026-01-13 15:00:00,D,15,6,0,331,10.0,466.6,4,524.07
2026-01-13 16:00:00,A,16,6,1,500,10.0,606.84,5,626.14
2026-01-13 16:00:00,B,16,6,1,397,10.0,477.54,6,581.47
2026-01-13 16:00:00,C,16,6,1,553,10.0,563.0,4,626.31
2026-01-13 16:00:00,D,16,6,1,525,10.0,466.44,4,629.88
2026-01-13 17:00:00,A,17,6,1,448,12.51,664.64,5,682.93
2026-01-13 17:00:00,B,17,6,1,430,10.0,405.31,6,510.75
2026-01-13 17:00:00,C,17,6,1,488,19.41,494.96,4,652.17
2026-01-13 17:00:00,D,17,6,1,447,10.0,584.12,4,668.24
2026-01-13 18:00:00,A,18,6,1,460,10.0,648.82,5,646.87
2026-01-13 18:00:00,B,18,6,1,319,10.0,469.12,6,456.78
2026-01-13 18:00:00,C,18,6,1,420,10.0,561.88,4,549.47
2026-01-13 18:00:00,D,18,6,1,479,14.39,532.93,4,619.94
2026-01-13 19:00:00,A,19,6,1,574,11.81,643.7,5,618.06
2026-01-13 19:00:00,B,19,6,1,328,14.33,374.5,6,474.82
2026-01-13 19:00:00,C,19,6,1,458,10.0,553.74,4,597.06
2026-01-13 19:00:00,D,19,6,1,378,10.0,485.5,4,614.81
2026-01-13 20:00:00,A,20,6,0,390,12.49,380.9,5,371.0
2026-01-13 20:00:00,B,20,6,0,236,10.0,278.73,6,329.59
2026-01-13 20:00:00,C,20,6,0,368,10.0,377.18,4,383.72
2026-01-13 20:00:00,D,20,6,0,308,11.69,437.78,4,377.94
2026-01-13 21:00:00,A,21,6,0,391,10.0,515.21,5,441.07
2026-01-13 21:00:00,B,21,6,0,293,10.51,362.25,6,271.16
2026-01-13 21:00:00,C,21,6,0,435,10.0,389.0,4,423.04
2026-01-13 21:00:00,D,21,6,0,309,11.13,371.43,4,445.45
2026-01-13 22:00:00,A,22,6,0,421,20.79,623.68,5,569.07
2026-01-13 22:00:00,B,22,6,0,369,10.0,400.97,6,315.22
2026-01-13 22:00:00,C,22,6,0,358,13.93,504.47,4,429.35
2026-01-13 22:00:00,D,22,6,0,455,10.0,501.47,4,474.71
2026-01-13 23:00:00,A,23,6,0,604,10.0,559.41,5,587.09
2026-01-13 23:00:00,B,23,6,0,322,10.0,503.27,6,420.28
2026-01-13 23:00:00,C,23,6,0,544,10.0,461.23,4,554.29
2026-01-13 23:00:00,D,23,6,0,465,20.02,533.46,4,472.08
2026-01-14 00:00:00,A,0,7,0,523,10.0,583.25,5,628.48
2026-01-14 00:00:00,B,0,7,0,386,10.0,500.68,6,470.82
2026-01-14 00:00:00,C,0,7,0,514,14.52,609.62,4,514.37
2026-01-14 00:00:00,D,0,7,0,575,10.0,522.17,4,571.67
2026-01-14 01:00:00,A,1,7,0,707,22.37,802.47,5,558.39
2026-01-14 01:00:00,B,1,7,0,450,19.91,572.59,6,543.56
2026-01-14 01:00:00,C,1,7,0,646,10.0,537.41,4,597.12
2026-01-14 01:00:00,D,1,7,0,501,10.0,679.01,4,587.07
2026-01-14 02:00:00,A,2,7,0,654,13.5,657.64,5,670.01
2026-01-14 02:00:00,B,2,7,0,413,10.0,511.26,6,438.42
2026-01-14 02:00:00,C,2,7,0,552,17.07,725.64,4,589.36
2026-01-14 02:00:00,D,2,7,0,477,10.0,748.53,4,606.72
2026-01-14 03:00:00,A,3,7,0,585,10.0,820.06,5,756.34
2026-01-14 03:00:00,B,3,7,0,551,10.0,573.09,6,486.84
2026-01-14 03:00:00,C,3,7,0,527,10.0,676.47,4,656.52
2026-01-14 03:00:00,D,3,7,0,633,10.0,711.49,4,756.44
2026-01-14 04:00:00,A,4,7,0,718,10.0,883.67,5,792.31
2026-01-14 04:00:00,B,4,7,0,596,10.0,536.07,6,666.25
2026-01-14 04:00:00,C,4,7,0,623,10.0,706.7,4,784.57
2026-01-14 04:00:00,D,4,7,0,719,10.0,742.45,4,702.75
2026-01-14 05:00:00,A,5,7,0,803,13.67,905.39,5,893.9
2026-01-14 05:00:00,B,5,7,0,566,10.0,614.17,6,616.02
2026-01-14 05:00:00,C,5,7,0,804,10.0,905.65,4,751.0
2026-01-14 05:00:00,D,5,7,0,649,15.0,722.89,4,699.35
2026-01-14 06:00:00,A,6,7,0,629,10.0,873.78,5,764.48
2026-01-14 06:00:00,B,6,7,0,627,10.85,581.43,6,611.4
2026-01-14 06:00:00,C,6,7,0,768,23.24,725.88,4,703.98
2026-01-14 06:00:00,D,6,7,0,713,28.77,749.14,4,769.86
2026-01-14 07:00:00,A,7,7,1,1214,10.0,1395.66,5,1326.66
2026-01-14 07:00:00,B,7,7,1,847,10.0,960.17,6,964.47
2026-01-14 07:00:00,C,7,7,1,1174,10.0,1268.39,4,1238.72
2026-01-14 07:00:00,D,7,7,1,812,10.0,1069.72,4,1153.61
2026-01-14 08:00:00,A,8,7,1,933,10.0,1256.21,5,1241.64
2026-01-14 08:00:00,B,8,7,1,850,10.0,764.34,6,854.54
2026-01-14 08:00:00,C,8,7,1,1076,10.0,1089.38,4,1175.59
2026-01-14 08:00:00,D,8,7,1,874,10.0,1020.16,4,1088.67
2026-01-14 09:00:00,A,9,7,1,887,10.0,1365.59,5,1274.82
2026-01-14 09:00:00,B,9,7,1,816,10.0,945.65,6,920.33
2026-01-14 09:00:00,C,9,7,1,787,11.55,901.23,4,1042.26
2026-01-14 09:00:00,D,9,7,1,1012,10.0,1195.05,4,1067.37
2026-01-14 10:00:00,A,10,7,0,783,10.0,671.08,5,769.44
2026-01-14 10:00:00,B,10,7,0,469,10.0,472.17,6,579.42
2026-01-14 10:00:00,C,10,7,0,555,12.06,745.51,4,734.95
2026-01-14 10:00:00,D,10,7,0,626,10.0,755.14,4,524.66
2026-01-14 11:00:00,A,11,7,0,669,36.2,598.01,5,595.66
2026-01-14 11:00:00,B,11,7,0,473,10.0,473.44,6,442.21
2026-01-14 11:00:00,C,11,7,0,560,10.0,744.04,4,619.12
2026-01-14 11:00:00,D,11,7,0,601,10.0,667.18,4,549.53
2026-01-14 12:00:00,A,12,7,0,552,25.12,739.81,5,502.18
2026-01-14 12:00:00,B,12,7,0,421,14.77,475.36,6,430.97
2026-01-14 12:00:00,C,12,7,0,537,10.0,520.47,4,510.45
2026-01-14 12:00:00,D,12,7,0,542,10.0,541.92,4,489.51
2026-01-14 13:00:00,A,13,7,0,414,13.44,532.27,5,514.87
2026-01-14 13:00:00,B,13,7,0,430,10.34,389.86,6,362.37
2026-01-14 13:00:00,C,13,7,0,413,10.0,522.7,4,489.72
2026-01-14 13:00:00,D,13,7,0,475,10.0,568.71,4,530.9
2026-01-14 14:00:00,A,14,7,0,379,20.48,431.03,5,509.46
2026-01-14 14:00:00,B,14,7,0,383,15.14,418.25,6,378.0
2026-01-14 14:00:00,C,14,7,0,413,10.0,448.94,4,422.75
2026-01-14 14:00:00,D,14,7,0,319,10.0,412.77,4,377.03
2026-01-14 15:00:00,A,15,7,0,429,10.0,458.06,5,393.52
2026-01-14 15:00:00,B,15,7,0,278,10.0,385.31,6,287.56
2026-01-14 15:00:00,C,15,7,0,291,12.83,354.97,4,343.02
2026-01-14 15:00:00,D,15,7,0,341,10.0,436.8,4,331.17
2026-01-14 16:00:00,A,16,7,1,583,18.78,649.26,5,626.09
2026-01-14 16:00:00,B,16,7,1,401,10.0,376.66,6,485.64
2026-01-14 16:00:00,C,16,7,1,397,22.82,513.86,4,684.28
2026-01-14 16:00:00,D,16,7,1,376,10.0,529.96,4,620.71
2026-01-14 17:00:00,A,17,7,1,490,13.01,616.03,5,659.96
2026-01-14 17:00:00,B,17,7,1,347,13.54,395.78,6,449.14
2026-01-14 17:00:00,C,17,7,1,490,10.0,547.95,4,554.74
2026-01-14 17:00:00,D,17,7,1,354,21.64,571.68,4,517.85
2026-01-14 18:00:00,A,18,7,1,557,24.53,486.88,5,623.06
2026-01-14 18:00:00,B,18,7,1,339,13.67,408.74,6,459.99
2026-01-14 18:00:00,C,18,7,1,400,10.0,570.04,4,639.72
2026-01-14 18:00:00,D,18,7,1,397,10.0,568.04,4,511.03
2026-01-14 19:00:00,A,19,7,1,573,10.0,622.25,5,625.41
2026-01-14 19:00:00,B,19,7,1,383,10.0,448.54,6,448.96
2026-01-14 19:00:00,C,19,7,1,425,10.0,490.46,4,589.25
2026-01-14 19:00:00,D,19,7,1,427,10.0,525.71,4,641.85
2026-01-14 20:00:00,A,20,7,0,325,12.5,405.81,5,424.06
2026-01-14 20:00:00,B,20,7,0,311,10.0,267.05,6,261.11
2026-01-14 20:00:00,C,20,7,0,344,10.0,429.09,4,303.26
2026-01-14 20:00:00,D,20,7,0,294,10.0,315.04,4,362.89
2026-01-14 21:00:00,A,21,7,0,461,11.9,487.68,5,473.7
2026-01-14 21:00:00,B,21,7,0,273,13.88,386.68,6,433.84
2026-01-14 21:00:00,C,21,7,0,396,10.0,395.19,4,375.87
2026-01-14 21:00:00,D,21,7,0,291,10.0,365.25,4,433.02
2026-01-14 22:00:00,A,22,7,0,500,10.0,453.59,5,440.48
2026-01-14 22:00:00,B,22,7,0,332,10.0,415.23,6,350.06
2026-01-14 22:00:00,C,22,7,0,467,10.0,446.03,4,478.04
2026-01-14 22:00:00,D,22,7,0,458,10.0,420.53,4,414.96
2026-01-14 23:00:00,A,23,7,0,431,10.0,635.59,5,451.1
2026-01-14 23:00:00,B,23,7,0,306,10.0,352.84,6,349.5
2026-01-14 23:00:00,C,23,7,0,503,13.71,541.39,4,405.57
2026-01-14 23:00:00,D,23,7,0,461,10.0,489.97,4,433.08
2026-01-15 00:00:00,A,0,1,0,514,19.57,554.51,5,527.62
2026-01-15 00:00:00,B,0,1,0,440,10.0,531.21,6,465.93
2026-01-15 00:00:00,C,0,1,0,453,10.0,562.99,4,552.74
2026-01-15 00:00:00,D,0,1,0,399,10.0,519.35,4,468.21
2026-01-15 01:00:00,A,1,1,0,627,10.0,650.91,5,663.18
2026-01-15 01:00:00,B,1,1,0,433,10.0,529.91,6,431.82
2026-01-15 01:00:00,C,1,1,0,506,10.0,686.96,4,576.5
2026-01-15 01:00:00,D,1,1,0,509,27.35,652.63,4,641.57
2026-01-15 02:00:00,A,2,1,0,551,15.17,786.23,5,781.81
2026-01-15 02:00:00,B,2,1,0,522,10.0,526.58,6,498.74
2026-01-15 02:00:00,C,2,1,0,593,18.73,705.51,4,647.27
2026-01-15 02:00:00,D,2,1,0,484,10.0,588.19,4,581.68
2026-01-15 03:00:00,A,3,1,0,646,19.08,880.61,5,790.05
2026-01-15 03:00:00,B,3,1,0,433,10.0,646.51,6,535.26
2026-01-15 03:00:00,C,3,1,0,546,20.61,674.64,4,662.13
2026-01-15 03:00:00,D,3,1,0,736,10.0,725.21,4,737.19
2026-01-15 04:00:00,A,4,1,0,790,22.61,935.64,5,773.74
2026-01-15 04:00:00,B,4,1,0,639,30.27,576.32,6,581.9
2026-01-15 04:00:00,C,4,1,0,728,10.0,717.35,4,749.09
2026-01-15 04:00:00,D,4,1,0,591,10.0,750.71,4,668.54
2026-01-15 05:00:00,A,5,1,0,822,10.0,807.11,5,831.45
2026-01-15 05:00:00,B,5,1,0,611,15.53,756.4,6,552.28
2026-01-15 05:00:00,C,5,1,0,823,28.83,843.45,4,674.25
2026-01-15 05:00:00,D,5,1,0,678,10.0,916.55,4,734.16
2026-01-15 06:00:00,A,6,1,0,717,10.0,996.97,5,777.68
2026-01-15 06:00:00,B,6,1,0,524,10.0,733.76,6,640.07
2026-01-15 06:00:00,C,6,1,0,698,10.0,701.19,4,717.39
2026-01-15 06:00:00,D,6,1,0,720,17.1,736.74,4,783.46
2026-01-15 07:00:00,A,7,1,1,1214,10.0,1208.61,5,1313.08
2026-01-15 07:00:00,B,7,1,1,868,18.07,918.02,6,1006.98
2026-01-15 07:00:00,C,7,1,1,1085,12.23,1329.07,4,1210.87
2026-01-15 07:00:00,D,7,1,1,860,13.23,1103.05,4,1160.62
2026-01-15 08:00:00,A,8,1,1,1250,10.0,1189.27,5,1219.84
2026-01-15 08:00:00,B,8,1,1,642,12.03,1005.01,6,931.04
2026-01-15 08:00:00,C,8,1,1,900,13.24,1096.57,4,1098.74
2026-01-15 08:00:00,D,8,1,1,891,10.0,1093.33,4,1121.03
2026-01-15 09:00:00,A,9,1,1,1095,10.0,1014.85,5,1169.66
2026-01-15 09:00:00,B,9,1,1,754,10.0,966.41,6,919.95
2026-01-15 09:00:00,C,9,1,1,847,10.0,897.38,4,1112.84
2026-01-15 09:00:00,D,9,1,1,741,10.0,1208.52,4,1068.37
2026-01-15 10:00:00,A,10,1,0,640,10.0,722.7,5,719.03
2026-01-15 10:00:00,B,10,1,0,450,18.7,599.34,6,494.01
2026-01-15 10:00:00,C,10,1,0,521,27.37,722.49,4,650.87
2026-01-15 10:00:00,D,10,1,0,663,15.1,764.5,4,648.89
2026-01-15 11:00:00,A,11,1,0,500,11.02,776.11,5,618.58
2026-01-15 11:00:00,B,11,1,0,519,10.0,468.47,6,407.92
2026-01-15 11:00:00,C,11,1,0,453,10.0,598.58,4,621.46
2026-01-15 11:00:00,D,11,1,0,618,10.0,651.43,4,623.23
2026-01-15 12:00:00,A,12,1,0,454,10.0,620.0,5,565.03
2026-01-15 12:00:00,B,12,1,0,390,10.0,444.99,6,466.51
2026-01-15 12:00:00,C,12,1,0,438,23.07,651.21,4,628.54
2026-01-15 12:00:00,D,12,1,0,434,10.93,578.1,4,566.17
2026-01-15 13:00:00,A,13,1,0,419,10.0,617.42,5,479.88
2026-01-15 13:00:00,B,13,1,0,325,10.0,386.55,6,448.59
2026-01-15 13:00:00,C,13,1,0,441,18.99,500.15,4,585.08
2026-01-15 13:00:00,D,13,1,0,506,10.0,468.97,4,467.37
2026-01-15 14:00:00,A,14,1,0,463,10.0,460.86,5,416.04
2026-01-15 14:00:00,B,14,1,0,336,10.0,325.12,6,310.83
2026-01-15 14:00:00,C,14,1,0,444,10.0,428.34,4,403.86
2026-01-15 14:00:00,D,14,1,0,453,20.24,441.21,4,469.39
2026-01-15 15:00:00,A,15,1,0,364,10.0,489.03,5,473.64
2026-01-15 15:00:00,B,15,1,0,286,10.0,383.28,6,246.72
2026-01-15 15:00:00,C,15,1,0,372,10.0,352.7,4,397.47
2026-01-15 15:00:00,D,15,1,0,321,10.0,467.38,4,402.95
2026-01-15 16:00:00,A,16,1,1,515,10.0,698.83,5,683.87
2026-01-15 16:00:00,B,16,1,1,334,10.0,449.45,6,517.13
2026-01-15 16:00:00,C,16,1,1,435,10.0,500.02,4,602.62
2026-01-15 16:00:00,D,16,1,1,537,26.32,545.08,4,584.26
2026-01-15 17:00:00,A,17,1,1,531,10.0,590.91,5,636.56
2026-01-15 17:00:00,B,17,1,1,384,10.0,374.33,6,495.28
2026-01-15 17:00:00,C,17,1,1,463,10.0,539.11,4,562.08
2026-01-15 17:00:00,D,17,1,1,433,10.64,458.11,4,571.28
2026-01-15 18:00:00,A,18,1,1,563,10.0,541.43,5,656.64
2026-01-15 18:00:00,B,18,1,1,300,10.0,370.48,6,509.06
2026-01-15 18:00:00,C,18,1,1,509,10.0,448.63,4,609.96
2026-01-15 18:00:00,D,18,1,1,359,29.8,543.71,4,507.6
2026-01-15 19:00:00,A,19,1,1,555,15.41,575.05,5,640.89
2026-01-15 19:00:00,B,19,1,1,361,10.0,381.93,6,529.97
2026-01-15 19:00:00,C,19,1,1,386,11.93,493.07,4,639.04
2026-01-15 19:00:00,D,19,1,1,378,10.0,494.21,4,630.9
2026-01-15 20:00:00,A,20,1,0,406,10.0,436.54,5,317.35
2026-01-15 20:00:00,B,20,1,0,310,10.0,265.06,6,291.04
2026-01-15 20:00:00,C,20,1,0,347,10.0,435.44,4,343.81
2026-01-15 20:00:00,D,20,1,0,378,10.0,410.1,4,424.53
2026-01-15 21:00:00,A,21,1,0,363,37.18,397.36,5,454.97
2026-01-15 21:00:00,B,21,1,0,310,10.0,298.38,6,266.19
2026-01-15 21:00:00,C,21,1,0,333,17.45,482.39,4,407.47
2026-01-15 21:00:00,D,21,1,0,346,10.0,437.91,4,336.42
2026-01-15 22:00:00,A,22,1,0,416,10.0,437.79,5,478.69
2026-01-15 22:00:00,B,22,1,0,315,10.0,347.63,6,344.02
2026-01-15 22:00:00,C,22,1,0,358,11.32,413.25,4,410.1
2026-01-15 22:00:00,D,22,1,0,382,10.0,409.05,4,478.41
2026-01-15 23:00:00,A,23,1,0,500,12.76,646.68,5,533.21
2026-01-15 23:00:00,B,23,1,0,390,10.0,484.2,6,402.76
2026-01-15 23:00:00,C,23,1,0,377,10.0,588.57,4,422.56
2026-01-15 23:00:00,D,23,1,0,424,10.0,543.5,4,546.21
2026-01-16 00:00:00,A,0,2,0,512,10.0,737.24,5,604.85
2026-01-16 00:00:00,B,0,2,0,435,34.34,432.93,6,407.26
2026-01-16 00:00:00,C,0,2,0,474,10.0,536.27,4,622.6
2026-01-16 00:00:00,D,0,2,0,558,26.86,676.8,4,571.19
2026-01-16 01:00:00,A,1,2,0,637,20.08,646.66,5,676.36
2026-01-16 01:00:00,B,1,2,0,434,10.0,547.11,6,552.32
2026-01-16 01:00:00,C,1,2,0,561,10.0,695.56,4,605.11
2026-01-16 01:00:00,D,1,2,0,461,10.0,761.19,4,637.16
2026-01-16 02:00:00,A,2,2,0,748,13.56,746.33,5,746.19
2026-01-16 02:00:00,B,2,2,0,510,10.0,638.42,6,497.68
2026-01-16 02:00:00,C,2,2,0,717,10.0,656.53,4,629.05
2026-01-16 02:00:00,D,2,2,0,594,10.0,669.86,4,674.86
2026-01-16 03:00:00,A,3,2,0,704,10.0,834.29,5,778.28
2026-01-16 03:00:00,B,3,2,0,571,10.0,708.96,6,601.24
2026-01-16 03:00:00,C,3,2,0,555,13.76,692.99,4,744.63
2026-01-16 03:00:00,D,3,2,0,744,10.0,884.87,4,632.95
2026-01-16 04:00:00,A,4,2,0,689,10.0,891.33,5,803.22
2026-01-16 04:00:00,B,4,2,0,642,10.0,692.52,6,679.39
2026-01-16 04:00:00,C,4,2,0,589,10.0,811.52,4,699.86
2026-01-16 04:00:00,D,4,2,0,699,10.0,777.29,4,659.17
2026-01-16 05:00:00,A,5,2,0,896,10.0,1049.96,5,846.21
2026-01-16 05:00:00,B,5,2,0,541,10.0,677.49,6,612.95
2026-01-16 05:00:00,C,5,2,0,629,11.24,912.67,4,822.33
2026-01-16 05:00:00,D,5,2,0,716,10.0,866.43,4,808.32
2026-01-16 06:00:00,A,6,2,0,789,10.0,932.8,5,923.32
2026-01-16 06:00:00,B,6,2,0,615,10.0,795.02,6,674.47
2026-01-16 06:00:00,C,6,2,0,682,10.0,907.25,4,790.8
2026-01-16 06:00:00,D,6,2,0,641,30.69,701.29,4,773.67
2026-01-16 07:00:00,A,7,2,1,1223,20.87,1490.95,5,1381.57
2026-01-16 07:00:00,B,7,2,1,790,14.05,1094.09,6,1038.47
2026-01-16 07:00:00,C,7,2,1,1152,10.0,1347.27,4,1179.44
2026-01-16 07:00:00,D,7,2,1,853,10.0,1219.86,4,1209.68
2026-01-16 08:00:00,A,8,2,1,1196,10.0,1188.47,5,1312.54
2026-01-16 08:00:00,B,8,2,1,870,10.0,927.77,6,947.7
2026-01-16 08:00:00,C,8,2,1,934,19.26,1304.63,4,1192.09
2026-01-16 08:00:00,D,8,2,1,812,10.0,1278.01,4,1150.97
2026-01-16 09:00:00,A,9,2,1,1242,10.0,1322.4,5,1295.45
2026-01-16 09:00:00,B,9,2,1,848,22.84,825.85,6,940.14
2026-01-16 09:00:00,C,9,2,1,1050,10.0,1262.49,4,1127.43
2026-01-16 09:00:00,D,9,2,1,880,25.31,1070.98,4,1082.29
2026-01-16 10:00:00,A,10,2,0,619,10.0,889.85,5,785.07
2026-01-16 10:00:00,B,10,2,0,599,10.0,673.85,6,462.92
2026-01-16 10:00:00,C,10,2,0,518,10.0,698.06,4,585.12
2026-01-16 10:00:00,D,10,2,0,556,21.79,750.62,4,694.51
2026-01-16 11:00:00,A,11,2,0,577,18.49,811.0,5,646.67
2026-01-16 11:00:00,B,11,2,0,506,23.41,483.2,6,497.97
2026-01-16 11:00:00,C,11,2,0,513,19.1,733.1,4,636.67
2026-01-16 11:00:00,D,11,2,0,492,14.23,572.82,4,626.92
2026-01-16 12:00:00,A,12,2,0,602,10.0,728.78,5,553.99
2026-01-16 12:00:00,B,12,2,0,448,18.76,496.29,6,347.41
2026-01-16 12:00:00,C,12,2,0,435,15.27,539.59,4,620.03
2026-01-16 12:00:00,D,12,2,0,431,10.0,595.62,4,531.84
2026-01-16 13:00:00,A,13,2,0,450,10.0,510.75,5,530.56
2026-01-16 13:00:00,B,13,2,0,330,15.94,496.53,6,442.56
2026-01-16 13:00:00,C,13,2,0,398,11.45,611.06,4,485.74
2026-01-16 13:00:00,D,13,2,0,526,10.0,531.91,4,439.19
2026-01-16 14:00:00,A,14,2,0,459,10.0,536.08,5,451.74
2026-01-16 14:00:00,B,14,2,0,353,13.75,389.38,6,438.58
2026-01-16 14:00:00,C,14,2,0,352,10.0,559.17,4,389.68
2026-01-16 14:00:00,D,14,2,0,333,19.15,479.62,4,445.21
2026-01-16 15:00:00,A,15,2,0,415,10.0,458.79,5,470.6
2026-01-16 15:00:00,B,15,2,0,304,10.0,371.99,6,307.86
2026-01-16 15:00:00,C,15,2,0,405,10.0,371.71,4,414.38
2026-01-16 15:00:00,D,15,2,0,342,10.0,377.09,4,418.88
2026-01-16 16:00:00,A,16,2,1,441,10.0,536.83,5,610.16
2026-01-16 16:00:00,B,16,2,1,436,10.0,507.95,6,525.18
2026-01-16 16:00:00,C,16,2,1,574,10.0,475.55,4,594.13
2026-01-16 16:00:00,D,16,2,1,510,10.0,550.4,4,626.8
2026-01-16 17:00:00,A,17,2,1,478,10.0,530.79,5,656.31
2026-01-16 17:00:00,B,17,2,1,395,10.0,381.45,6,532.87
2026-01-16 17:00:00,C,17,2,1,387,10.0,482.05,4,598.29
2026-01-16 17:00:00,D,17,2,1,407,10.0,450.15,4,628.07
2026-01-16 18:00:00,A,18,2,1,461,10.0,636.14,5,713.4
2026-01-16 18:00:00,B,18,2,1,402,22.13,438.43,6,455.85
2026-01-16 18:00:00,C,18,2,1,490,10.0,579.1,4,531.73
2026-01-16 18:00:00,D,18,2,1,461,10.0,498.25,4,554.94
2026-01-16 19:00:00,A,19,2,1,510,10.0,620.85,5,638.95
2026-01-16 19:00:00,B,19,2,1,319,36.26,359.96,6,497.83
2026-01-16 19:00:00,C,19,2,1,436,10.0,463.98,4,641.73
2026-01-16 19:00:00,D,19,2,1,430,16.92,567.69,4,599.24
2026-01-16 20:00:00,A,20,2,0,402,16.7,418.75,5,520.26
2026-01-16 20:00:00,B,20,2,0,254,10.0,305.48,6,244.84
2026-01-16 20:00:00,C,20,2,0,378,30.31,456.18,4,384.25
2026-01-16 20:00:00,D,20,2,0,370,15.01,386.67,4,429.23
2026-01-16 21:00:00,A,21,2,0,404,10.07,435.35,5,446.6
2026-01-16 21:00:00,B,21,2,0,304,10.0,406.91,6,383.33
2026-01-16 21:00:00,C,21,2,0,395,10.0,380.32,4,327.78
2026-01-16 21:00:00,D,21,2,0,423,27.51,429.49,4,345.06
2026-01-16 22:00:00,A,22,2,0,535,16.42,513.71,5,507.13
2026-01-16 22:00:00,B,22,2,0,322,10.0,377.67,6,358.66
2026-01-16 22:00:00,C,22,2,0,437,10.0,502.39,4,385.73
2026-01-16 22:00:00,D,22,2,0,373,10.0,520.43,4,480.27
2026-01-16 23:00:00,A,23,2,0,575,10.0,645.3,5,542.57
2026-01-16 23:00:00,B,23,2,0,368,10.0,389.34,6,291.28
2026-01-16 23:00:00,C,23,2,0,545,10.0,489.63,4,487.02
2026-01-16 23:00:00,D,23,2,0,484,10.0,459.02,4,426.98
2026-01-17 00:00:00,A,0,3,0,570,10.0,654.67,5,576.95
2026-01-17 00:00:00,B,0,3,0,420,10.0,496.77,6,436.68
2026-01-17 00:00:00,C,0,3,0,453,10.0,615.33,4,645.46
2026-01-17 00:00:00,D,0,3,0,486,10.0,550.01,4,550.59
2026-01-17 01:00:00,A,1,3,0,554,20.54,777.94,5,693.54
2026-01-17 01:00:00,B,1,3,0,411,10.12,528.93,6,465.23
2026-01-17 01:00:00,C,1,3,0,583,10.0,737.89,4,696.47
2026-01-17 01:00:00,D,1,3,0,658,10.0,653.87,4,618.46
2026-01-17 02:00:00,A,2,3,0,776,10.0,927.06,5,690.56
2026-01-17 02:00:00,B,2,3,0,528,17.84,616.22,6,542.24
2026-01-17 02:00:00,C,2,3,0,732,10.0,747.12,4,614.3
2026-01-17 02:00:00,D,2,3,0,616,10.0,724.98,4,610.25
2026-01-17 03:00:00,A,3,3,0,740,20.07,909.67,5,770.67
2026-01-17 03:00:00,B,3,3,0,613,10.0,634.12,6,600.19
2026-01-17 03:00:00,C,3,3,0,552,10.0,843.44,4,762.36
2026-01-17 03:00:00,D,3,3,0,701,10.0,883.18,4,707.03
2026-01-17 04:00:00,A,4,3,0,905,13.62,799.82,5,908.8
2026-01-17 04:00:00,B,4,3,0,653,14.52,583.49,6,658.19
2026-01-17 04:00:00,C,4,3,0,580,10.0,798.95,4,775.49
2026-01-17 04:00:00,D,4,3,0,599,22.34,892.53,4,739.88
2026-01-17 05:00:00,A,5,3,0,657,11.58,948.44,5,793.36
2026-01-17 05:00:00,B,5,3,0,598,13.1,622.72,6,641.01
2026-01-17 05:00:00,C,5,3,0,743,13.49,865.27,4,767.17
2026-01-17 05:00:00,D,5,3,0,705,10.0,805.55,4,796.91
2026-01-17 06:00:00,A,6,3,0,877,10.0,920.48,5,805.98
2026-01-17 06:00:00,B,6,3,0,626,10.0,777.6,6,713.96
2026-01-17 06:00:00,C,6,3,0,826,10.0,967.59,4,758.65
2026-01-17 06:00:00,D,6,3,0,816,15.52,944.14,4,762.05
2026-01-17 07:00:00,A,7,3,1,1049,18.6,1490.84,5,1322.44
2026-01-17 07:00:00,B,7,3,1,895,10.0,807.79,6,968.62
2026-01-17 07:00:00,C,7,3,1,937,12.65,1292.58,4,1180.47
2026-01-17 07:00:00,D,7,3,1,1142,10.0,1025.4,4,1243.56
2026-01-17 08:00:00,A,8,3,1,1037,36.0,1282.59,5,1318.76
2026-01-17 08:00:00,B,8,3,1,744,20.95,875.61,6,962.05
2026-01-17 08:00:00,C,8,3,1,903,10.0,1274.78,4,1193.56
2026-01-17 08:00:00,D,8,3,1,1076,10.0,1006.63,4,1142.15
2026-01-17 09:00:00,A,9,3,1,1166,17.4,1041.78,5,1243.97
2026-01-17 09:00:00,B,9,3,1,628,10.0,816.91,6,929.0
2026-01-17 09:00:00,C,9,3,1,801,10.0,1211.02,4,1141.07
2026-01-17 09:00:00,D,9,3,1,890,10.0,1209.3,4,1041.06
2026-01-17 10:00:00,A,10,3,0,809,10.0,689.27,5,739.9
2026-01-17 10:00:00,B,10,3,0,542,11.45,581.45,6,585.08
2026-01-17 10:00:00,C,10,3,0,580,10.0,767.84,4,697.83
2026-01-17 10:00:00,D,10,3,0,640,26.56,646.15,4,702.74
2026-01-17 11:00:00,A,11,3,0,682,10.0,748.19,5,696.58
2026-01-17 11:00:00,B,11,3,0,405,10.0,468.13,6,479.38
2026-01-17 11:00:00,C,11,3,0,483,16.58,638.0,4,579.03
2026-01-17 11:00:00,D,11,3,0,656,10.0,717.44,4,536.35
2026-01-17 12:00:00,A,12,3,0,584,17.8,590.73,5,628.85
2026-01-17 12:00:00,B,12,3,0,412,10.0,453.16,6,519.37
2026-01-17 12:00:00,C,12,3,0,514,10.0,596.76,4,507.34
2026-01-17 12:00:00,D,12,3,0,560,26.96,581.98,4,539.0
2026-01-17 13:00:00,A,13,3,0,420,10.0,555.86,5,568.28
2026-01-17 13:00:00,B,13,3,0,424,10.0,391.47,6,384.96
2026-01-17 13:00:00,C,13,3,0,550,19.41,583.04,4,593.03
2026-01-17 13:00:00,D,13,3,0,526,10.0,470.5,4,513.1
2026-01-17 14:00:00,A,14,3,0,482,19.99,508.71,5,485.89
2026-01-17 14:00:00,B,14,3,0,382,10.0,428.73,6,391.51
2026-01-17 14:00:00,C,14,3,0,374,10.0,541.73,4,408.63
2026-01-17 14:00:00,D,14,3,0,472,10.0,542.69,4,497.11
2026-01-17 15:00:00,A,15,3,0,472,10.0,438.44,5,476.02
2026-01-17 15:00:00,B,15,3,0,318,10.0,406.6,6,343.42
2026-01-17 15:00:00,C,15,3,0,412,10.0,387.37,4,488.05
2026-01-17 15:00:00,D,15,3,0,340,10.0,483.13,4,433.63
2026-01-17 16:00:00,A,16,3,1,511,10.0,641.05,5,575.08
2026-01-17 16:00:00,B,16,3,1,429,10.0,381.86,6,523.02
2026-01-17 16:00:00,C,16,3,1,571,10.0,633.07,4,610.28
2026-01-17 16:00:00,D,16,3,1,531,10.0,467.35,4,591.0
2026-01-17 17:00:00,A,17,3,1,517,13.32,517.44,5,606.22
2026-01-17 17:00:00,B,17,3,1,376,23.54,371.93,6,535.25
2026-01-17 17:00:00,C,17,3,1,482,16.19,512.34,4,556.95
2026-01-17 17:00:00,D,17,3,1,519,10.0,477.29,4,592.98
2026-01-17 18:00:00,A,18,3,1,508,10.0,514.69,5,669.36
2026-01-17 18:00:00,B,18,3,1,360,10.0,374.84,6,576.45
2026-01-17 18:00:00,C,18,3,1,467,10.0,565.29,4,538.43
2026-01-17 18:00:00,D,18,3,1,512,10.0,431.79,4,567.95
2026-01-17 19:00:00,A,19,3,1,552,17.79,645.99,5,667.58
2026-01-17 19:00:00,B,19,3,1,383,10.0,449.07,6,403.83
2026-01-17 19:00:00,C,19,3,1,389,10.0,449.08,4,579.99
2026-01-17 19:00:00,D,19,3,1,458,10.0,585.12,4,578.64
2026-01-17 20:00:00,A,20,3,0,386,22.18,473.53,5,449.7
2026-01-17 20:00:00,B,20,3,0,324,10.0,304.75,6,296.13
2026-01-17 20:00:00,C,20,3,0,335,10.0,350.5,4,279.36
2026-01-17 20:00:00,D,20,3,0,359,10.0,342.52,4,338.56
2026-01-17 21:00:00,A,21,3,0,396,10.0,417.6,5,423.44
2026-01-17 21:00:00,B,21,3,0,325,10.0,352.7,6,345.87
2026-01-17 21:00:00,C,21,3,0,421,10.0,432.22,4,461.7
2026-01-17 21:00:00,D,21,3,0,433,10.0,412.17,4,443.93
2026-01-17 22:00:00,A,22,3,0,528,10.0,590.56,5,444.77
2026-01-17 22:00:00,B,22,3,0,276,10.0,366.13,6,437.3
2026-01-17 22:00:00,C,22,3,0,342,10.0,563.15,4,525.26
2026-01-17 22:00:00,D,22,3,0,342,10.0,460.56,4,453.65
2026-01-17 23:00:00,A,23,3,0,576,10.0,665.08,5,543.23
2026-01-17 23:00:00,B,23,3,0,434,10.0,428.45,6,368.34
2026-01-17 23:00:00,C,23,3,0,470,10.0,541.43,4,519.32
2026-01-17 23:00:00,D,23,3,0,496,10.07,461.42,4,515.3
2026-01-18 00:00:00,A,0,4,0,536,13.73,751.39,5,718.01
2026-01-18 00:00:00,B,0,4,0,387,10.0,547.68,6,510.47
2026-01-18 00:00:00,C,0,4,0,437,11.11,677.41,4,664.19
2026-01-18 00:00:00,D,0,4,0,498,10.0,665.59,4,550.14
2026-01-18 01:00:00,A,1,4,0,532,19.38,746.63,5,739.84
2026-01-18 01:00:00,B,1,4,0,451,10.0,502.76,6,525.51
2026-01-18 01:00:00,C,1,4,0,543,13.85,770.13,4,652.15
2026-01-18 01:00:00,D,1,4,0,519,10.0,673.8,4,533.55
2026-01-18 02:00:00,A,2,4,0,662,14.36,760.51,5,781.47
2026-01-18 02:00:00,B,2,4,0,591,10.0,671.78,6,529.74
2026-01-18 02:00:00,C,2,4,0,664,23.48,672.35,4,635.57
2026-01-18 02:00:00,D,2,4,0,700,19.43,733.43,4,620.66
2026-01-18 03:00:00,A,3,4,0,795,18.87,868.87,5,760.58
2026-01-18 03:00:00,B,3,4,0,487,16.28,696.63,6,663.49
2026-01-18 03:00:00,C,3,4,0,702,27.02,872.4,4,789.5
2026-01-18 03:00:00,D,3,4,0,667,10.0,884.12,4,710.96
2026-01-18 04:00:00,A,4,4,0,864,10.0,1041.27,5,730.14
2026-01-18 04:00:00,B,4,4,0,615,10.0,644.41,6,662.2
2026-01-18 04:00:00,C,4,4,0,764,14.25,714.46,4,864.94
2026-01-18 04:00:00,D,4,4,0,649,10.0,848.63,4,825.53
2026-01-18 05:00:00,A,5,4,0,833,10.0,891.54,5,823.19
2026-01-18 05:00:00,B,5,4,0,660,10.0,729.73,6,660.65
2026-01-18 05:00:00,C,5,4,0,676,22.76,854.56,4,761.06
2026-01-18 05:00:00,D,5,4,0,747,10.62,717.39,4,768.9
2026-01-18 06:00:00,A,6,4,0,703,10.0,867.1,5,950.01
2026-01-18 06:00:00,B,6,4,0,567,13.1,701.81,6,545.4
2026-01-18 06:00:00,C,6,4,0,773,11.02,955.73,4,722.28
2026-01-18 06:00:00,D,6,4,0,822,10.0,752.56,4,711.89
2026-01-18 07:00:00,A,7,4,1,1252,18.05,1477.86,5,1267.65
2026-01-18 07:00:00,B,7,4,1,735,10.0,965.03,6,1045.52
2026-01-18 07:00:00,C,7,4,1,863,10.0,1120.44,4,1160.34
2026-01-18 07:00:00,D,7,4,1,904,28.46,1269.22,4,1178.71
2026-01-18 08:00:00,A,8,4,1,1060,10.0,1368.47,5,1295.78
2026-01-18 08:00:00,B,8,4,1,709,16.13,1069.19,6,967.64
2026-01-18 08:00:00,C,8,4,1,1001,10.0,1286.28,4,1241.48
2026-01-18 08:00:00,D,8,4,1,904,21.87,1209.8,4,1157.45
2026-01-18 09:00:00,A,9,4,1,895,10.0,1112.34,5,1136.63
2026-01-18 09:00:00,B,9,4,1,645,10.0,983.59,6,980.51
2026-01-18 09:00:00,C,9,4,1,996,10.0,1050.89,4,1199.46
2026-01-18 09:00:00,D,9,4,1,996,31.18,1252.02,4,1040.87
2026-01-18 10:00:00,A,10,4,0,651,10.0,803.25,5,808.98
2026-01-18 10:00:00,B,10,4,0,433,15.17,611.38,6,472.53
2026-01-18 10:00:00,C,10,4,0,508,10.0,784.27,4,706.93
2026-01-18 10:00:00,D,10,4,0,606,10.82,776.67,4,653.29
2026-01-18 11:00:00,A,11,4,0,606,22.44,776.95,5,661.6
2026-01-18 11:00:00,B,11,4,0,541,10.0,457.87,6,536.49
2026-01-18 11:00:00,C,11,4,0,505,16.87,561.38,4,597.83
2026-01-18 11:00:00,D,11,4,0,570,10.0,692.81,4,519.94
2026-01-18 12:00:00,A,12,4,0,470,10.0,603.95,5,641.53
2026-01-18 12:00:00,B,12,4,0,386,16.46,478.89,6,476.37
2026-01-18 12:00:00,C,12,4,0,526,10.0,559.83,4,575.17
2026-01-18 12:00:00,D,12,4,0,475,17.94,666.63,4,568.92
2026-01-18 13:00:00,A,13,4,0,558,15.98,672.8,5,512.48
2026-01-18 13:00:00,B,13,4,0,379,11.78,395.84,6,429.24
2026-01-18 13:00:00,C,13,4,0,447,10.0,582.56,4,556.57
2026-01-18 13:00:00,D,13,4,0,541,28.99,448.76,4,432.12
2026-01-18 14:00:00,A,14,4,0,522,10.0,496.8,5,488.76
2026-01-18 14:00:00,B,14,4,0,322,10.0,335.93,6,366.82
2026-01-18 14:00:00,C,14,4,0,343,10.0,440.77,4,382.28
2026-01-18 14:00:00,D,14,4,0,428,10.0,539.89,4,440.66
2026-01-18 15:00:00,A,15,4,0,372,10.0,491.77,5,447.61
2026-01-18 15:00:00,B,15,4,0,320,10.0,294.46,6,320.48
2026-01-18 15:00:00,C,15,4,0,342,10.0,384.65,4,404.84
2026-01-18 15:00:00,D,15,4,0,382,10.0,430.35,4,400.14
2026-01-18 16:00:00,A,16,4,1,559,30.72,638.27,5,706.79
2026-01-18 16:00:00,B,16,4,1,347,10.0,519.79,6,499.55
2026-01-18 16:00:00,C,16,4,1,557,10.0,611.16,4,620.32
2026-01-18 16:00:00,D,16,4,1,468,10.0,567.78,4,608.89
2026-01-18 17:00:00,A,17,4,1,487,10.13,630.39,5,701.74
2026-01-18 17:00:00,B,17,4,1,400,12.22,485.21,6,534.14
2026-01-18 17:00:00,C,17,4,1,527,10.0,595.74,4,656.97
2026-01-18 17:00:00,D,17,4,1,484,10.0,457.11,4,604.47
2026-01-18 18:00:00,A,18,4,1,499,11.04,589.13,5,698.6
2026-01-18 18:00:00,B,18,4,1,369,26.19,425.48,6,483.89
2026-01-18 18:00:00,C,18,4,1,494,10.0,432.19,4,642.78
2026-01-18 18:00:00,D,18,4,1,433,28.16,561.35,4,570.04
2026-01-18 19:00:00,A,19,4,1,454,10.0,542.9,5,595.01
2026-01-18 19:00:00,B,19,4,1,399,10.0,485.91,6,477.84
2026-01-18 19:00:00,C,19,4,1,481,15.54,442.26,4,646.14
2026-01-18 19:00:00,D,19,4,1,368,10.0,450.82,4,578.76
2026-01-18 20:00:00,A,20,4,0,351,10.0,447.34,5,412.81
2026-01-18 20:00:00,B,20,4,0,274,10.0,360.97,6,314.89
2026-01-18 20:00:00,C,20,4,0,300,10.0,406.71,4,385.25
2026-01-18 20:00:00,D,20,4,0,306,10.0,347.34,4,395.62
2026-01-18 21:00:00,A,21,4,0,358,10.0,480.34,5,504.89
2026-01-18 21:00:00,B,21,4,0,316,10.0,300.6,6,413.75
2026-01-18 21:00:00,C,21,4,0,352,14.92,477.45,4,370.42
2026-01-18 21:00:00,D,21,4,0,342,10.9,435.0,4,449.43
2026-01-18 22:00:00,A,22,4,0,422,10.0,614.97,5,462.06
2026-01-18 22:00:00,B,22,4,0,358,10.0,422.21,6,306.19
2026-01-18 22:00:00,C,22,4,0,489,10.0,533.78,4,451.09
2026-01-18 22:00:00,D,22,4,0,353,10.0,494.1,4,417.1
2026-01-18 23:00:00,A,23,4,0,608,28.15,656.43,5,583.38
2026-01-18 23:00:00,B,23,4,0,374,10.0,457.58,6,521.47
2026-01-18 23:00:00,C,23,4,0,478,10.0,586.64,4,381.62
2026-01-18 23:00:00,D,23,4,0,399,32.69,514.99,4,568.69
2026-01-19 00:00:00,A,0,5,0,587,10.0,764.09,5,641.87
2026-01-19 00:00:00,B,0,5,0,466,10.0,500.05,6,498.29
2026-01-19 00:00:00,C,0,5,0,605,10.0,608.19,4,547.42
2026-01-19 00:00:00,D,0,5,0,502,10.0,517.58,4,602.06
2026-01-19 01:00:00,A,1,5,0,599,10.0,646.17,5,737.94
2026-01-19 01:00:00,B,1,5,0,516,10.0,567.14,6,437.33
2026-01-19 01:00:00,C,1,5,0,595,19.42,738.37,4,588.07
2026-01-19 01:00:00,D,1,5,0,578,10.0,678.24,4,604.24
2026-01-19 02:00:00,A,2,5,0,683,10.0,772.06,5,766.97
2026-01-19 02:00:00,B,2,5,0,488,18.07,575.64,6,596.16
2026-01-19 02:00:00,C,2,5,0,594,10.0,816.85,4,657.64
2026-01-19 02:00:00,D,2,5,0,553,17.55,771.27,4,620.71
2026-01-19 03:00:00,A,3,5,0,653,10.0,933.57,5,870.23
2026-01-19 03:00:00,B,3,5,0,475,10.0,682.95,6,525.73
2026-01-19 03:00:00,C,3,5,0,740,10.0,739.38,4,691.82
2026-01-19 03:00:00,D,3,5,0,564,10.0,677.07,4,701.13
2026-01-19 04:00:00,A,4,5,0,648,35.25,873.82,5,867.38
2026-01-19 04:00:00,B,4,5,0,598,10.0,743.31,6,614.89
2026-01-19 04:00:00,C,4,5,0,733,10.0,898.76,4,760.14
2026-01-19 04:00:00,D,4,5,0,732,24.15,765.53,4,750.88
2026-01-19 05:00:00,A,5,5,0,890,20.18,832.36,5,906.87
2026-01-19 05:00:00,B,5,5,0,477,32.76,686.16,6,673.05
2026-01-19 05:00:00,C,5,5,0,855,32.88,815.84,4,834.34
2026-01-19 05:00:00,D,5,5,0,841,11.23,778.55,4,735.26
2026-01-19 06:00:00,A,6,5,0,700,20.17,807.63,5,926.23
2026-01-19 06:00:00,B,6,5,0,603,19.72,682.72,6,527.49
2026-01-19 06:00:00,C,6,5,0,853,10.0,804.93,4,816.2
2026-01-19 06:00:00,D,6,5,0,644,10.0,824.01,4,753.32
2026-01-19 07:00:00,A,7,5,1,1137,10.0,1151.53,5,1270.85
2026-01-19 07:00:00,B,7,5,1,801,13.87,845.77,6,983.15
2026-01-19 07:00:00,C,7,5,1,1065,10.0,1204.73,4,1214.88
2026-01-19 07:00:00,D,7,5,1,906,17.45,1228.61,4,1211.07
2026-01-19 08:00:00,A,8,5,1,973,13.85,1156.31,5,1207.23
2026-01-19 08:00:00,B,8,5,1,868,20.49,989.07,6,1062.96
2026-01-19 08:00:00,C,8,5,1,1105,12.56,1304.22,4,1142.65
2026-01-19 08:00:00,D,8,5,1,1121,10.0,1251.91,4,1121.57
2026-01-19 09:00:00,A,9,5,1,1231,29.81,1098.38,5,1229.52
2026-01-19 09:00:00,B,9,5,1,669,11.07,891.86,6,934.08
2026-01-19 09:00:00,C,9,5,1,924,16.35,1106.29,4,1102.21
2026-01-19 09:00:00,D,9,5,1,783,12.03,921.62,4,1099.09
2026-01-19 10:00:00,A,10,5,0,717,21.25,726.83,5,659.37
2026-01-19 10:00:00,B,10,5,0,478,10.0,543.72,6,598.42
2026-01-19 10:00:00,C,10,5,0,558,17.67,641.31,4,614.9
2026-01-19 10:00:00,D,10,5,0,616,16.06,675.1,4,625.74
2026-01-19 11:00:00,A,11,5,0,611,10.0,761.58,5,736.97
2026-01-19 11:00:00,B,11,5,0,527,10.0,577.92,6,438.66
2026-01-19 11:00:00,C,11,5,0,669,10.0,698.25,4,629.08
2026-01-19 11:00:00,D,11,5,0,586,10.0,639.26,4,596.59
2026-01-19 12:00:00,A,12,5,0,469,12.79,618.85,5,643.58
2026-01-19 12:00:00,B,12,5,0,420,10.0,566.55,6,501.98
2026-01-19 12:00:00,C,12,5,0,565,12.4,577.02,4,580.77
2026-01-19 12:00:00,D,12,5,0,453,10.0,646.46,4,605.78
2026-01-19 13:00:00,A,13,5,0,526,10.0,664.29,5,550.22
2026-01-19 13:00:00,B,13,5,0,443,24.1,488.35,6,374.32
2026-01-19 13:00:00,C,13,5,0,489,10.0,627.87,4,498.11
2026-01-19 13:00:00,D,13,5,0,410,10.0,530.2,4,452.4
2026-01-19 14:00:00,A,14,5,0,497,24.42,571.93,5,490.99
2026-01-19 14:00:00,B,14,5,0,301,10.0,363.03,6,306.46
2026-01-19 14:00:00,C,14,5,0,402,10.0,562.53,4,534.69
2026-01-19 14:00:00,D,14,5,0,475,10.0,517.72,4,461.35
2026-01-19 15:00:00,A,15,5,0,409,10.0,421.93,5,386.23
2026-01-19 15:00:00,B,15,5,0,264,10.0,314.88,6,371.45
2026-01-19 15:00:00,C,15,5,0,434,10.0,428.3,4,399.4
2026-01-19 15:00:00,D,15,5,0,361,12.02,431.22,4,408.96
2026-01-19 16:00:00,A,16,5,1,516,10.0,711.33,5,688.97
2026-01-19 16:00:00,B,16,5,1,353,10.0,433.84,6,525.52
2026-01-19 16:00:00,C,16,5,1,562,10.0,584.92,4,634.0
2026-01-19 16:00:00,D,16,5,1,454,10.0,484.25,4,567.42
2026-01-19 17:00:00,A,17,5,1,579,10.0,540.32,5,683.55
2026-01-19 17:00:00,B,17,5,1,408,13.19,447.16,6,574.28
2026-01-19 17:00:00,C,17,5,1,379,10.0,540.76,4,569.88
2026-01-19 17:00:00,D,17,5,1,405,10.0,467.48,4,593.47
2026-01-19 18:00:00,A,18,5,1,470,10.0,568.76,5,704.52
2026-01-19 18:00:00,B,18,5,1,409,10.0,461.94,6,554.05
2026-01-19 18:00:00,C,18,5,1,475,10.0,481.73,4,582.87
2026-01-19 18:00:00,D,18,5,1,359,10.0,576.54,4,519.76
2026-01-19 19:00:00,A,19,5,1,488,10.0,598.23,5,665.37
2026-01-19 19:00:00,B,19,5,1,327,10.0,380.5,6,532.03
2026-01-19 19:00:00,C,19,5,1,449,10.0,589.05,4,601.03
2026-01-19 19:00:00,D,19,5,1,464,13.29,571.91,4,628.04
2026-01-19 20:00:00,A,20,5,0,401,36.96,430.74,5,346.44
2026-01-19 20:00:00,B,20,5,0,281,21.64,310.56,6,344.98
2026-01-19 20:00:00,C,20,5,0,341,10.0,361.76,4,325.86
2026-01-19 20:00:00,D,20,5,0,336,10.0,411.14,4,338.3
2026-01-19 21:00:00,A,21,5,0,339,10.0,501.3,5,480.44
2026-01-19 21:00:00,B,21,5,0,254,19.04,350.72,6,413.78
2026-01-19 21:00:00,C,21,5,0,410,10.0,475.23,4,413.78
2026-01-19 21:00:00,D,21,5,0,310,10.0,483.77,4,445.13
2026-01-19 22:00:00,A,22,5,0,414,10.0,531.54,5,491.22
2026-01-19 22:00:00,B,22,5,0,366,10.0,423.97,6,374.74
2026-01-19 22:00:00,C,22,5,0,477,10.0,419.24,4,375.46
2026-01-19 22:00:00,D,22,5,0,472,10.0,398.81,4,450.42
2026-01-19 23:00:00,A,23,5,0,554,26.44,560.3,5,613.92
2026-01-19 23:00:00,B,23,5,0,355,10.0,498.48,6,395.4
2026-01-19 23:00:00,C,23,5,0,392,10.0,473.01,4,472.05
2026-01-19 23:00:00,D,23,5,0,446,10.0,471.77,4,592.61
2026-01-20 00:00:00,A,0,6,0,551,10.0,679.04,5,625.85
2026-01-20 00:00:00,B,0,6,0,478,10.0,538.61,6,483.44
2026-01-20 00:00:00,C,0,6,0,613,10.0,535.41,4,547.76
2026-01-20 00:00:00,D,0,6,0,598,10.0,530.56,4,520.39
2026-01-20 01:00:00,A,1,6,0,635,10.0,805.19,5,672.15
2026-01-20 01:00:00,B,1,6,0,488,10.0,589.04,6,500.13
2026-01-20 01:00:00,C,1,6,0,631,10.0,724.34,4,658.08
2026-01-20 01:00:00,D,1,6,0,557,26.01,602.34,4,532.49
2026-01-20 02:00:00,A,2,6,0,717,10.95,805.45,5,737.12
2026-01-20 02:00:00,B,2,6,0,588,10.0,538.43,6,520.85
2026-01-20 02:00:00,C,2,6,0,599,10.0,837.03,4,707.34
2026-01-20 02:00:00,D,2,6,0,592,11.97,742.9,4,669.08
2026-01-20 03:00:00,A,3,6,0,664,10.0,743.78,5,863.62
2026-01-20 03:00:00,B,3,6,0,519,10.0,549.94,6,569.33
2026-01-20 03:00:00,C,3,6,0,545,10.0,784.97,4,721.31
2026-01-20 03:00:00,D,3,6,0,616,34.86,816.84,4,781.93
2026-01-20 04:00:00,A,4,6,0,914,13.05,826.72,5,841.56
2026-01-20 04:00:00,B,4,6,0,673,10.0,571.67,6,647.99
2026-01-20 04:00:00,C,4,6,0,775,20.37,861.64,4,711.7
2026-01-20 04:00:00,D,4,6,0,660,27.27,800.7,4,763.57
2026-01-20 05:00:00,A,5,6,0,926,10.0,909.1,5,860.32
2026-01-20 05:00:00,B,5,6,0,653,11.36,637.53,6,657.29
2026-01-20 05:00:00,C,5,6,0,838,10.0,775.71,4,781.08
2026-01-20 05:00:00,D,5,6,0,808,10.0,849.86,4,818.71
2026-01-20 06:00:00,A,6,6,0,937,22.99,1086.22,5,821.27
2026-01-20 06:00:00,B,6,6,0,485,10.0,719.25,6,613.53
2026-01-20 06:00:00,C,6,6,0,593,12.38,900.17,4,895.05
2026-01-20 06:00:00,D,6,6,0,618,19.05,877.57,4,798.65
2026-01-20 07:00:00,A,7,6,1,1287,20.49,1376.61,5,1405.37
2026-01-20 07:00:00,B,7,6,1,981,18.86,848.89,6,959.77
2026-01-20 07:00:00,C,7,6,1,1184,31.42,1332.43,4,1225.67
2026-01-20 07:00:00,D,7,6,1,1103,14.33,1014.17,4,1252.99
2026-01-20 08:00:00,A,8,6,1,920,37.24,1261.59,5,1284.41
2026-01-20 08:00:00,B,8,6,1,850,22.17,1062.45,6,961.34
2026-01-20 08:00:00,C,8,6,1,882,13.23,1303.22,4,1126.52
2026-01-20 08:00:00,D,8,6,1,1007,10.0,1259.92,4,1176.57
2026-01-20 09:00:00,A,9,6,1,959,17.02,1242.2,5,1269.7
2026-01-20 09:00:00,B,9,6,1,745,20.02,812.36,6,926.58
2026-01-20 09:00:00,C,9,6,1,1081,10.0,1117.4,4,1136.89
2026-01-20 09:00:00,D,9,6,1,951,10.0,935.91,4,1078.75
2026-01-20 10:00:00,A,10,6,0,587,10.0,909.49,5,789.56
2026-01-20 10:00:00,B,10,6,0,588,10.0,612.16,6,532.78
2026-01-20 10:00:00,C,10,6,0,536,10.0,843.69,4,659.78
2026-01-20 10:00:00,D,10,6,0,697,13.41,614.61,4,704.78
2026-01-20 11:00:00,A,11,6,0,725,17.35,799.24,5,683.76
2026-01-20 11:00:00,B,11,6,0,409,10.0,581.75,6,552.4
2026-01-20 11:00:00,C,11,6,0,623,10.0,761.91,4,630.81
2026-01-20 11:00:00,D,11,6,0,553,10.0,625.12,4,613.85
2026-01-20 12:00:00,A,12,6,0,517,14.85,657.54,5,568.96
2026-01-20 12:00:00,B,12,6,0,495,10.51,552.82,6,554.63
2026-01-20 12:00:00,C,12,6,0,468,10.0,696.93,4,551.13
2026-01-20 12:00:00,D,12,6,0,560,10.0,577.92,4,487.09
2026-01-20 13:00:00,A,13,6,0,500,10.0,570.82,5,549.43
2026-01-20 13:00:00,B,13,6,0,418,10.0,400.76,6,396.5
2026-01-20 13:00:00,C,13,6,0,407,10.0,522.89,4,487.09
2026-01-20 13:00:00,D,13,6,0,391,10.0,481.42,4,507.39
2026-01-20 14:00:00,A,14,6,0,501,17.76,553.44,5,560.79
2026-01-20 14:00:00,B,14,6,0,303,10.0,415.13,6,419.62
2026-01-20 14:00:00,C,14,6,0,397,10.0,449.92,4,454.58
2026-01-20 14:00:00,D,14,6,0,410,10.0,504.4,4,360.12
2026-01-20 15:00:00,A,15,6,0,383,30.9,481.54,5,452.05
2026-01-20 15:00:00,B,15,6,0,310,10.0,406.44,6,344.67
2026-01-20 15:00:00,C,15,6,0,440,10.0,389.77,4,446.26
2026-01-20 15:00:00,D,15,6,0,364,10.0,398.31,4,429.63
2026-01-20 16:00:00,A,16,6,1,627,10.0,648.28,5,630.4
2026-01-20 16:00:00,B,16,6,1,436,16.11,496.82,6,551.8
2026-01-20 16:00:00,C,16,6,1,523,10.0,625.21,4,587.12
2026-01-20 16:00:00,D,16,6,1,472,10.0,469.28,4,651.13
2026-01-20 17:00:00,A,17,6,1,591,10.0,629.12,5,724.84
2026-01-20 17:00:00,B,17,6,1,434,12.9,465.78,6,557.07
2026-01-20 17:00:00,C,17,6,1,534,10.0,489.92,4,605.09
2026-01-20 17:00:00,D,17,6,1,483,10.0,568.35,4,561.61
2026-01-20 18:00:00,A,18,6,1,468,10.0,649.9,5,661.16
2026-01-20 18:00:00,B,18,6,1,404,10.0,354.09,6,421.92
2026-01-20 18:00:00,C,18,6,1,445,10.0,499.31,4,604.72
2026-01-20 18:00:00,D,18,6,1,411,10.0,526.81,4,566.18
2026-01-20 19:00:00,A,19,6,1,584,13.02,590.4,5,683.61
2026-01-20 19:00:00,B,19,6,1,338,29.4,387.9,6,511.5
2026-01-20 19:00:00,C,19,6,1,512,10.0,448.25,4,565.56
2026-01-20 19:00:00,D,19,6,1,412,10.0,570.28,4,619.04
2026-01-20 20:00:00,A,20,6,0,425,10.0,368.95,5,358.29
2026-01-20 20:00:00,B,20,6,0,240,10.35,274.66,6,308.93
2026-01-20 20:00:00,C,20,6,0,391,10.0,358.2,4,290.01
2026-01-20 20:00:00,D,20,6,0,355,10.0,372.83,4,440.39
2026-01-20 21:00:00,A,21,6,0,408,10.0,425.02,5,458.48
2026-01-20 21:00:00,B,21,6,0,247,10.0,300.23,6,231.65
2026-01-20 21:00:00,C,21,6,0,414,10.0,375.28,4,344.26
2026-01-20 21:00:00,D,21,6,0,387,24.44,445.0,4,298.7
2026-01-20 22:00:00,A,22,6,0,452,10.0,510.37,5,515.11
2026-01-20 22:00:00,B,22,6,0,296,10.0,388.18,6,274.27
2026-01-20 22:00:00,C,22,6,0,485,10.0,517.29,4,420.45
2026-01-20 22:00:00,D,22,6,0,415,10.0,437.94,4,478.34
2026-01-20 23:00:00,A,23,6,0,516,10.0,673.58,5,532.79
2026-01-20 23:00:00,B,23,6,0,406,10.0,411.93,6,444.83
2026-01-20 23:00:00,C,23,6,0,459,10.0,562.28,4,457.9
2026-01-20 23:00:00,D,23,6,0,399,17.62,510.67,4,464.65
2026-01-21 00:00:00,A,0,7,0,479,10.0,554.3,5,559.06
2026-01-21 00:00:00,B,0,7,0,377,10.0,429.67,6,423.95
2026-01-21 00:00:00,C,0,7,0,425,21.78,519.89,4,547.02
2026-01-21 00:00:00,D,0,7,0,541,10.0,650.37,4,530.64
2026-01-21 01:00:00,A,1,7,0,501,24.73,697.76,5,607.65
2026-01-21 01:00:00,B,1,7,0,515,10.28,515.91,6,404.15
2026-01-21 01:00:00,C,1,7,0,503,21.24,740.91,4,577.8
2026-01-21 01:00:00,D,1,7,0,587,10.0,691.33,4,652.55
2026-01-21 02:00:00,A,2,7,0,726,10.0,697.48,5,717.97
2026-01-21 02:00:00,B,2,7,0,470,10.0,583.72,6,508.2
2026-01-21 02:00:00,C,2,7,0,622,10.0,646.63,4,671.37
2026-01-21 02:00:00,D,2,7,0,481,10.0,580.78,4,678.31
2026-01-21 03:00:00,A,3,7,0,813,10.0,784.48,5,771.51
2026-01-21 03:00:00,B,3,7,0,490,10.0,664.92,6,542.57
2026-01-21 03:00:00,C,3,7,0,587,10.0,722.57,4,708.76
2026-01-21 03:00:00,D,3,7,0,592,23.58,630.28,4,659.56
2026-01-21 04:00:00,A,4,7,0,690,10.0,797.84,5,860.45
2026-01-21 04:00:00,B,4,7,0,517,12.82,696.01,6,541.54
2026-01-21 04:00:00,C,4,7,0,733,10.0,703.73,4,745.19
2026-01-21 04:00:00,D,4,7,0,563,10.0,804.48,4,792.27
2026-01-21 05:00:00,A,5,7,0,786,13.1,864.04,5,801.22
2026-01-21 05:00:00,B,5,7,0,459,10.0,612.85,6,608.75
2026-01-21 05:00:00,C,5,7,0,720,10.0,705.0,4,681.77
2026-01-21 05:00:00,D,5,7,0,587,10.0,671.54,4,704.5
2026-01-21 06:00:00,A,6,7,0,638,10.0,1043.48,5,863.5
2026-01-21 06:00:00,B,6,7,0,665,20.66,694.28,6,659.88
2026-01-21 06:00:00,C,6,7,0,747,16.98,686.61,4,737.02
2026-01-21 06:00:00,D,6,7,0,591,10.0,907.13,4,757.11
2026-01-21 07:00:00,A,7,7,1,1143,15.09,1200.58,5,1251.82
2026-01-21 07:00:00,B,7,7,1,897,10.0,1071.69,6,939.64
2026-01-21 07:00:00,C,7,7,1,1152,10.0,1004.66,4,1198.13
2026-01-21 07:00:00,D,7,7,1,958,19.19,1255.09,4,1237.04
2026-01-21 08:00:00,A,8,7,1,1038,10.0,1217.97,5,1188.9
2026-01-21 08:00:00,B,8,7,1,847,29.51,775.47,6,1043.46
2026-01-21 08:00:00,C,8,7,1,1077,44.64,976.96,4,1260.26
2026-01-21 08:00:00,D,8,7,1,862,11.26,925.34,4,1131.93
2026-01-21 09:00:00,A,9,7,1,1179,18.2,1296.19,5,1148.69
2026-01-21 09:00:00,B,9,7,1,791,10.0,917.71,6,907.92
2026-01-21 09:00:00,C,9,7,1,927,21.61,1221.65,4,1157.06
2026-01-21 09:00:00,D,9,7,1,915,10.0,1092.64,4,1025.55
2026-01-21 10:00:00,A,10,7,0,587,16.17,861.49,5,656.75
2026-01-21 10:00:00,B,10,7,0,576,10.0,511.6,6,534.34
2026-01-21 10:00:00,C,10,7,0,674,10.0,606.46,4,614.78
2026-01-21 10:00:00,D,10,7,0,571,17.44,680.21,4,668.69
2026-01-21 11:00:00,A,11,7,0,642,10.0,625.59,5,675.25
2026-01-21 11:00:00,B,11,7,0,488,10.0,586.93,6,510.87
2026-01-21 11:00:00,C,11,7,0,504,10.0,709.86,4,587.06
2026-01-21 11:00:00,D,11,7,0,597,10.0,586.93,4,533.13
2026-01-21 12:00:00,A,12,7,0,628,10.0,594.26,5,674.86
2026-01-21 12:00:00,B,12,7,0,458,10.0,460.89,6,443.89
2026-01-21 12:00:00,C,12,7,0,582,10.0,606.08,4,600.28
2026-01-21 12:00:00,D,12,7,0,515,14.24,609.33,4,399.57
2026-01-21 13:00:00,A,13,7,0,551,10.0,566.93,5,602.45
2026-01-21 13:00:00,B,13,7,0,371,25.98,472.32,6,342.99
2026-01-21 13:00:00,C,13,7,0,365,10.0,485.14,4,479.49
2026-01-21 13:00:00,D,13,7,0,371,10.0,481.32,4,503.11
2026-01-21 14:00:00,A,14,7,0,419,10.0,582.84,5,454.89
2026-01-21 14:00:00,B,14,7,0,344,11.2,401.85,6,262.16
2026-01-21 14:00:00,C,14,7,0,385,10.0,502.96,4,455.57
2026-01-21 14:00:00,D,14,7,0,464,20.3,465.82,4,426.69
2026-01-21 15:00:00,A,15,7,0,429,10.0,445.7,5,435.05
2026-01-21 15:00:00,B,15,7,0,279,10.0,353.83,6,331.42
2026-01-21 15:00:00,C,15,7,0,365,17.46,474.18,4,384.89
2026-01-21 15:00:00,D,15,7,0,369,10.0,359.26,4,415.14
2026-01-21 16:00:00,A,16,7,1,437,10.0,694.3,5,702.83
2026-01-21 16:00:00,B,16,7,1,351,31.36,415.95,6,499.04
2026-01-21 16:00:00,C,16,7,1,508,10.0,574.29,4,684.13
2026-01-21 16:00:00,D,16,7,1,514,22.3,575.45,4,631.64
2026-01-21 17:00:00,A,17,7,1,455,10.0,496.95,5,667.9
2026-01-21 17:00:00,B,17,7,1,310,11.85,437.19,6,535.17
2026-01-21 17:00:00,C,17,7,1,461,10.0,569.69,4,669.51
2026-01-21 17:00:00,D,17,7,1,416,21.87,470.72,4,574.41
2026-01-21 18:00:00,A,18,7,1,495,20.84,519.08,5,620.34
2026-01-21 18:00:00,B,18,7,1,389,22.94,421.21,6,492.04
2026-01-21 18:00:00,C,18,7,1,417,10.0,542.93,4,671.73
2026-01-21 18:00:00,D,18,7,1,445,14.04,501.51,4,558.03
2026-01-21 19:00:00,A,19,7,1,436,25.42,641.58,5,668.44
2026-01-21 19:00:00,B,19,7,1,345,10.0,377.41,6,574.32
2026-01-21 19:00:00,C,19,7,1,373,14.69,438.62,4,603.35
2026-01-21 19:00:00,D,19,7,1,419,10.0,472.49,4,536.25
2026-01-21 20:00:00,A,20,7,0,318,10.0,360.34,5,426.06
2026-01-21 20:00:00,B,20,7,0,306,10.0,271.85,6,246.1
2026-01-21 20:00:00,C,20,7,0,326,10.0,338.76,4,349.17
2026-01-21 20:00:00,D,20,7,0,378,10.0,406.51,4,380.91
2026-01-21 21:00:00,A,21,7,0,383,10.0,473.67,5,463.04
2026-01-21 21:00:00,B,21,7,0,236,10.0,342.7,6,277.11
2026-01-21 21:00:00,C,21,7,0,316,10.0,420.15,4,397.95
2026-01-21 21:00:00,D,21,7,0,337,10.0,343.47,4,321.85
2026-01-21 22:00:00,A,22,7,0,390,21.77,503.11,5,416.93
2026-01-21 22:00:00,B,22,7,0,349,10.0,342.51,6,379.79
2026-01-21 22:00:00,C,22,7,0,445,10.0,522.5,4,408.48
2026-01-21 22:00:00,D,22,7,0,344,10.0,467.17,4,391.77
2026-01-21 23:00:00,A,23,7,0,516,10.0,614.61,5,560.59
2026-01-21 23:00:00,B,23,7,0,313,10.0,398.31,6,376.4
2026-01-21 23:00:00,C,23,7,0,505,10.0,549.35,4,516.95
2026-01-21 23:00:00,D,23,7,0,492,10.0,573.23,4,404.77
2026-01-22 00:00:00,A,0,1,0,569,21.16,612.9,5,582.69
2026-01-22 00:00:00,B,0,1,0,383,27.7,475.69,6,415.41
2026-01-22 00:00:00,C,0,1,0,519,10.0,541.8,4,500.64
2026-01-22 00:00:00,D,0,1,0,449,10.0,650.95,4,514.23
2026-01-22 01:00:00,A,1,1,0,640,10.0,816.02,5,665.14
2026-01-22 01:00:00,B,1,1,0,520,10.0,571.82,6,492.94
2026-01-22 01:00:00,C,1,1,0,636,10.0,540.41,4,604.74
2026-01-22 01:00:00,D,1,1,0,540,10.0,542.33,4,522.3
2026-01-22 02:00:00,A,2,1,0,706,10.0,716.14,5,663.86
2026-01-22 02:00:00,B,2,1,0,444,10.0,561.38,6,545.97
2026-01-22 02:00:00,C,2,1,0,613,10.0,667.18,4,627.98
2026-01-22 02:00:00,D,2,1,0,499,10.0,781.32,4,649.41
2026-01-22 03:00:00,A,3,1,0,814,10.0,837.22,5,813.84
2026-01-22 03:00:00,B,3,1,0,428,10.0,601.4,6,586.6
2026-01-22 03:00:00,C,3,1,0,642,10.0,768.62,4,702.69
2026-01-22 03:00:00,D,3,1,0,732,13.77,653.53,4,703.37
2026-01-22 04:00:00,A,4,1,0,631,12.13,957.06,5,772.23
2026-01-22 04:00:00,B,4,1,0,542,10.0,674.59,6,528.23
2026-01-22 04:00:00,C,4,1,0,773,10.0,883.52,4,702.03
2026-01-22 04:00:00,D,4,1,0,589,10.04,871.27,4,710.93
2026-01-22 05:00:00,A,5,1,0,843,10.0,839.5,5,867.78
2026-01-22 05:00:00,B,5,1,0,548,10.0,639.84,6,570.11
2026-01-22 05:00:00,C,5,1,0,590,10.0,781.67,4,809.61
2026-01-22 05:00:00,D,5,1,0,786,10.0,746.55,4,796.47
2026-01-22 06:00:00,A,6,1,0,770,10.0,782.27,5,825.39
2026-01-22 06:00:00,B,6,1,0,571,10.0,606.27,6,541.38
2026-01-22 06:00:00,C,6,1,0,681,10.0,876.72,4,786.17
2026-01-22 06:00:00,D,6,1,0,732,10.0,721.33,4,735.66
2026-01-22 07:00:00,A,7,1,1,991,34.32,1268.5,5,1334.13
2026-01-22 07:00:00,B,7,1,1,696,10.0,962.79,6,952.87
2026-01-22 07:00:00,C,7,1,1,1025,10.0,972.98,4,1222.84
2026-01-22 07:00:00,D,7,1,1,898,10.0,1012.55,4,1187.13
2026-01-22 08:00:00,A,8,1,1,1263,16.34,1320.92,5,1263.01
2026-01-22 08:00:00,B,8,1,1,819,17.53,904.76,6,914.32
2026-01-22 08:00:00,C,8,1,1,849,21.78,1041.43,4,1075.51
2026-01-22 08:00:00,D,8,1,1,841,10.0,1254.27,4,1054.18
2026-01-22 09:00:00,A,9,1,1,988,10.0,1048.0,5,1236.73
2026-01-22 09:00:00,B,9,1,1,840,10.26,952.95,6,920.56
2026-01-22 09:00:00,C,9,1,1,1061,10.0,1158.76,4,1099.17
2026-01-22 09:00:00,D,9,1,1,975,21.33,1071.07,4,1047.19
2026-01-22 10:00:00,A,10,1,0,607,10.0,800.04,5,684.73
2026-01-22 10:00:00,B,10,1,0,429,10.0,626.21,6,546.14
2026-01-22 10:00:00,C,10,1,0,641,13.99,717.22,4,632.45
2026-01-22 10:00:00,D,10,1,0,655,10.0,766.26,4,606.53
2026-01-22 11:00:00,A,11,1,0,511,10.5,639.27,5,590.9
2026-01-22 11:00:00,B,11,1,0,477,10.0,442.96,6,471.98
2026-01-22 11:00:00,C,11,1,0,510,11.86,623.84,4,537.78
2026-01-22 11:00:00,D,11,1,0,633,12.73,701.83,4,599.65
2026-01-22 12:00:00,A,12,1,0,583,25.73,600.2,5,664.9
2026-01-22 12:00:00,B,12,1,0,413,15.88,513.52,6,348.03
2026-01-22 12:00:00,C,12,1,0,540,10.0,531.86,4,580.07
2026-01-22 12:00:00,D,12,1,0,541,10.0,647.64,4,595.81
2026-01-22 13:00:00,A,13,1,0,422,10.0,508.69,5,560.28
2026-01-22 13:00:00,B,13,1,0,393,10.0,407.47,6,389.45
2026-01-22 13:00:00,C,13,1,0,373,14.81,449.35,4,512.42
2026-01-22 13:00:00,D,13,1,0,420,10.0,507.39,4,569.7
2026-01-22 14:00:00,A,14,1,0,456,10.0,489.13,5,443.63
2026-01-22 14:00:00,B,14,1,0,270,10.0,398.61,6,364.05
2026-01-22 14:00:00,C,14,1,0,461,12.09,508.78,4,315.89
2026-01-22 14:00:00,D,14,1,0,464,10.0,490.17,4,440.98
2026-01-22 15:00:00,A,15,1,0,365,10.0,491.69,5,427.71
2026-01-22 15:00:00,B,15,1,0,241,18.67,325.74,6,258.28
2026-01-22 15:00:00,C,15,1,0,302,14.81,371.94,4,377.69
2026-01-22 15:00:00,D,15,1,0,386,10.0,472.39,4,341.0
2026-01-22 16:00:00,A,16,1,1,425,10.0,576.26,5,716.5
2026-01-22 16:00:00,B,16,1,1,437,10.0,502.01,6,461.37
2026-01-22 16:00:00,C,16,1,1,545,15.11,489.72,4,649.32
2026-01-22 16:00:00,D,16,1,1,524,10.0,576.82,4,563.03
2026-01-22 17:00:00,A,17,1,1,537,17.95,584.38,5,634.43
2026-01-22 17:00:00,B,17,1,1,324,14.02,362.28,6,395.31
2026-01-22 17:00:00,C,17,1,1,410,10.0,492.49,4,612.52
2026-01-22 17:00:00,D,17,1,1,461,10.0,482.98,4,605.06
2026-01-22 18:00:00,A,18,1,1,547,15.27,560.41,5,597.55
2026-01-22 18:00:00,B,18,1,1,371,10.0,460.3,6,469.98
2026-01-22 18:00:00,C,18,1,1,461,10.0,488.01,4,583.02
2026-01-22 18:00:00,D,18,1,1,464,13.4,434.06,4,530.97
2026-01-22 19:00:00,A,19,1,1,535,10.0,563.05,5,609.62
2026-01-22 19:00:00,B,19,1,1,349,10.0,417.41,6,535.59
2026-01-22 19:00:00,C,19,1,1,458,10.0,442.2,4,498.97
2026-01-22 19:00:00,D,19,1,1,369,10.0,443.52,4,556.19
2026-01-22 20:00:00,A,20,1,0,296,10.0,408.81,5,332.09
2026-01-22 20:00:00,B,20,1,0,221,10.0,338.75,6,395.1
2026-01-22 20:00:00,C,20,1,0,332,10.0,380.55,4,361.41
2026-01-22 20:00:00,D,20,1,0,309,10.0,384.12,4,370.64
2026-01-22 21:00:00,A,21,1,0,420,10.0,457.22,5,372.09
2026-01-22 21:00:00,B,21,1,0,338,12.14,283.31,6,240.76
2026-01-22 21:00:00,C,21,1,0,416,10.0,424.64,4,373.65
2026-01-22 21:00:00,D,21,1,0,297,10.0,343.95,4,352.5
2026-01-22 22:00:00,A,22,1,0,390,10.2,528.92,5,468.88
2026-01-22 22:00:00,B,22,1,0,284,10.0,390.25,6,379.39
2026-01-22 22:00:00,C,22,1,0,424,23.92,519.01,4,371.59
2026-01-22 22:00:00,D,22,1,0,331,10.0,504.43,4,418.85
2026-01-22 23:00:00,A,23,1,0,527,10.0,484.97,5,588.67
2026-01-22 23:00:00,B,23,1,0,429,10.0,450.62,6,429.15
2026-01-22 23:00:00,C,23,1,0,463,10.0,478.87,4,535.2
2026-01-22 23:00:00,D,23,1,0,475,10.0,520.02,4,451.84
2026-01-23 00:00:00,A,0,2,0,594,10.45,624.19,5,585.21
2026-01-23 00:00:00,B,0,2,0,409,10.25,462.85,6,410.36
2026-01-23 00:00:00,C,0,2,0,423,10.0,628.11,4,547.83
2026-01-23 00:00:00,D,0,2,0,479,10.0,608.31,4,610.76
2026-01-23 01:00:00,A,1,2,0,629,10.0,727.07,5,722.84
2026-01-23 01:00:00,B,1,2,0,474,18.15,519.14,6,535.96
2026-01-23 01:00:00,C,1,2,0,575,10.0,753.67,4,626.81
2026-01-23 01:00:00,D,1,2,0,490,10.0,747.29,4,537.18
2026-01-23 02:00:00,A,2,2,0,581,10.0,788.53,5,805.53
2026-01-23 02:00:00,B,2,2,0,550,21.58,603.84,6,482.76
2026-01-23 02:00:00,C,2,2,0,649,22.23,808.26,4,698.62
2026-01-23 02:00:00,D,2,2,0,693,10.0,664.89,4,718.74
2026-01-23 03:00:00,A,3,2,0,651,17.59,736.02,5,754.18
2026-01-23 03:00:00,B,3,2,0,445,10.0,622.41,6,508.27
2026-01-23 03:00:00,C,3,2,0,700,10.0,664.02,4,681.89
2026-01-23 03:00:00,D,3,2,0,695,10.0,653.31,4,758.16
2026-01-23 04:00:00,A,4,2,0,666,12.43,1001.21,5,861.77
2026-01-23 04:00:00,B,4,2,0,482,30.26,689.46,6,488.21
2026-01-23 04:00:00,C,4,2,0,747,10.0,863.56,4,742.97
2026-01-23 04:00:00,D,4,2,0,813,10.0,750.78,4,780.2
2026-01-23 05:00:00,A,5,2,0,691,10.0,817.12,5,814.41
2026-01-23 05:00:00,B,5,2,0,565,10.0,627.11,6,650.01
2026-01-23 05:00:00,C,5,2,0,655,10.0,908.27,4,772.57
2026-01-23 05:00:00,D,5,2,0,588,11.42,920.7,4,818.16
2026-01-23 06:00:00,A,6,2,0,736,10.0,1001.48,5,897.59
2026-01-23 06:00:00,B,6,2,0,634,10.0,728.53,6,640.14
2026-01-23 06:00:00,C,6,2,0,693,10.0,810.01,4,812.14
2026-01-23 06:00:00,D,6,2,0,847,18.17,731.13,4,765.36
2026-01-23 07:00:00,A,7,2,1,969,10.0,1390.9,5,1318.39
2026-01-23 07:00:00,B,7,2,1,760,10.0,972.77,6,1037.15
2026-01-23 07:00:00,C,7,2,1,1159,22.98,1323.5,4,1182.82
2026-01-23 07:00:00,D,7,2,1,914,11.07,1272.72,4,1215.4
2026-01-23 08:00:00,A,8,2,1,1183,10.0,1445.79,5,1363.84
2026-01-23 08:00:00,B,8,2,1,833,10.0,1012.69,6,915.29
2026-01-23 08:00:00,C,8,2,1,1138,21.4,1044.83,4,1083.42
2026-01-23 08:00:00,D,8,2,1,1027,10.0,1313.41,4,1142.6
2026-01-23 09:00:00,A,9,2,1,1010,16.88,1392.71,5,1218.2
2026-01-23 09:00:00,B,9,2,1,661,22.97,1018.56,6,987.11
2026-01-23 09:00:00,C,9,2,1,1037,26.48,1188.28,4,1225.99
2026-01-23 09:00:00,D,9,2,1,889,13.84,1008.68,4,1111.47
2026-01-23 10:00:00,A,10,2,0,642,10.0,674.73,5,773.82
2026-01-23 10:00:00,B,10,2,0,598,28.4,637.88,6,480.2
2026-01-23 10:00:00,C,10,2,0,673,10.0,824.57,4,689.03
2026-01-23 10:00:00,D,10,2,0,504,10.0,672.41,4,595.76
2026-01-23 11:00:00,A,11,2,0,656,19.94,764.98,5,733.41
2026-01-23 11:00:00,B,11,2,0,396,10.0,515.25,6,455.0
2026-01-23 11:00:00,C,11,2,0,660,23.69,726.43,4,577.08
2026-01-23 11:00:00,D,11,2,0,507,10.0,555.63,4,565.15
2026-01-23 12:00:00,A,12,2,0,651,10.0,697.7,5,722.9
2026-01-23 12:00:00,B,12,2,0,361,10.0,534.47,6,508.6
2026-01-23 12:00:00,C,12,2,0,444,10.0,612.18,4,477.42
2026-01-23 12:00:00,D,12,2,0,489,10.0,546.29,4,597.36
2026-01-23 13:00:00,A,13,2,0,521,16.03,504.32,5,527.68
2026-01-23 13:00:00,B,13,2,0,388,11.75,400.46,6,402.14
2026-01-23 13:00:00,C,13,2,0,542,10.0,513.19,4,561.08
2026-01-23 13:00:00,D,13,2,0,376,10.0,521.27,4,476.52
2026-01-23 14:00:00,A,14,2,0,414,19.21,462.68,5,591.73
2026-01-23 14:00:00,B,14,2,0,325,13.44,329.38,6,377.01
2026-01-23 14:00:00,C,14,2,0,411,14.04,497.53,4,425.42
2026-01-23 14:00:00,D,14,2,0,463,10.0,442.2,4,374.54
2026-01-23 15:00:00,A,15,2,0,357,10.0,477.45,5,465.45
2026-01-23 15:00:00,B,15,2,0,251,10.0,391.88,6,228.37
2026-01-23 15:00:00,C,15,2,0,381,10.0,403.61,4,411.2
2026-01-23 15:00:00,D,15,2,0,423,10.0,478.52,4,336.76
2026-01-23 16:00:00,A,16,2,1,496,13.41,706.32,5,771.83
2026-01-23 16:00:00,B,16,2,1,417,13.65,404.4,6,533.57
2026-01-23 16:00:00,C,16,2,1,507,23.2,620.07,4,606.56
2026-01-23 16:00:00,D,16,2,1,412,11.14,487.48,4,617.62
2026-01-23 17:00:00,A,17,2,1,491,23.53,547.05,5,610.09
2026-01-23 17:00:00,B,17,2,1,298,10.0,407.75,6,564.04
2026-01-23 17:00:00,C,17,2,1,539,10.04,441.38,4,546.65
2026-01-23 17:00:00,D,17,2,1,428,20.5,540.12,4,551.34
2026-01-23 18:00:00,A,18,2,1,572,10.0,506.11,5,654.35
2026-01-23 18:00:00,B,18,2,1,361,10.0,449.18,6,508.29
2026-01-23 18:00:00,C,18,2,1,433,10.0,576.71,4,585.65
2026-01-23 18:00:00,D,18,2,1,485,12.42,431.16,4,613.63
2026-01-23 19:00:00,A,19,2,1,445,26.16,495.36,5,701.91
2026-01-23 19:00:00,B,19,2,1,303,10.0,358.04,6,467.36
2026-01-23 19:00:00,C,19,2,1,533,10.0,540.57,4,644.44
2026-01-23 19:00:00,D,19,2,1,505,23.43,470.8,4,535.9
2026-01-23 20:00:00,A,20,2,0,395,15.51,494.6,5,409.28
2026-01-23 20:00:00,B,20,2,0,295,10.0,367.42,6,293.0
2026-01-23 20:00:00,C,20,2,0,399,10.0,394.21,4,357.3
2026-01-23 20:00:00,D,20,2,0,378,10.0,423.24,4,339.3
2026-01-23 21:00:00,A,21,2,0,476,10.0,518.21,5,442.67
2026-01-23 21:00:00,B,21,2,0,281,10.0,346.69,6,355.59
2026-01-23 21:00:00,C,21,2,0,368,10.0,382.58,4,307.67
2026-01-23 21:00:00,D,21,2,0,309,10.0,453.7,4,408.5
2026-01-23 22:00:00,A,22,2,0,537,18.21,523.55,5,513.67
2026-01-23 22:00:00,B,22,2,0,382,10.0,397.11,6,336.85
2026-01-23 22:00:00,C,22,2,0,475,10.0,434.29,4,452.0
2026-01-23 22:00:00,D,22,2,0,411,10.0,416.72,4,501.93
2026-01-23 23:00:00,A,23,2,0,478,10.0,636.5,5,512.26
2026-01-23 23:00:00,B,23,2,0,423,10.0,490.48,6,338.47
2026-01-23 23:00:00,C,23,2,0,396,10.0,623.57,4,571.9
2026-01-23 23:00:00,D,23,2,0,540,11.44,555.08,4,490.97
2026-01-24 00:00:00,A,0,3,0,476,30.18,759.83,5,661.52
2026-01-24 00:00:00,B,0,3,0,440,10.0,532.05,6,441.01
2026-01-24 00:00:00,C,0,3,0,453,23.12,549.94,4,553.13
2026-01-24 00:00:00,D,0,3,0,522,10.0,601.27,4,550.01
2026-01-24 01:00:00,A,1,3,0,756,10.0,680.95,5,730.35
2026-01-24 01:00:00,B,1,3,0,409,10.0,462.47,6,474.42
2026-01-24 01:00:00,C,1,3,0,669,10.0,754.83,4,618.02
2026-01-24 01:00:00,D,1,3,0,631,10.0,612.41,4,668.83
2026-01-24 02:00:00,A,2,3,0,815,10.0,692.97,5,819.44
2026-01-24 02:00:00,B,2,3,0,468,14.35,677.6,6,508.39
2026-01-24 02:00:00,C,2,3,0,525,10.0,793.18,4,644.43
2026-01-24 02:00:00,D,2,3,0,613,15.53,795.62,4,727.23
2026-01-24 03:00:00,A,3,3,0,623,43.97,853.41,5,824.82
2026-01-24 03:00:00,B,3,3,0,617,10.0,702.51,6,542.96
2026-01-24 03:00:00,C,3,3,0,772,11.87,819.91,4,717.41
2026-01-24 03:00:00,D,3,3,0,607,15.5,836.39,4,723.87
2026-01-24 04:00:00,A,4,3,0,876,10.0,902.19,5,826.86
2026-01-24 04:00:00,B,4,3,0,476,15.35,741.4,6,632.34
2026-01-24 04:00:00,C,4,3,0,709,16.08,944.31,4,702.55
2026-01-24 04:00:00,D,4,3,0,727,10.0,826.08,4,799.0
2026-01-24 05:00:00,A,5,3,0,907,10.0,880.92,5,898.68
2026-01-24 05:00:00,B,5,3,0,508,10.0,624.46,6,638.19
2026-01-24 05:00:00,C,5,3,0,851,10.0,822.46,4,743.13
2026-01-24 05:00:00,D,5,3,0,781,10.0,818.43,4,818.47
2026-01-24 06:00:00,A,6,3,0,862,10.0,1002.65,5,782.74
2026-01-24 06:00:00,B,6,3,0,641,10.0,755.71,6,599.2
2026-01-24 06:00:00,C,6,3,0,672,17.09,947.07,4,769.69
2026-01-24 06:00:00,D,6,3,0,773,10.0,850.95,4,757.58
2026-01-24 07:00:00,A,7,3,1,1295,24.39,1344.45,5,1356.28
2026-01-24 07:00:00,B,7,3,1,698,10.0,967.43,6,948.7
2026-01-24 07:00:00,C,7,3,1,896,27.86,1020.5,4,1188.5
2026-01-24 07:00:00,D,7,3,1,1152,23.63,1064.24,4,1187.48
2026-01-24 08:00:00,A,8,3,1,1219,10.0,1084.24,5,1268.73
2026-01-24 08:00:00,B,8,3,1,832,10.0,925.58,6,887.24
2026-01-24 08:00:00,C,8,3,1,1095,10.0,1294.08,4,1274.51
2026-01-24 08:00:00,D,8,3,1,831,36.84,1166.72,4,1133.85
2026-01-24 09:00:00,A,9,3,1,966,17.71,1270.18,5,1263.44
2026-01-24 09:00:00,B,9,3,1,701,10.0,863.37,6,970.52
2026-01-24 09:00:00,C,9,3,1,855,10.0,1137.67,4,1139.1
2026-01-24 09:00:00,D,9,3,1,1103,19.38,1060.54,4,1099.88
2026-01-24 10:00:00,A,10,3,0,785,10.0,749.23,5,775.15
2026-01-24 10:00:00,B,10,3,0,503,19.57,540.14,6,570.8
2026-01-24 10:00:00,C,10,3,0,641,10.0,842.18,4,727.38
2026-01-24 10:00:00,D,10,3,0,711,10.18,727.59,4,729.64
2026-01-24 11:00:00,A,11,3,0,714,27.4,665.56,5,711.41
2026-01-24 11:00:00,B,11,3,0,426,21.08,512.43,6,568.14
2026-01-24 11:00:00,C,11,3,0,622,10.0,649.39,4,687.3
2026-01-24 11:00:00,D,11,3,0,478,10.0,700.75,4,645.61
2026-01-24 12:00:00,A,12,3,0,672,10.0,572.64,5,560.2
2026-01-24 12:00:00,B,12,3,0,498,29.65,535.08,6,490.46
2026-01-24 12:00:00,C,12,3,0,585,15.05,540.38,4,574.67
2026-01-24 12:00:00,D,12,3,0,547,21.81,663.57,4,427.36
2026-01-24 13:00:00,A,13,3,0,551,10.0,590.87,5,392.89
2026-01-24 13:00:00,B,13,3,0,307,10.0,412.9,6,363.93
2026-01-24 13:00:00,C,13,3,0,540,10.0,504.83,4,567.34
2026-01-24 13:00:00,D,13,3,0,398,10.0,562.37,4,444.25
2026-01-24 14:00:00,A,14,3,0,529,17.52,469.05,5,526.01
2026-01-24 14:00:00,B,14,3,0,313,26.96,386.56,6,333.38
2026-01-24 14:00:00,C,14,3,0,345,13.0,453.93,4,398.82
2026-01-24 14:00:00,D,14,3,0,365,10.0,445.58,4,453.05
2026-01-24 15:00:00,A,15,3,0,428,10.0,428.99,5,505.24
2026-01-24 15:00:00,B,15,3,0,347,14.09,327.09,6,353.83
2026-01-24 15:00:00,C,15,3,0,313,10.0,394.05,4,377.15
2026-01-24 15:00:00,D,15,3,0,358,16.22,415.02,4,398.27
2026-01-24 16:00:00,A,16,3,1,535,10.0,707.76,5,751.03
2026-01-24 16:00:00,B,16,3,1,317,10.0,421.37,6,485.97
2026-01-24 16:00:00,C,16,3,1,518,17.1,584.1,4,580.57
2026-01-24 16:00:00,D,16,3,1,493,10.0,471.39,4,637.29
2026-01-24 17:00:00,A,17,3,1,566,14.27,643.14,5,591.24
2026-01-24 17:00:00,B,17,3,1,331,10.0,357.73,6,409.01
2026-01-24 17:00:00,C,17,3,1,525,22.74,485.6,4,532.22
2026-01-24 17:00:00,D,17,3,1,495,26.31,482.73,4,643.18
2026-01-24 18:00:00,A,18,3,1,504,10.0,548.86,5,553.7
2026-01-24 18:00:00,B,18,3,1,391,10.0,392.04,6,476.83
2026-01-24 18:00:00,C,18,3,1,520,21.1,468.21,4,605.1
2026-01-24 18:00:00,D,18,3,1,509,10.0,520.07,4,572.47
2026-01-24 19:00:00,A,19,3,1,559,14.23,541.54,5,651.49
2026-01-24 19:00:00,B,19,3,1,386,28.59,385.46,6,436.9
2026-01-24 19:00:00,C,19,3,1,497,10.0,505.08,4,629.37
2026-01-24 19:00:00,D,19,3,1,512,10.0,555.94,4,684.52
2026-01-24 20:00:00,A,20,3,0,342,10.0,458.74,5,290.0
2026-01-24 20:00:00,B,20,3,0,282,15.6,325.64,6,311.47
2026-01-24 20:00:00,C,20,3,0,392,16.31,442.49,4,388.76
2026-01-24 20:00:00,D,20,3,0,272,10.0,366.2,4,383.97
2026-01-24 21:00:00,A,21,3,0,434,10.0,414.0,5,435.93
2026-01-24 21:00:00,B,21,3,0,279,10.0,312.8,6,275.34
2026-01-24 21:00:00,C,21,3,0,403,10.0,388.5,4,444.31
2026-01-24 21:00:00,D,21,3,0,345,13.9,392.78,4,321.7
2026-01-24 22:00:00,A,22,3,0,458,10.0,607.26,5,544.53
2026-01-24 22:00:00,B,22,3,0,284,10.0,412.1,6,381.5
2026-01-24 22:00:00,C,22,3,0,367,10.0,434.52,4,513.25
2026-01-24 22:00:00,D,22,3,0,424,10.0,434.17,4,427.67
2026-01-24 23:00:00,A,23,3,0,557,16.88,637.14,5,639.53
2026-01-24 23:00:00,B,23,3,0,375,10.0,464.78,6,517.87
2026-01-24 23:00:00,C,23,3,0,395,10.0,626.23,4,510.9
2026-01-24 23:00:00,D,23,3,0,437,10.0,478.99,4,481.9
2026-01-25 00:00:00,A,0,4,0,505,10.0,767.79,5,653.73
2026-01-25 00:00:00,B,0,4,0,435,11.1,542.63,6,438.2
2026-01-25 00:00:00,C,0,4,0,608,23.22,544.4,4,570.84
2026-01-25 00:00:00,D,0,4,0,561,10.0,555.45,4,506.92
2026-01-25 01:00:00,A,1,4,0,594,15.0,734.5,5,689.66
2026-01-25 01:00:00,B,1,4,0,471,10.0,628.4,6,444.42
2026-01-25 01:00:00,C,1,4,0,605,10.0,637.73,4,642.16
2026-01-25 01:00:00,D,1,4,0,639,25.74,701.35,4,602.98
2026-01-25 02:00:00,A,2,4,0,614,10.0,896.48,5,784.15
2026-01-25 02:00:00,B,2,4,0,463,20.58,636.14,6,525.23
2026-01-25 02:00:00,C,2,4,0,738,10.0,729.33,4,676.6
2026-01-25 02:00:00,D,2,4,0,546,12.64,709.75,4,565.22
2026-01-25 03:00:00,A,3,4,0,763,10.0,879.26,5,795.56
2026-01-25 03:00:00,B,3,4,0,589,10.0,575.64,6,522.26
2026-01-25 03:00:00,C,3,4,0,706,10.0,812.47,4,719.34
2026-01-25 03:00:00,D,3,4,0,652,10.0,712.54,4,723.3
2026-01-25 04:00:00,A,4,4,0,821,18.37,784.82,5,884.64
2026-01-25 04:00:00,B,4,4,0,622,10.0,583.31,6,639.72
2026-01-25 04:00:00,C,4,4,0,791,12.09,808.91,4,849.05
2026-01-25 04:00:00,D,4,4,0,633,13.13,806.05,4,772.15
2026-01-25 05:00:00,A,5,4,0,712,21.24,898.19,5,811.72
2026-01-25 05:00:00,B,5,4,0,520,10.0,788.29,6,713.21
2026-01-25 05:00:00,C,5,4,0,704,28.44,795.75,4,766.08
2026-01-25 05:00:00,D,5,4,0,794,10.0,908.08,4,844.73
2026-01-25 06:00:00,A,6,4,0,942,10.0,1070.34,5,890.47
2026-01-25 06:00:00,B,6,4,0,612,10.0,769.53,6,705.3
2026-01-25 06:00:00,C,6,4,0,746,10.0,882.3,4,728.17
2026-01-25 06:00:00,D,6,4,0,720,10.0,957.37,4,665.38
2026-01-25 07:00:00,A,7,4,1,1340,19.05,1160.46,5,1392.04
2026-01-25 07:00:00,B,7,4,1,792,10.0,836.77,6,960.93
2026-01-25 07:00:00,C,7,4,1,961,17.1,1263.13,4,1253.12
2026-01-25 07:00:00,D,7,4,1,835,10.0,1223.53,4,1156.52
2026-01-25 08:00:00,A,8,4,1,1132,22.41,1447.31,5,1234.79
2026-01-25 08:00:00,B,8,4,1,942,10.0,1085.05,6,866.95
2026-01-25 08:00:00,C,8,4,1,1134,10.0,1048.08,4,1214.55
2026-01-25 08:00:00,D,8,4,1,1142,10.0,1013.07,4,1255.36
2026-01-25 09:00:00,A,9,4,1,852,23.74,1277.44,5,1224.07
2026-01-25 09:00:00,B,9,4,1,865,12.19,810.04,6,904.09
2026-01-25 09:00:00,C,9,4,1,898,11.36,1194.26,4,1105.62
2026-01-25 09:00:00,D,9,4,1,870,10.0,1016.39,4,1148.31
2026-01-25 10:00:00,A,10,4,0,697,10.0,809.72,5,713.75
2026-01-25 10:00:00,B,10,4,0,535,10.0,576.38,6,561.49
2026-01-25 10:00:00,C,10,4,0,520,10.0,712.25,4,701.6
2026-01-25 10:00:00,D,10,4,0,685,10.0,643.55,4,603.12
2026-01-25 11:00:00,A,11,4,0,550,10.0,823.91,5,675.52
2026-01-25 11:00:00,B,11,4,0,421,10.0,628.27,6,523.98
2026-01-25 11:00:00,C,11,4,0,595,29.69,650.6,4,628.05
2026-01-25 11:00:00,D,11,4,0,640,12.33,563.35,4,538.79
2026-01-25 12:00:00,A,12,4,0,517,20.15,671.63,5,618.66
2026-01-25 12:00:00,B,12,4,0,440,10.0,474.08,6,510.03
2026-01-25 12:00:00,C,12,4,0,426,10.0,676.33,4,609.23
2026-01-25 12:00:00,D,12,4,0,445,30.79,560.39,4,485.77
2026-01-25 13:00:00,A,13,4,0,518,10.0,558.3,5,595.31
2026-01-25 13:00:00,B,13,4,0,373,10.0,406.49,6,304.74
2026-01-25 13:00:00,C,13,4,0,438,10.0,518.67,4,495.18
2026-01-25 13:00:00,D,13,4,0,390,10.0,463.06,4,459.16
2026-01-25 14:00:00,A,14,4,0,399,22.55,555.21,5,428.89
2026-01-25 14:00:00,B,14,4,0,356,10.0,408.55,6,339.15
2026-01-25 14:00:00,C,14,4,0,344,10.0,418.22,4,512.67
2026-01-25 14:00:00,D,14,4,0,483,10.0,548.23,4,459.14
2026-01-25 15:00:00,A,15,4,0,339,14.2,409.7,5,449.22
2026-01-25 15:00:00,B,15,4,0,323,19.32,365.67,6,266.87
2026-01-25 15:00:00,C,15,4,0,444,10.0,370.05,4,310.16
2026-01-25 15:00:00,D,15,4,0,434,27.97,401.28,4,412.2
2026-01-25 16:00:00,A,16,4,1,447,10.0,650.8,5,709.89
2026-01-25 16:00:00,B,16,4,1,351,22.51,473.86,6,515.45
2026-01-25 16:00:00,C,16,4,1,422,10.0,572.05,4,666.09
2026-01-25 16:00:00,D,16,4,1,517,10.82,520.05,4,624.49
2026-01-25 17:00:00,A,17,4,1,416,10.0,491.27,5,630.81
2026-01-25 17:00:00,B,17,4,1,346,10.0,396.97,6,422.72
2026-01-25 17:00:00,C,17,4,1,528,19.05,609.23,4,636.86
2026-01-25 17:00:00,D,17,4,1,475,12.4,526.95,4,620.41
2026-01-25 18:00:00,A,18,4,1,466,10.0,479.31,5,625.29
2026-01-25 18:00:00,B,18,4,1,342,10.0,404.0,6,538.36
2026-01-25 18:00:00,C,18,4,1,503,37.17,501.37,4,609.42
2026-01-25 18:00:00,D,18,4,1,476,16.7,580.07,4,627.36
2026-01-25 19:00:00,A,19,4,1,415,24.47,533.57,5,614.1
2026-01-25 19:00:00,B,19,4,1,413,10.0,407.63,6,516.5
2026-01-25 19:00:00,C,19,4,1,369,10.0,569.8,4,718.97
2026-01-25 19:00:00,D,19,4,1,405,10.0,530.22,4,681.47
2026-01-25 20:00:00,A,20,4,0,316,10.0,448.14,5,357.85
2026-01-25 20:00:00,B,20,4,0,229,23.87,334.42,6,260.35
2026-01-25 20:00:00,C,20,4,0,388,15.95,393.36,4,380.08
2026-01-25 20:00:00,D,20,4,0,286,27.38,416.54,4,420.02
2026-01-25 21:00:00,A,21,4,0,394,10.0,454.13,5,527.99
2026-01-25 21:00:00,B,21,4,0,303,10.0,341.75,6,331.67
2026-01-25 21:00:00,C,21,4,0,383,10.0,369.02,4,454.81
2026-01-25 21:00:00,D,21,4,0,388,10.0,450.53,4,374.61
2026-01-25 22:00:00,A,22,4,0,492,10.0,544.04,5,518.55
2026-01-25 22:00:00,B,22,4,0,291,10.0,366.82,6,415.92
2026-01-25 22:00:00,C,22,4,0,356,10.0,424.49,4,480.97
2026-01-25 22:00:00,D,22,4,0,384,20.3,502.93,4,518.1
2026-01-25 23:00:00,A,23,4,0,523,10.0,632.85,5,470.51
2026-01-25 23:00:00,B,23,4,0,383,10.0,425.58,6,458.48
2026-01-25 23:00:00,C,23,4,0,541,10.0,507.99,4,494.38
2026-01-25 23:00:00,D,23,4,0,539,19.42,552.48,4,474.17
2026-01-26 00:00:00,A,0,5,0,668,10.0,614.93,5,614.24
2026-01-26 00:00:00,B,0,5,0,462,14.27,414.59,6,434.44
2026-01-26 00:00:00,C,0,5,0,586,13.25,702.53,4,509.85
2026-01-26 00:00:00,D,0,5,0,489,10.0,504.45,4,542.9
2026-01-26 01:00:00,A,1,5,0,704,22.9,831.56,5,672.54
2026-01-26 01:00:00,B,1,5,0,398,10.0,505.12,6,480.73
2026-01-26 01:00:00,C,1,5,0,520,13.72,700.87,4,666.56
2026-01-26 01:00:00,D,1,5,0,641,21.58,645.14,4,709.78
2026-01-26 02:00:00,A,2,5,0,588,11.49,885.8,5,720.64
2026-01-26 02:00:00,B,2,5,0,449,10.0,631.67,6,508.69
2026-01-26 02:00:00,C,2,5,0,622,10.0,624.0,4,645.16
2026-01-26 02:00:00,D,2,5,0,499,21.94,669.35,4,678.3
2026-01-26 03:00:00,A,3,5,0,656,27.5,930.82,5,842.81
2026-01-26 03:00:00,B,3,5,0,494,14.9,687.72,6,529.22
2026-01-26 03:00:00,C,3,5,0,562,14.54,826.52,4,822.84
2026-01-26 03:00:00,D,3,5,0,717,10.0,656.25,4,761.25
2026-01-26 04:00:00,A,4,5,0,859,10.0,756.77,5,795.35
2026-01-26 04:00:00,B,4,5,0,484,10.0,622.7,6,592.02
2026-01-26 04:00:00,C,4,5,0,754,10.0,699.74,4,737.65
2026-01-26 04:00:00,D,4,5,0,774,13.23,833.67,4,796.98
2026-01-26 05:00:00,A,5,5,0,898,15.34,1018.97,5,898.41
2026-01-26 05:00:00,B,5,5,0,489,10.0,652.76,6,586.21
2026-01-26 05:00:00,C,5,5,0,860,10.0,785.71,4,823.09
2026-01-26 05:00:00,D,5,5,0,708,10.0,941.27,4,821.38
2026-01-26 06:00:00,A,6,5,0,719,30.44,1004.46,5,895.88
2026-01-26 06:00:00,B,6,5,0,486,18.8,778.23,6,541.85
2026-01-26 06:00:00,C,6,5,0,851,10.0,843.45,4,791.64
2026-01-26 06:00:00,D,6,5,0,721,14.23,935.99,4,861.05
2026-01-26 07:00:00,A,7,5,1,1254,15.38,1219.25,5,1262.5
2026-01-26 07:00:00,B,7,5,1,707,16.5,1090.98,6,992.4
2026-01-26 07:00:00,C,7,5,1,866,16.96,1306.65,4,1255.66
2026-01-26 07:00:00,D,7,5,1,854,10.0,1132.46,4,1193.73
2026-01-26 08:00:00,A,8,5,1,1137,10.26,1282.61,5,1319.0
2026-01-26 08:00:00,B,8,5,1,923,10.0,899.41,6,938.36
2026-01-26 08:00:00,C,8,5,1,1035,32.24,1291.83,4,1199.64
2026-01-26 08:00:00,D,8,5,1,1100,10.0,1038.32,4,1142.17
2026-01-26 09:00:00,A,9,5,1,876,33.44,1158.14,5,1310.05
2026-01-26 09:00:00,B,9,5,1,703,10.0,799.11,6,893.36
2026-01-26 09:00:00,C,9,5,1,1094,10.0,929.46,4,1195.08
2026-01-26 09:00:00,D,9,5,1,795,10.0,1002.59,4,1049.89
2026-01-26 10:00:00,A,10,5,0,734,10.0,927.08,5,767.06
2026-01-26 10:00:00,B,10,5,0,540,10.0,534.65,6,614.17
2026-01-26 10:00:00,C,10,5,0,638,10.67,818.67,4,702.13
2026-01-26 10:00:00,D,10,5,0,528,18.15,739.79,4,707.01
2026-01-26 11:00:00,A,11,5,0,747,10.0,737.69,5,643.98
2026-01-26 11:00:00,B,11,5,0,472,10.0,520.6,6,511.54
2026-01-26 11:00:00,C,11,5,0,672,10.31,590.89,4,742.88
2026-01-26 11:00:00,D,11,5,0,586,11.27,755.59,4,691.93
2026-01-26 12:00:00,A,12,5,0,668,10.0,613.65,5,649.14
2026-01-26 12:00:00,B,12,5,0,405,10.0,523.43,6,423.65
2026-01-26 12:00:00,C,12,5,0,609,10.0,528.73,4,525.38
2026-01-26 12:00:00,D,12,5,0,471,13.9,656.5,4,579.24
2026-01-26 13:00:00,A,13,5,0,572,10.0,622.5,5,554.4
2026-01-26 13:00:00,B,13,5,0,421,19.58,484.17,6,423.2
2026-01-26 13:00:00,C,13,5,0,432,34.44,564.3,4,500.65
2026-01-26 13:00:00,D,13,5,0,459,10.0,599.52,4,500.24
2026-01-26 14:00:00,A,14,5,0,378,10.0,582.42,5,497.3
2026-01-26 14:00:00,B,14,5,0,343,10.0,428.72,6,404.17
2026-01-26 14:00:00,C,14,5,0,372,20.51,471.16,4,442.31
2026-01-26 14:00:00,D,14,5,0,404,10.0,453.46,4,453.95
2026-01-26 15:00:00,A,15,5,0,444,10.0,459.38,5,463.97
2026-01-26 15:00:00,B,15,5,0,344,10.0,381.66,6,298.76
2026-01-26 15:00:00,C,15,5,0,362,10.0,444.52,4,342.51
2026-01-26 15:00:00,D,15,5,0,328,10.0,454.05,4,439.94
2026-01-26 16:00:00,A,16,5,1,629,12.66,530.61,5,800.53
2026-01-26 16:00:00,B,16,5,1,427,10.0,514.84,6,572.43
2026-01-26 16:00:00,C,16,5,1,451,13.51,589.54,4,668.82
2026-01-26 16:00:00,D,16,5,1,552,22.72,527.62,4,644.96
2026-01-26 17:00:00,A,17,5,1,516,10.0,527.41,5,615.9
2026-01-26 17:00:00,B,17,5,1,428,10.0,437.46,6,431.79
2026-01-26 17:00:00,C,17,5,1,494,10.0,584.54,4,589.0
2026-01-26 17:00:00,D,17,5,1,373,12.77,475.6,4,538.6
2026-01-26 18:00:00,A,18,5,1,536,13.46,659.02,5,635.08
2026-01-26 18:00:00,B,18,5,1,335,10.0,415.17,6,449.85
2026-01-26 18:00:00,C,18,5,1,409,13.54,433.3,4,642.21
2026-01-26 18:00:00,D,18,5,1,510,46.59,468.84,4,596.71
2026-01-26 19:00:00,A,19,5,1,438,18.11,618.26,5,613.7
2026-01-26 19:00:00,B,19,5,1,407,20.97,385.09,6,447.26
2026-01-26 19:00:00,C,19,5,1,538,27.14,441.98,4,613.04
2026-01-26 19:00:00,D,19,5,1,414,10.0,481.62,4,579.79
2026-01-26 20:00:00,A,20,5,0,372,16.84,430.5,5,406.08
2026-01-26 20:00:00,B,20,5,0,262,10.0,271.15,6,343.58
2026-01-26 20:00:00,C,20,5,0,340,10.0,433.79,4,431.4
2026-01-26 20:00:00,D,20,5,0,397,10.0,385.46,4,420.14
2026-01-26 21:00:00,A,21,5,0,424,10.0,483.5,5,452.12
2026-01-26 21:00:00,B,21,5,0,330,10.0,367.39,6,305.41
2026-01-26 21:00:00,C,21,5,0,421,10.0,410.81,4,338.95
2026-01-26 21:00:00,D,21,5,0,316,10.0,493.52,4,350.42
2026-01-26 22:00:00,A,22,5,0,539,10.0,550.77,5,507.89
2026-01-26 22:00:00,B,22,5,0,374,10.0,338.2,6,279.93
2026-01-26 22:00:00,C,22,5,0,446,10.93,410.36,4,410.29
2026-01-26 22:00:00,D,22,5,0,405,12.16,455.55,4,434.54
2026-01-26 23:00:00,A,23,5,0,450,10.0,524.81,5,610.6
2026-01-26 23:00:00,B,23,5,0,311,10.0,452.69,6,441.64
2026-01-26 23:00:00,C,23,5,0,555,12.5,519.66,4,479.96
2026-01-26 23:00:00,D,23,5,0,455,10.01,545.14,4,459.06
2026-01-27 00:00:00,A,0,6,0,672,11.12,681.43,5,614.84
2026-01-27 00:00:00,B,0,6,0,439,10.0,554.19,6,535.81
2026-01-27 00:00:00,C,0,6,0,610,12.44,559.11,4,541.54
2026-01-27 00:00:00,D,0,6,0,468,10.0,665.55,4,562.1
2026-01-27 01:00:00,A,1,6,0,742,10.0,675.42,5,775.48
2026-01-27 01:00:00,B,1,6,0,485,10.0,540.09,6,549.2
2026-01-27 01:00:00,C,1,6,0,473,10.0,709.1,4,650.16
2026-01-27 01:00:00,D,1,6,0,659,20.07,755.84,4,640.81
2026-01-27 02:00:00,A,2,6,0,800,17.47,814.12,5,772.14
2026-01-27 02:00:00,B,2,6,0,431,10.0,625.36,6,513.06
2026-01-27 02:00:00,C,2,6,0,744,10.0,734.54,4,642.65
2026-01-27 02:00:00,D,2,6,0,512,29.05,719.87,4,677.25
2026-01-27 03:00:00,A,3,6,0,607,22.96,932.92,5,780.52
2026-01-27 03:00:00,B,3,6,0,569,15.31,602.17,6,547.89
2026-01-27 03:00:00,C,3,6,0,625,10.0,774.86,4,708.33
2026-01-27 03:00:00,D,3,6,0,612,27.64,805.12,4,677.81
2026-01-27 04:00:00,A,4,6,0,879,15.95,827.52,5,864.73
2026-01-27 04:00:00,B,4,6,0,542,36.22,759.84,6,564.43
2026-01-27 04:00:00,C,4,6,0,572,22.77,687.65,4,827.13
2026-01-27 04:00:00,D,4,6,0,725,10.21,842.84,4,750.4
2026-01-27 05:00:00,A,5,6,0,876,10.0,869.53,5,809.6
2026-01-27 05:00:00,B,5,6,0,548,10.0,741.47,6,596.4
2026-01-27 05:00:00,C,5,6,0,729,18.8,792.24,4,724.87
2026-01-27 05:00:00,D,5,6,0,805,10.0,732.35,4,794.41
2026-01-27 06:00:00,A,6,6,0,781,12.95,952.28,5,885.29
2026-01-27 06:00:00,B,6,6,0,696,15.8,724.51,6,614.81
2026-01-27 06:00:00,C,6,6,0,824,10.0,879.19,4,809.4
2026-01-27 06:00:00,D,6,6,0,758,10.38,726.53,4,740.41
2026-01-27 07:00:00,A,7,6,1,1215,24.63,1285.18,5,1287.18
2026-01-27 07:00:00,B,7,6,1,913,10.0,830.63,6,960.06
2026-01-27 07:00:00,C,7,6,1,1011,38.87,1001.45,4,1226.11
2026-01-27 07:00:00,D,7,6,1,1060,10.0,985.94,4,1179.3
2026-01-27 08:00:00,A,8,6,1,1092,15.02,1225.29,5,1345.92
2026-01-27 08:00:00,B,8,6,1,903,10.0,870.23,6,1050.3
2026-01-27 08:00:00,C,8,6,1,973,10.74,1215.15,4,1215.36
2026-01-27 08:00:00,D,8,6,1,1155,10.0,1060.69,4,1222.76
2026-01-27 09:00:00,A,9,6,1,1247,15.47,1079.29,5,1222.68
2026-01-27 09:00:00,B,9,6,1,842,10.0,801.02,6,986.31
2026-01-27 09:00:00,C,9,6,1,991,15.71,1275.02,4,1126.8
2026-01-27 09:00:00,D,9,6,1,947,20.31,1015.66,4,1130.76
2026-01-27 10:00:00,A,10,6,0,797,10.0,697.08,5,638.62
2026-01-27 10:00:00,B,10,6,0,599,10.0,666.19,6,644.91
2026-01-27 10:00:00,C,10,6,0,698,18.03,636.65,4,763.26
2026-01-27 10:00:00,D,10,6,0,707,10.0,656.94,4,705.54
2026-01-27 11:00:00,A,11,6,0,704,10.0,834.21,5,639.06
2026-01-27 11:00:00,B,11,6,0,479,10.0,591.18,6,462.35
2026-01-27 11:00:00,C,11,6,0,578,10.0,662.49,4,569.2
2026-01-27 11:00:00,D,11,6,0,540,10.0,618.67,4,529.4
2026-01-27 12:00:00,A,12,6,0,633,10.0,685.45,5,611.96
2026-01-27 12:00:00,B,12,6,0,368,10.0,467.13,6,398.24
2026-01-27 12:00:00,C,12,6,0,620,10.0,570.33,4,529.62
2026-01-27 12:00:00,D,12,6,0,605,10.0,641.22,4,627.57
2026-01-27 13:00:00,A,13,6,0,454,10.0,692.61,5,592.61
2026-01-27 13:00:00,B,13,6,0,352,10.0,497.71,6,386.27
2026-01-27 13:00:00,C,13,6,0,543,10.0,631.95,4,454.53
2026-01-27 13:00:00,D,13,6,0,393,16.36,597.33,4,500.49
2026-01-27 14:00:00,A,14,6,0,422,15.53,554.37,5,549.78
2026-01-27 14:00:00,B,14,6,0,392,10.0,433.07,6,462.67
2026-01-27 14:00:00,C,14,6,0,416,14.12,423.07,4,461.28
2026-01-27 14:00:00,D,14,6,0,416,10.0,508.48,4,413.25
2026-01-27 15:00:00,A,15,6,0,350,10.0,552.22,5,462.33
2026-01-27 15:00:00,B,15,6,0,324,10.0,369.59,6,311.5
2026-01-27 15:00:00,C,15,6,0,344,10.0,449.73,4,427.88
2026-01-27 15:00:00,D,15,6,0,386,10.0,470.51,4,417.83
2026-01-27 16:00:00,A,16,6,1,474,10.0,621.75,5,708.53
2026-01-27 16:00:00,B,16,6,1,433,10.0,389.45,6,581.97
2026-01-27 16:00:00,C,16,6,1,429,23.9,490.36,4,683.22
2026-01-27 16:00:00,D,16,6,1,444,10.0,509.46,4,572.28
2026-01-27 17:00:00,A,17,6,1,513,10.0,582.32,5,724.26
2026-01-27 17:00:00,B,17,6,1,396,10.0,481.19,6,522.49
2026-01-27 17:00:00,C,17,6,1,481,15.44,578.25,4,604.23
2026-01-27 17:00:00,D,17,6,1,421,19.63,512.66,4,536.13
2026-01-27 18:00:00,A,18,6,1,406,11.25,587.91,5,728.46
2026-01-27 18:00:00,B,18,6,1,357,19.98,415.63,6,563.51
2026-01-27 18:00:00,C,18,6,1,449,10.0,536.66,4,602.9
2026-01-27 18:00:00,D,18,6,1,391,10.0,438.02,4,545.14
2026-01-27 19:00:00,A,19,6,1,453,10.0,640.69,5,604.0
2026-01-27 19:00:00,B,19,6,1,362,10.0,357.45,6,469.24
2026-01-27 19:00:00,C,19,6,1,512,10.0,508.71,4,568.17
2026-01-27 19:00:00,D,19,6,1,460,10.0,463.31,4,575.01
2026-01-27 20:00:00,A,20,6,0,396,10.0,449.15,5,409.65
2026-01-27 20:00:00,B,20,6,0,272,10.0,314.22,6,256.51
2026-01-27 20:00:00,C,20,6,0,381,17.25,434.09,4,372.34
2026-01-27 20:00:00,D,20,6,0,292,10.0,383.8,4,346.14
2026-01-27 21:00:00,A,21,6,0,462,33.87,493.69,5,455.06
2026-01-27 21:00:00,B,21,6,0,346,17.6,403.02,6,317.0
2026-01-27 21:00:00,C,21,6,0,318,10.71,437.26,4,400.04
2026-01-27 21:00:00,D,21,6,0,429,15.89,492.58,4,376.64
2026-01-27 22:00:00,A,22,6,0,390,10.0,496.33,5,514.33
2026-01-27 22:00:00,B,22,6,0,340,16.53,371.9,6,361.68
2026-01-27 22:00:00,C,22,6,0,454,10.0,488.88,4,397.47
2026-01-27 22:00:00,D,22,6,0,377,17.36,490.29,4,406.09
2026-01-27 23:00:00,A,23,6,0,517,10.0,688.88,5,543.23
2026-01-27 23:00:00,B,23,6,0,320,10.0,509.25,6,435.91
2026-01-27 23:00:00,C,23,6,0,556,29.25,540.81,4,522.72
2026-01-27 23:00:00,D,23,6,0,436,10.0,595.17,4,492.97
2026-01-28 00:00:00,A,0,7,0,554,10.0,695.05,5,657.45
2026-01-28 00:00:00,B,0,7,0,350,17.85,426.39,6,433.39
2026-01-28 00:00:00,C,0,7,0,578,10.0,556.94,4,553.12
2026-01-28 00:00:00,D,0,7,0,464,10.0,629.02,4,527.04
2026-01-28 01:00:00,A,1,7,0,666,25.45,773.44,5,632.11
2026-01-28 01:00:00,B,1,7,0,455,15.76,482.81,6,516.86
2026-01-28 01:00:00,C,1,7,0,629,10.0,661.9,4,565.99
2026-01-28 01:00:00,D,1,7,0,528,10.0,706.15,4,612.91
2026-01-28 02:00:00,A,2,7,0,706,10.0,727.22,5,668.87
2026-01-28 02:00:00,B,2,7,0,469,10.0,600.63,6,540.17
2026-01-28 02:00:00,C,2,7,0,671,10.0,752.6,4,604.27
2026-01-28 02:00:00,D,2,7,0,496,10.0,744.53,4,645.88
2026-01-28 03:00:00,A,3,7,0,692,10.0,892.02,5,799.16
2026-01-28 03:00:00,B,3,7,0,454,10.0,585.61,6,561.11
2026-01-28 03:00:00,C,3,7,0,651,10.0,812.87,4,640.6
2026-01-28 03:00:00,D,3,7,0,562,10.0,657.11,4,704.82
2026-01-28 04:00:00,A,4,7,0,705,10.0,898.29,5,770.77
2026-01-28 04:00:00,B,4,7,0,461,28.96,586.68,6,549.75
2026-01-28 04:00:00,C,4,7,0,691,10.0,769.41,4,792.45
2026-01-28 04:00:00,D,4,7,0,575,10.0,821.83,4,707.43
2026-01-28 05:00:00,A,5,7,0,640,13.62,930.5,5,826.94
2026-01-28 05:00:00,B,5,7,0,485,10.0,719.03,6,557.05
2026-01-28 05:00:00,C,5,7,0,694,10.0,704.47,4,741.54
2026-01-28 05:00:00,D,5,7,0,774,10.9,846.14,4,703.35
2026-01-28 06:00:00,A,6,7,0,704,10.0,855.01,5,822.57
2026-01-28 06:00:00,B,6,7,0,668,19.96,643.9,6,622.2
2026-01-28 06:00:00,C,6,7,0,592,10.0,874.37,4,803.9
2026-01-28 06:00:00,D,6,7,0,725,10.0,784.9,4,750.4
2026-01-28 07:00:00,A,7,7,1,963,10.0,1244.19,5,1362.23
2026-01-28 07:00:00,B,7,7,1,789,19.94,791.46,6,955.85
2026-01-28 07:00:00,C,7,7,1,936,10.0,999.83,4,1144.04
2026-01-28 07:00:00,D,7,7,1,877,19.27,1117.05,4,1190.56
2026-01-28 08:00:00,A,8,7,1,1081,10.0,1044.51,5,1255.29
2026-01-28 08:00:00,B,8,7,1,855,10.0,1037.57,6,1013.59
2026-01-28 08:00:00,C,8,7,1,1083,10.0,1096.47,4,1135.78
2026-01-28 08:00:00,D,8,7,1,1036,17.7,1034.53,4,1030.84
2026-01-28 09:00:00,A,9,7,1,869,10.0,1048.24,5,1251.7
2026-01-28 09:00:00,B,9,7,1,861,25.62,848.47,6,886.08
2026-01-28 09:00:00,C,9,7,1,775,14.34,1173.93,4,1076.32
2026-01-28 09:00:00,D,9,7,1,906,33.48,1084.12,4,1090.74
2026-01-28 10:00:00,A,10,7,0,671,13.44,861.45,5,623.71
2026-01-28 10:00:00,B,10,7,0,576,10.0,520.28,6,559.09
2026-01-28 10:00:00,C,10,7,0,588,10.0,631.88,4,655.55
2026-01-28 10:00:00,D,10,7,0,528,24.87,604.14,4,672.17
2026-01-28 11:00:00,A,11,7,0,595,12.0,767.5,5,641.93
2026-01-28 11:00:00,B,11,7,0,370,10.0,462.03,6,479.79
2026-01-28 11:00:00,C,11,7,0,451,12.95,565.79,4,555.36
2026-01-28 11:00:00,D,11,7,0,596,14.71,644.73,4,593.18
2026-01-28 12:00:00,A,12,7,0,607,10.0,651.2,5,527.27
2026-01-28 12:00:00,B,12,7,0,468,10.0,464.31,6,432.86
2026-01-28 12:00:00,C,12,7,0,449,18.43,547.36,4,506.85
2026-01-28 12:00:00,D,12,7,0,510,20.12,521.63,4,453.69
2026-01-28 13:00:00,A,13,7,0,550,10.0,503.17,5,534.68
2026-01-28 13:00:00,B,13,7,0,323,10.0,480.31,6,400.43
2026-01-28 13:00:00,C,13,7,0,481,10.0,554.97,4,466.34
2026-01-28 13:00:00,D,13,7,0,460,15.27,469.06,4,479.75
2026-01-28 14:00:00,A,14,7,0,486,10.0,469.15,5,464.06
2026-01-28 14:00:00,B,14,7,0,282,10.0,322.99,6,338.79
2026-01-28 14:00:00,C,14,7,0,402,12.95,512.92,4,407.5
2026-01-28 14:00:00,D,14,7,0,336,10.0,385.64,4,497.57
2026-01-28 15:00:00,A,15,7,0,392,17.6,434.99,5,400.16
2026-01-28 15:00:00,B,15,7,0,281,10.0,322.64,6,198.41
2026-01-28 15:00:00,C,15,7,0,317,10.48,358.04,4,333.81
2026-01-28 15:00:00,D,15,7,0,414,10.0,414.0,4,373.71
2026-01-28 16:00:00,A,16,7,1,464,17.98,555.14,5,683.56
2026-01-28 16:00:00,B,16,7,1,387,10.0,490.26,6,550.22
2026-01-28 16:00:00,C,16,7,1,412,19.69,466.1,4,511.37
2026-01-28 16:00:00,D,16,7,1,406,10.0,534.09,4,682.05
2026-01-28 17:00:00,A,17,7,1,452,31.29,554.7,5,601.98
2026-01-28 17:00:00,B,17,7,1,416,14.3,384.35,6,460.12
2026-01-28 17:00:00,C,17,7,1,497,10.0,481.08,4,581.6
2026-01-28 17:00:00,D,17,7,1,484,16.51,467.21,4,565.82
2026-01-28 18:00:00,A,18,7,1,407,16.74,551.57,5,676.19
2026-01-28 18:00:00,B,18,7,1,354,10.0,355.31,6,464.88
2026-01-28 18:00:00,C,18,7,1,426,10.0,507.26,4,577.38
2026-01-28 18:00:00,D,18,7,1,450,10.0,418.88,4,571.61
2026-01-28 19:00:00,A,19,7,1,451,10.0,518.58,5,586.21
2026-01-28 19:00:00,B,19,7,1,419,26.8,401.43,6,468.4
2026-01-28 19:00:00,C,19,7,1,405,10.0,462.98,4,620.03
2026-01-28 19:00:00,D,19,7,1,493,10.0,472.2,4,604.97
2026-01-28 20:00:00,A,20,7,0,392,10.0,357.15,5,490.11
2026-01-28 20:00:00,B,20,7,0,309,20.0,306.05,6,278.82
2026-01-28 20:00:00,C,20,7,0,288,10.0,370.92,4,367.95
2026-01-28 20:00:00,D,20,7,0,354,10.0,406.93,4,378.15
2026-01-28 21:00:00,A,21,7,0,469,10.0,443.03,5,440.97
2026-01-28 21:00:00,B,21,7,0,291,10.17,378.62,6,311.19
2026-01-28 21:00:00,C,21,7,0,406,10.0,460.12,4,412.1
2026-01-28 21:00:00,D,21,7,0,396,12.93,458.17,4,416.26
2026-01-28 22:00:00,A,22,7,0,429,14.1,532.44,5,496.8
2026-01-28 22:00:00,B,22,7,0,337,10.0,325.77,6,451.57
2026-01-28 22:00:00,C,22,7,0,460,13.27,394.78,4,417.85
2026-01-28 22:00:00,D,22,7,0,341,15.1,397.66,4,375.47
2026-01-28 23:00:00,A,23,7,0,522,12.34,618.16,5,525.95
2026-01-28 23:00:00,B,23,7,0,352,10.0,398.3,6,345.57
2026-01-28 23:00:00,C,23,7,0,501,10.0,530.19,4,511.97
2026-01-28 23:00:00,D,23,7,0,520,10.0,494.1,4,464.71
2026-01-01 00:00:00,A,0,1,0,600,10.0,632.81,5,577.05
2026-01-01 00:00:00,B,0,1,0,385,28.06,432.62,6,459.47
2026-01-01 00:00:00,C,0,1,0,563,10.0,639.39,4,591.31
2026-01-01 00:00:00,D,0,1,0,427,11.44,533.49,4,546.59
2026-01-01 01:00:00,A,1,1,0,513,11.73,682.39,5,697.41
2026-01-01 01:00:00,B,1,1,0,457,10.0,581.81,6,402.65
2026-01-01 01:00:00,C,1,1,0,451,19.65,647.63,4,602.46
2026-01-01 01:00:00,D,1,1,0,521,10.0,629.84,4,548.48
2026-01-01 02:00:00,A,2,1,0,732,10.0,892.49,5,728.37
2026-01-01 02:00:00,B,2,1,0,514,10.0,636.76,6,575.88
2026-01-01 02:00:00,C,2,1,0,711,13.03,676.04,4,685.24
2026-01-01 02:00:00,D,2,1,0,548,18.3,620.66,4,647.96
2026-01-01 03:00:00,A,3,1,0,833,25.88,713.71,5,739.99
2026-01-01 03:00:00,B,3,1,0,442,17.41,648.09,6,480.51
2026-01-01 03:00:00,C,3,1,0,640,10.0,719.14,4,644.57
2026-01-01 03:00:00,D,3,1,0,518,10.0,671.65,4,594.48
2026-01-01 04:00:00,A,4,1,0,811,10.0,731.77,5,790.33
2026-01-01 04:00:00,B,4,1,0,602,30.66,562.02,6,528.9
2026-01-01 04:00:00,C,4,1,0,700,10.0,688.28,4,755.22
2026-01-01 04:00:00,D,4,1,0,715,10.0,872.75,4,781.6
2026-01-01 05:00:00,A,5,1,0,644,16.38,947.7,5,884.71
2026-01-01 05:00:00,B,5,1,0,479,10.0,621.74,6,574.33
2026-01-01 05:00:00,C,5,1,0,789,10.0,877.18,4,636.18
2026-01-01 05:00:00,D,5,1,0,786,16.75,758.05,4,716.45
2026-01-01 06:00:00,A,6,1,0,847,10.0,929.39,5,824.46
2026-01-01 06:00:00,B,6,1,0,606,10.0,764.75,6,675.0
2026-01-01 06:00:00,C,6,1,0,725,10.0,749.36,4,758.42
2026-01-01 06:00:00,D,6,1,0,601,10.0,853.31,4,787.16
2026-01-01 07:00:00,A,7,1,1,1275,10.0,1139.92,5,1320.45
2026-01-01 07:00:00,B,7,1,1,835,10.0,833.41,6,1041.22
2026-01-01 07:00:00,C,7,1,1,906,28.64,1242.65,4,1194.09
2026-01-01 07:00:00,D,7,1,1,925,13.45,1201.56,4,1154.26
2026-01-01 08:00:00,A,8,1,1,1174,10.0,1182.54,5,1268.06
2026-01-01 08:00:00,B,8,1,1,893,10.0,1044.0,6,940.38
2026-01-01 08:00:00,C,8,1,1,1064,10.0,1144.25,4,1175.72
2026-01-01 08:00:00,D,8,1,1,1085,13.23,1021.79,4,1124.25
2026-01-01 09:00:00,A,9,1,1,1128,26.96,1166.91,5,1126.37
2026-01-01 09:00:00,B,9,1,1,818,10.0,845.6,6,954.18
2026-01-01 09:00:00,C,9,1,1,970,10.0,1242.56,4,1032.36
2026-01-01 09:00:00,D,9,1,1,844,10.0,1032.34,4,1054.83
2026-01-01 10:00:00,A,10,1,0,720,10.0,660.08,5,698.26
2026-01-01 10:00:00,B,10,1,0,429,10.0,475.85,6,442.53
2026-01-01 10:00:00,C,10,1,0,576,10.0,798.52,4,680.44
2026-01-01 10:00:00,D,10,1,0,692,10.94,596.39,4,609.38
2026-01-01 11:00:00,A,11,1,0,530,10.0,629.16,5,658.19
2026-01-01 11:00:00,B,11,1,0,501,10.0,547.18,6,496.58
2026-01-01 11:00:00,C,11,1,0,576,25.53,606.24,4,674.8
2026-01-01 11:00:00,D,11,1,0,616,10.0,665.61,4,573.61
2026-01-01 12:00:00,A,12,1,0,503,10.0,622.19,5,616.23
2026-01-01 12:00:00,B,12,1,0,441,10.0,436.12,6,485.56
2026-01-01 12:00:00,C,12,1,0,559,10.0,502.66,4,609.55
2026-01-01 12:00:00,D,12,1,0,465,25.9,562.53,4,596.02
2026-01-01 13:00:00,A,13,1,0,480,10.0,496.26,5,549.9
2026-01-01 13:00:00,B,13,1,0,359,10.0,356.46,6,384.11
2026-01-01 13:00:00,C,13,1,0,460,14.67,547.79,4,473.34
2026-01-01 13:00:00,D,13,1,0,499,10.0,487.21,4,481.04
2026-01-01 14:00:00,A,14,1,0,458,10.0,504.13,5,460.5
2026-01-01 14:00:00,B,14,1,0,267,16.82,372.23,6,259.31
2026-01-01 14:00:00,C,14,1,0,393,10.73,470.88,4,394.81
2026-01-01 14:00:00,D,14,1,0,413,10.0,383.96,4,459.06
2026-01-01 15:00:00,A,15,1,0,335,10.0,502.53,5,417.43
2026-01-01 15:00:00,B,15,1,0,281,10.0,383.15,6,333.49
2026-01-01 15:00:00,C,15,1,0,306,10.0,420.84,4,325.73
2026-01-01 15:00:00,D,15,1,0,324,10.0,445.11,4,306.08
2026-01-01 16:00:00,A,16,1,1,594,10.0,528.93,5,634.19
2026-01-01 16:00:00,B,16,1,1,391,10.0,479.65,6,531.86
2026-01-01 16:00:00,C,16,1,1,530,10.0,471.73,4,684.57
2026-01-01 16:00:00,D,16,1,1,509,17.34,529.31,4,563.38
2026-01-01 17:00:00,A,17,1,1,423,33.38,505.42,5,670.01
2026-01-01 17:00:00,B,17,1,1,373,10.0,363.01,6,513.86
2026-01-01 17:00:00,C,17,1,1,456,10.0,505.12,4,643.55
2026-01-01 17:00:00,D,17,1,1,443,10.0,447.74,4,594.59
2026-01-01 18:00:00,A,18,1,1,450,17.68,500.2,5,585.43
2026-01-01 18:00:00,B,18,1,1,324,12.99,367.83,6,491.97
2026-01-01 18:00:00,C,18,1,1,363,14.57,549.91,4,623.14
2026-01-01 18:00:00,D,18,1,1,419,23.16,454.07,4,625.46
2026-01-01 19:00:00,A,19,1,1,536,10.0,493.78,5,594.8
2026-01-01 19:00:00,B,19,1,1,309,10.0,472.88,6,543.27
2026-01-01 19:00:00,C,19,1,1,438,10.0,564.06,4,618.38
2026-01-01 19:00:00,D,19,1,1,445,20.91,459.43,4,622.29
2026-01-01 20:00:00,A,20,1,0,366,11.72,373.79,5,389.18
2026-01-01 20:00:00,B,20,1,0,283,10.0,275.98,6,383.96
2026-01-01 20:00:00,C,20,1,0,362,10.0,339.85,4,331.48
2026-01-01 20:00:00,D,20,1,0,353,10.0,381.57,4,283.59
2026-01-01 21:00:00,A,21,1,0,390,11.24,419.28,5,450.78
2026-01-01 21:00:00,B,21,1,0,266,10.0,380.51,6,335.28
2026-01-01 21:00:00,C,21,1,0,406,13.91,381.69,4,379.36
2026-01-01 21:00:00,D,21,1,0,357,10.0,432.01,4,367.03
2026-01-01 22:00:00,A,22,1,0,504,11.15,578.8,5,542.59
2026-01-01 22:00:00,B,22,1,0,268,14.92,318.59,6,431.75
2026-01-01 22:00:00,C,22,1,0,325,10.0,453.71,4,400.74
2026-01-01 22:00:00,D,22,1,0,395,10.0,452.28,4,403.0
2026-01-01 23:00:00,A,23,1,0,580,12.19,600.59,5,547.09
2026-01-01 23:00:00,B,23,1,0,384,10.0,474.94,6,414.73
2026-01-01 23:00:00,C,23,1,0,443,10.0,588.6,4,552.58
2026-01-01 23:00:00,D,23,1,0,397,10.0,482.42,4,442.13
2026-01-02 00:00:00,A,0,2,0,546,10.0,730.19,5,641.46
2026-01-02 00:00:00,B,0,2,0,500,10.0,566.88,6,430.96
2026-01-02 00:00:00,C,0,2,0,508,10.0,589.32,4,606.3
2026-01-02 00:00:00,D,0,2,0,558,22.33,496.91,4,601.93
2026-01-02 01:00:00,A,1,2,0,643,10.0,744.59,5,710.32
2026-01-02 01:00:00,B,1,2,0,415,10.0,594.45,6,439.29
2026-01-02 01:00:00,C,1,2,0,585,10.0,741.17,4,640.7
2026-01-02 01:00:00,D,1,2,0,548,10.0,711.25,4,561.25
2026-01-02 02:00:00,A,2,2,0,600,15.91,892.58,5,713.96
2026-01-02 02:00:00,B,2,2,0,560,10.0,598.43,6,594.42
2026-01-02 02:00:00,C,2,2,0,535,10.0,660.46,4,713.43
2026-01-02 02:00:00,D,2,2,0,681,27.07,722.74,4,613.23
2026-01-02 03:00:00,A,3,2,0,742,10.0,938.26,5,814.12
2026-01-02 03:00:00,B,3,2,0,477,17.22,567.89,6,561.46
2026-01-02 03:00:00,C,3,2,0,585,10.0,659.47,4,674.32
2026-01-02 03:00:00,D,3,2,0,546,10.0,673.98,4,744.67
2026-01-02 04:00:00,A,4,2,0,644,10.0,967.66,5,873.38
2026-01-02 04:00:00,B,4,2,0,555,10.0,695.6,6,623.09
2026-01-02 04:00:00,C,4,2,0,726,17.06,834.91,4,812.54
2026-01-02 04:00:00,D,4,2,0,734,31.02,857.96,4,758.55
2026-01-02 05:00:00,A,5,2,0,687,10.0,1007.11,5,888.46
2026-01-02 05:00:00,B,5,2,0,634,10.0,629.04,6,661.22
2026-01-02 05:00:00,C,5,2,0,814,10.0,820.4,4,832.22
2026-01-02 05:00:00,D,5,2,0,829,10.0,732.75,4,774.95
2026-01-02 06:00:00,A,6,2,0,719,13.73,1051.67,5,768.69
2026-01-02 06:00:00,B,6,2,0,647,11.17,605.27,6,536.52
2026-01-02 06:00:00,C,6,2,0,851,10.0,848.46,4,806.49
2026-01-02 06:00:00,D,6,2,0,824,10.0,909.2,4,804.13
2026-01-02 07:00:00,A,7,2,1,1230,17.46,1168.51,5,1383.58
2026-01-02 07:00:00,B,7,2,1,931,10.0,914.14,6,1097.0
2026-01-02 07:00:00,C,7,2,1,1071,10.0,1077.56,4,1227.06
2026-01-02 07:00:00,D,7,2,1,1121,10.0,1309.55,4,1190.07
2026-01-02 08:00:00,A,8,2,1,1217,31.94,1088.92,5,1249.35
2026-01-02 08:00:00,B,8,2,1,896,26.83,1064.0,6,1018.05
2026-01-02 08:00:00,C,8,2,1,1151,10.0,1038.38,4,1186.27
2026-01-02 08:00:00,D,8,2,1,966,16.07,1117.42,4,1145.39
2026-01-02 09:00:00,A,9,2,1,1104,10.0,1027.99,5,1253.12
2026-01-02 09:00:00,B,9,2,1,636,24.76,1005.56,6,934.0
2026-01-02 09:00:00,C,9,2,1,1114,10.0,1113.72,4,1146.04
2026-01-02 09:00:00,D,9,2,1,1076,10.0,997.72,4,1085.08
2026-01-02 10:00:00,A,10,2,0,620,11.1,678.91,5,722.21
2026-01-02 10:00:00,B,10,2,0,513,10.0,623.21,6,556.5
2026-01-02 10:00:00,C,10,2,0,698,10.0,667.43,4,698.87
2026-01-02 10:00:00,D,10,2,0,626,13.18,631.07,4,670.68
2026-01-02 11:00:00,A,11,2,0,644,10.0,747.73,5,704.2
2026-01-02 11:00:00,B,11,2,0,473,16.62,598.41,6,423.5
2026-01-02 11:00:00,C,11,2,0,537,10.0,732.63,4,588.55
2026-01-02 11:00:00,D,11,2,0,573,16.64,587.95,4,572.78
2026-01-02 12:00:00,A,12,2,0,625,16.96,692.02,5,636.68
2026-01-02 12:00:00,B,12,2,0,345,10.0,561.72,6,591.44
2026-01-02 12:00:00,C,12,2,0,468,10.0,547.64,4,566.97
2026-01-02 12:00:00,D,12,2,0,440,10.0,531.48,4,569.8
2026-01-02 13:00:00,A,13,2,0,562,10.0,542.41,5,540.78
2026-01-02 13:00:00,B,13,2,0,339,10.0,379.77,6,398.43
2026-01-02 13:00:00,C,13,2,0,519,16.51,525.81,4,443.37
2026-01-02 13:00:00,D,13,2,0,395,10.0,472.89,4,478.13
2026-01-02 14:00:00,A,14,2,0,395,10.0,462.69,5,562.44
2026-01-02 14:00:00,B,14,2,0,322,10.0,330.79,6,408.64
2026-01-02 14:00:00,C,14,2,0,405,22.44,481.06,4,445.52
2026-01-02 14:00:00,D,14,2,0,335,10.0,449.95,4,497.77
2026-01-02 15:00:00,A,15,2,0,483,14.23,499.44,5,398.86
2026-01-02 15:00:00,B,15,2,0,300,23.66,395.25,6,297.31
2026-01-02 15:00:00,C,15,2,0,376,10.0,394.59,4,435.32
2026-01-02 15:00:00,D,15,2,0,361,22.36,389.07,4,410.91
2026-01-02 16:00:00,A,16,2,1,627,10.0,532.28,5,670.09
2026-01-02 16:00:00,B,16,2,1,362,10.0,407.33,6,639.78
2026-01-02 16:00:00,C,16,2,1,458,10.07,568.16,4,640.69
2026-01-02 16:00:00,D,16,2,1,471,14.9,536.77,4,613.02
2026-01-02 17:00:00,A,17,2,1,583,22.8,657.96,5,677.9
2026-01-02 17:00:00,B,17,2,1,300,10.0,401.8,6,484.88
2026-01-02 17:00:00,C,17,2,1,411,10.0,454.86,4,646.29
2026-01-02 17:00:00,D,17,2,1,414,10.0,588.5,4,527.16
2026-01-02 18:00:00,A,18,2,1,420,21.84,523.22,5,603.66
2026-01-02 18:00:00,B,18,2,1,396,10.0,459.22,6,589.06
2026-01-02 18:00:00,C,18,2,1,390,15.21,481.11,4,596.68
2026-01-02 18:00:00,D,18,2,1,496,26.77,500.29,4,577.61
2026-01-02 19:00:00,A,19,2,1,429,10.0,529.75,5,664.01
2026-01-02 19:00:00,B,19,2,1,363,16.51,459.1,6,452.44
2026-01-02 19:00:00,C,19,2,1,508,10.0,545.23,4,556.77
2026-01-02 19:00:00,D,19,2,1,430,10.0,452.58,4,583.46
2026-01-02 20:00:00,A,20,2,0,334,10.0,414.35,5,328.03
2026-01-02 20:00:00,B,20,2,0,309,10.0,336.27,6,262.35
2026-01-02 20:00:00,C,20,2,0,313,10.0,433.2,4,413.52
2026-01-02 20:00:00,D,20,2,0,377,10.0,441.95,4,250.4
2026-01-02 21:00:00,A,21,2,0,362,10.0,548.23,5,535.62
2026-01-02 21:00:00,B,21,2,0,337,14.2,353.36,6,344.26
2026-01-02 21:00:00,C,21,2,0,309,10.0,432.27,4,446.35
2026-01-02 21:00:00,D,21,2,0,359,10.0,449.56,4,440.04
2026-01-02 22:00:00,A,22,2,0,475,10.82,593.73,5,533.12
2026-01-02 22:00:00,B,22,2,0,333,10.0,438.52,6,305.36
2026-01-02 22:00:00,C,22,2,0,435,10.0,419.22,4,478.78
2026-01-02 22:00:00,D,22,2,0,396,10.0,538.47,4,419.5
2026-01-02 23:00:00,A,23,2,0,611,10.0,541.61,5,616.8
2026-01-02 23:00:00,B,23,2,0,383,10.0,476.17,6,373.63
2026-01-02 23:00:00,C,23,2,0,540,21.74,620.72,4,566.23
2026-01-02 23:00:00,D,23,2,0,464,10.0,584.76,4,505.63
2026-01-03 00:00:00,A,0,3,0,533,16.72,744.82,5,655.0
2026-01-03 00:00:00,B,0,3,0,342,10.0,462.05,6,523.52
2026-01-03 00:00:00,C,0,3,0,452,10.0,530.98,4,586.02
2026-01-03 00:00:00,D,0,3,0,469,10.0,521.23,4,582.91
2026-01-03 01:00:00,A,1,3,0,755,10.0,774.08,5,660.88
2026-01-03 01:00:00,B,1,3,0,537,14.93,619.56,6,450.63
2026-01-03 01:00:00,C,1,3,0,642,10.0,567.38,4,571.3
2026-01-03 01:00:00,D,1,3,0,661,10.0,585.88,4,721.49
2026-01-03 02:00:00,A,2,3,0,801,10.0,865.92,5,766.72
2026-01-03 02:00:00,B,2,3,0,454,20.54,546.65,6,457.99
2026-01-03 02:00:00,C,2,3,0,510,10.0,769.91,4,629.43
2026-01-03 02:00:00,D,2,3,0,641,10.0,596.26,4,679.05
2026-01-03 03:00:00,A,3,3,0,828,10.0,746.36,5,867.68
2026-01-03 03:00:00,B,3,3,0,464,14.16,559.09,6,589.06
2026-01-03 03:00:00,C,3,3,0,550,10.0,755.63,4,701.26
2026-01-03 03:00:00,D,3,3,0,577,10.18,694.19,4,639.82
2026-01-03 04:00:00,A,4,3,0,859,10.0,795.58,5,863.61
2026-01-03 04:00:00,B,4,3,0,524,10.0,605.07,6,585.23
2026-01-03 04:00:00,C,4,3,0,646,10.0,695.28,4,724.08
2026-01-03 04:00:00,D,4,3,0,564,10.0,714.96,4,782.79
2026-01-03 05:00:00,A,5,3,0,909,18.6,1007.94,5,877.14
2026-01-03 05:00:00,B,5,3,0,621,10.0,695.14,6,617.85
2026-01-03 05:00:00,C,5,3,0,708,10.0,847.37,4,751.09
2026-01-03 05:00:00,D,5,3,0,792,28.09,730.4,4,735.41
2026-01-03 06:00:00,A,6,3,0,941,10.0,815.46,5,795.74
2026-01-03 06:00:00,B,6,3,0,626,17.56,703.14,6,710.4
2026-01-03 06:00:00,C,6,3,0,765,10.0,892.25,4,722.49
2026-01-03 06:00:00,D,6,3,0,718,10.0,706.64,4,860.93
2026-01-03 07:00:00,A,7,3,1,1204,10.0,1428.76,5,1322.84
2026-01-03 07:00:00,B,7,3,1,828,11.59,1036.57,6,1011.48
2026-01-03 07:00:00,C,7,3,1,941,15.27,1061.06,4,1281.6
2026-01-03 07:00:00,D,7,3,1,943,21.55,1058.19,4,1180.45
2026-01-03 08:00:00,A,8,3,1,1211,10.0,1098.03,5,1351.01
2026-01-03 08:00:00,B,8,3,1,762,10.0,942.9,6,985.05
2026-01-03 08:00:00,C,8,3,1,821,20.06,1250.88,4,1234.94
2026-01-03 08:00:00,D,8,3,1,898,19.08,1021.14,4,1241.13
2026-01-03 09:00:00,A,9,3,1,939,10.0,1348.74,5,1244.26
2026-01-03 09:00:00,B,9,3,1,655,10.0,988.59,6,898.74
2026-01-03 09:00:00,C,9,3,1,794,10.0,1205.95,4,1111.81
2026-01-03 09:00:00,D,9,3,1,978,11.61,1142.28,4,1140.66
2026-01-03 10:00:00,A,10,3,0,780,10.0,795.4,5,790.54
2026-01-03 10:00:00,B,10,3,0,567,16.97,547.94,6,441.54
2026-01-03 10:00:00,C,10,3,0,656,13.28,791.08,4,657.91
2026-01-03 10:00:00,D,10,3,0,655,22.03,797.02,4,661.81
2026-01-03 11:00:00,A,11,3,0,650,10.0,782.96,5,642.29
2026-01-03 11:00:00,B,11,3,0,440,10.0,548.65,6,485.09
2026-01-03 11:00:00,C,11,3,0,492,10.0,609.11,4,553.12
2026-01-03 11:00:00,D,11,3,0,508,10.0,563.09,4,545.69
2026-01-03 12:00:00,A,12,3,0,658,10.0,718.91,5,671.29
2026-01-03 12:00:00,B,12,3,0,396,10.0,434.61,6,478.36
2026-01-03 12:00:00,C,12,3,0,556,10.0,679.78,4,535.76
2026-01-03 12:00:00,D,12,3,0,513,22.69,627.83,4,581.74
2026-01-03 13:00:00,A,13,3,0,555,10.0,551.63,5,521.8
2026-01-03 13:00:00,B,13,3,0,392,10.3,428.25,6,441.94
2026-01-03 13:00:00,C,13,3,0,463,10.0,475.9,4,503.36
2026-01-03 13:00:00,D,13,3,0,442,12.02,493.33,4,490.42
2026-01-03 14:00:00,A,14,3,0,444,10.0,524.22,5,438.56
2026-01-03 14:00:00,B,14,3,0,395,10.0,388.5,6,302.95
2026-01-03 14:00:00,C,14,3,0,352,12.76,490.07,4,447.11
2026-01-03 14:00:00,D,14,3,0,445,14.63,440.09,4,452.43
2026-01-03 15:00:00,A,15,3,0,426,10.0,515.59,5,417.87
2026-01-03 15:00:00,B,15,3,0,321,10.0,344.38,6,337.22
2026-01-03 15:00:00,C,15,3,0,413,10.0,420.72,4,407.45
2026-01-03 15:00:00,D,15,3,0,357,10.0,393.99,4,316.88
2026-01-03 16:00:00,A,16,3,1,480,10.0,683.43,5,577.74
2026-01-03 16:00:00,B,16,3,1,323,10.0,508.62,6,545.68
2026-01-03 16:00:00,C,16,3,1,427,10.0,580.8,4,596.37
2026-01-03 16:00:00,D,16,3,1,518,10.0,600.52,4,534.07
2026-01-03 17:00:00,A,17,3,1,486,10.0,602.91,5,594.58
2026-01-03 17:00:00,B,17,3,1,357,17.75,481.05,6,531.13
2026-01-03 17:00:00,C,17,3,1,376,10.0,497.06,4,604.41
2026-01-03 17:00:00,D,17,3,1,469,11.66,439.04,4,584.91
2026-01-03 18:00:00,A,18,3,1,452,10.0,559.86,5,661.81
2026-01-03 18:00:00,B,18,3,1,321,14.91,365.38,6,453.07
2026-01-03 18:00:00,C,18,3,1,381,10.0,431.97,4,672.72
2026-01-03 18:00:00,D,18,3,1,354,20.07,438.33,4,578.88
2026-01-03 19:00:00,A,19,3,1,505,10.0,609.99,5,662.9
2026-01-03 19:00:00,B,19,3,1,409,32.89,376.77,6,534.76
2026-01-03 19:00:00,C,19,3,1,416,10.57,464.03,4,596.64
2026-01-03 19:00:00,D,19,3,1,443,10.0,458.28,4,617.98
2026-01-03 20:00:00,A,20,3,0,376,10.0,434.76,5,397.73
2026-01-03 20:00:00,B,20,3,0,311,10.0,309.55,6,303.28
2026-01-03 20:00:00,C,20,3,0,353,10.0,360.93,4,467.3
2026-01-03 20:00:00,D,20,3,0,271,10.0,421.77,4,412.88
2026-01-03 21:00:00,A,21,3,0,455,10.0,497.46,5,423.69
2026-01-03 21:00:00,B,21,3,0,284,13.61,371.71,6,255.96
2026-01-03 21:00:00,C,21,3,0,407,10.38,392.96,4,444.73
2026-01-03 21:00:00,D,21,3,0,409,10.0,460.99,4,417.49
2026-01-03 22:00:00,A,22,3,0,542,10.0,582.79,5,522.89
2026-01-03 22:00:00,B,22,3,0,304,10.0,429.59,6,386.66
2026-01-03 22:00:00,C,22,3,0,399,10.0,480.16,4,448.16
2026-01-03 22:00:00,D,22,3,0,358,10.0,550.0,4,427.56
2026-01-03 23:00:00,A,23,3,0,534,10.0,621.3,5,645.18
2026-01-03 23:00:00,B,23,3,0,415,18.2,396.99,6,398.66
2026-01-03 23:00:00,C,23,3,0,457,10.0,457.74,4,478.86
2026-01-03 23:00:00,D,23,3,0,541,10.0,492.49,4,480.87
2026-01-04 00:00:00,A,0,4,0,528,10.0,732.87,5,539.99
2026-01-04 00:00:00,B,0,4,0,350,10.0,527.17,6,431.73
2026-01-04 00:00:00,C,0,4,0,542,21.29,623.86,4,561.86
2026-01-04 00:00:00,D,0,4,0,474,10.0,645.56,4,533.67
2026-01-04 01:00:00,A,1,4,0,752,10.0,847.25,5,672.62
2026-01-04 01:00:00,B,1,4,0,400,10.0,538.29,6,524.72
2026-01-04 01:00:00,C,1,4,0,519,10.0,571.56,4,650.31
2026-01-04 01:00:00,D,1,4,0,537,10.0,625.68,4,696.94
2026-01-04 02:00:00,A,2,4,0,724,10.0,766.32,5,758.48
2026-01-04 02:00:00,B,2,4,0,569,10.0,649.64,6,548.5
2026-01-04 02:00:00,C,2,4,0,702,10.0,815.27,4,686.6
2026-01-04 02:00:00,D,2,4,0,623,10.0,718.16,4,626.87
2026-01-04 03:00:00,A,3,4,0,739,10.0,852.32,5,841.0
2026-01-04 03:00:00,B,3,4,0,478,10.0,658.36,6,577.37
2026-01-04 03:00:00,C,3,4,0,706,10.0,884.68,4,691.7
2026-01-04 03:00:00,D,3,4,0,687,10.0,792.61,4,702.53
2026-01-04 04:00:00,A,4,4,0,900,10.0,921.21,5,889.98
2026-01-04 04:00:00,B,4,4,0,480,10.0,602.82,6,604.28
2026-01-04 04:00:00,C,4,4,0,756,10.0,913.6,4,770.6
2026-01-04 04:00:00,D,4,4,0,713,16.46,785.14,4,734.26
2026-01-04 05:00:00,A,5,4,0,653,17.37,780.18,5,876.94
2026-01-04 05:00:00,B,5,4,0,580,10.0,569.82,6,649.35
2026-01-04 05:00:00,C,5,4,0,809,10.0,758.29,4,765.34
2026-01-04 05:00:00,D,5,4,0,637,10.0,772.47,4,758.13
2026-01-04 06:00:00,A,6,4,0,905,28.15,924.58,5,877.37
2026-01-04 06:00:00,B,6,4,0,693,10.0,664.58,6,611.69
2026-01-04 06:00:00,C,6,4,0,665,10.0,985.07,4,795.25
2026-01-04 06:00:00,D,6,4,0,663,10.0,738.54,4,793.88
2026-01-04 07:00:00,A,7,4,1,1241,16.35,1334.68,5,1289.75
2026-01-04 07:00:00,B,7,4,1,924,17.36,912.12,6,996.33
2026-01-04 07:00:00,C,7,4,1,999,10.0,1209.94,4,1169.15
2026-01-04 07:00:00,D,7,4,1,1120,14.4,1306.05,4,1170.1
2026-01-04 08:00:00,A,8,4,1,1063,12.63,1316.38,5,1250.52
2026-01-04 08:00:00,B,8,4,1,744,10.0,1008.56,6,996.89
2026-01-04 08:00:00,C,8,4,1,1064,21.84,1130.91,4,1239.35
2026-01-04 08:00:00,D,8,4,1,841,21.38,1103.74,4,1277.51
2026-01-04 09:00:00,A,9,4,1,1223,12.34,1368.74,5,1193.19
2026-01-04 09:00:00,B,9,4,1,819,10.0,959.59,6,990.9
2026-01-04 09:00:00,C,9,4,1,948,10.0,930.5,4,1014.52
2026-01-04 09:00:00,D,9,4,1,1072,10.0,920.73,4,1149.3
2026-01-04 10:00:00,A,10,4,0,727,10.0,777.15,5,803.49
2026-01-04 10:00:00,B,10,4,0,463,26.85,668.92,6,556.98
2026-01-04 10:00:00,C,10,4,0,738,30.53,672.16,4,772.56
2026-01-04 10:00:00,D,10,4,0,630,23.85,686.2,4,700.05
2026-01-04 11:00:00,A,11,4,0,633,10.0,731.38,5,700.17
2026-01-04 11:00:00,B,11,4,0,465,10.0,577.81,6,527.85
2026-01-04 11:00:00,C,11,4,0,671,10.0,675.99,4,693.54
2026-01-04 11:00:00,D,11,4,0,639,30.25,708.39,4,521.01
2026-01-04 12:00:00,A,12,4,0,595,14.44,647.69,5,690.7
2026-01-04 12:00:00,B,12,4,0,386,10.0,410.5,6,449.56
2026-01-04 12:00:00,C,12,4,0,574,10.0,603.32,4,539.45
2026-01-04 12:00:00,D,12,4,0,523,10.0,595.68,4,606.27
2026-01-04 13:00:00,A,13,4,0,553,10.0,544.73,5,516.94
2026-01-04 13:00:00,B,13,4,0,387,10.0,431.76,6,343.17
2026-01-04 13:00:00,C,13,4,0,452,12.01,609.99,4,528.31
2026-01-04 13:00:00,D,13,4,0,486,14.96,531.09,4,399.97
2026-01-04 14:00:00,A,14,4,0,491,13.37,620.27,5,553.16
2026-01-04 14:00:00,B,14,4,0,275,11.09,339.49,6,366.45
2026-01-04 14:00:00,C,14,4,0,436,10.0,465.01,4,469.33
2026-01-04 14:00:00,D,14,4,0,332,10.0,501.59,4,415.34
2026-01-04 15:00:00,A,15,4,0,435,10.0,406.98,5,427.13
2026-01-04 15:00:00,B,15,4,0,314,26.03,337.95,6,240.5
2026-01-04 15:00:00,C,15,4,0,370,10.0,489.5,4,477.58
2026-01-04 15:00:00,D,15,4,0,399,14.46,361.38,4,445.33
2026-01-04 16:00:00,A,16,4,1,572,16.43,601.38,5,622.61
2026-01-04 16:00:00,B,16,4,1,368,20.29,515.93,6,602.54
2026-01-04 16:00:00,C,16,4,1,480,10.0,631.7,4,615.53
2026-01-04 16:00:00,D,16,4,1,501,10.0,579.96,4,604.95
2026-01-04 17:00:00,A,17,4,1,497,10.0,586.39,5,623.4
2026-01-04 17:00:00,B,17,4,1,390,12.47,425.04,6,554.31
2026-01-04 17:00:00,C,17,4,1,491,10.0,606.48,4,647.86
2026-01-04 17:00:00,D,17,4,1,365,10.0,444.9,4,538.64
2026-01-04 18:00:00,A,18,4,1,576,10.0,613.72,5,644.31
2026-01-04 18:00:00,B,18,4,1,292,10.0,471.52,6,515.55
2026-01-04 18:00:00,C,18,4,1,473,10.0,471.6,4,588.02
2026-01-04 18:00:00,D,18,4,1,475,16.29,532.85,4,609.82
2026-01-04 19:00:00,A,19,4,1,473,10.0,646.6,5,636.54
2026-01-04 19:00:00,B,19,4,1,355,10.0,417.84,6,443.62
2026-01-04 19:00:00,C,19,4,1,498,10.0,460.33,4,640.14
2026-01-04 19:00:00,D,19,4,1,504,10.0,590.61,4,622.65
2026-01-04 20:00:00,A,20,4,0,408,10.0,420.05,5,374.48
2026-01-04 20:00:00,B,20,4,0,322,10.0,339.0,6,301.86
2026-01-04 20:00:00,C,20,4,0,320,10.0,448.4,4,398.17
2026-01-04 20:00:00,D,20,4,0,396,14.9,339.52,4,349.72
2026-01-04 21:00:00,A,21,4,0,392,10.0,474.9,5,494.51
2026-01-04 21:00:00,B,21,4,0,268,10.0,303.23,6,342.32
2026-01-04 21:00:00,C,21,4,0,385,10.0,479.13,4,353.57
2026-01-04 21:00:00,D,21,4,0,359,10.0,426.33,4,399.63
2026-01-04 22:00:00,A,22,4,0,395,10.0,503.61,5,441.66
2026-01-04 22:00:00,B,22,4,0,295,10.0,346.05,6,437.94
2026-01-04 22:00:00,C,22,4,0,430,10.0,477.1,4,418.13
2026-01-04 22:00:00,D,22,4,0,414,10.0,443.57,4,444.92
2026-01-04 23:00:00,A,23,4,0,563,13.86,530.21,5,551.75
2026-01-04 23:00:00,B,23,4,0,321,14.85,497.5,6,381.51
2026-01-04 23:00:00,C,23,4,0,518,10.0,620.16,4,545.39
2026-01-04 23:00:00,D,23,4,0,387,10.0,535.12,4,584.12
2026-01-05 00:00:00,A,0,5,0,479,14.15,647.82,5,644.46
2026-01-05 00:00:00,B,0,5,0,421,10.0,520.89,6,467.95
2026-01-05 00:00:00,C,0,5,0,559,19.8,575.19,4,544.45
2026-01-05 00:00:00,D,0,5,0,453,10.0,497.07,4,532.68
2026-01-05 01:00:00,A,1,5,0,615,10.0,783.91,5,715.35
2026-01-05 01:00:00,B,1,5,0,522,26.15,558.0,6,439.8
2026-01-05 01:00:00,C,1,5,0,588,10.0,744.04,4,626.97
2026-01-05 01:00:00,D,1,5,0,534,10.0,703.28,4,626.38
2026-01-05 02:00:00,A,2,5,0,668,12.27,810.93,5,727.41
2026-01-05 02:00:00,B,2,5,0,507,12.04,560.72,6,518.68
2026-01-05 02:00:00,C,2,5,0,514,10.0,613.46,4,641.78
2026-01-05 02:00:00,D,2,5,0,709,10.0,746.16,4,662.53
2026-01-05 03:00:00,A,3,5,0,628,10.0,781.41,5,809.1
2026-01-05 03:00:00,B,3,5,0,598,11.7,713.99,6,594.18
2026-01-05 03:00:00,C,3,5,0,557,25.25,880.79,4,726.82
2026-01-05 03:00:00,D,3,5,0,661,15.53,735.41,4,639.48
2026-01-05 04:00:00,A,4,5,0,863,10.0,990.64,5,834.84
2026-01-05 04:00:00,B,4,5,0,556,10.0,553.67,6,669.52
2026-01-05 04:00:00,C,4,5,0,639,30.73,916.91,4,785.48
2026-01-05 04:00:00,D,4,5,0,767,10.0,694.39,4,719.63
2026-01-05 05:00:00,A,5,5,0,716,10.0,986.69,5,872.51
2026-01-05 05:00:00,B,5,5,0,510,10.58,751.31,6,560.28
2026-01-05 05:00:00,C,5,5,0,764,23.71,747.63,4,730.4
2026-01-05 05:00:00,D,5,5,0,763,11.11,897.89,4,828.6
2026-01-05 06:00:00,A,6,5,0,718,10.0,924.06,5,842.45
2026-01-05 06:00:00,B,6,5,0,695,10.0,718.0,6,647.91
2026-01-05 06:00:00,C,6,5,0,743,16.24,745.68,4,805.69
2026-01-05 06:00:00,D,6,5,0,597,10.0,956.35,4,766.42
2026-01-05 07:00:00,A,7,5,1,1025,10.0,1198.21,5,1294.87
2026-01-05 07:00:00,B,7,5,1,734,10.0,1032.07,6,989.29
2026-01-05 07:00:00,C,7,5,1,1213,10.0,1309.22,4,1091.85
2026-01-05 07:00:00,D,7,5,1,1035,10.0,1302.36,4,1207.76
2026-01-05 08:00:00,A,8,5,1,1243,10.0,1258.79,5,1299.33
2026-01-05 08:00:00,B,8,5,1,888,10.0,959.92,6,1030.69
2026-01-05 08:00:00,C,8,5,1,905,10.0,1201.09,4,1125.18
2026-01-05 08:00:00,D,8,5,1,1137,15.09,1179.69,4,1191.44
2026-01-05 09:00:00,A,9,5,1,1241,15.82,1179.08,5,1267.43
2026-01-05 09:00:00,B,9,5,1,682,10.0,1023.6,6,1021.16
2026-01-05 09:00:00,C,9,5,1,798,20.55,1055.98,4,1068.53
2026-01-05 09:00:00,D,9,5,1,1006,10.0,1035.87,4,1098.56
2026-01-05 10:00:00,A,10,5,0,668,10.0,735.32,5,728.71
2026-01-05 10:00:00,B,10,5,0,574,10.0,568.09,6,552.5
2026-01-05 10:00:00,C,10,5,0,594,20.09,677.22,4,655.45
2026-01-05 10:00:00,D,10,5,0,676,10.0,746.72,4,658.61
2026-01-05 11:00:00,A,11,5,0,538,11.97,743.28,5,680.93
2026-01-05 11:00:00,B,11,5,0,440,10.0,462.96,6,484.15
2026-01-05 11:00:00,C,11,5,0,673,19.1,632.01,4,623.98
2026-01-05 11:00:00,D,11,5,0,493,10.0,574.72,4,659.73
2026-01-05 12:00:00,A,12,5,0,627,21.12,639.35,5,528.42
2026-01-05 12:00:00,B,12,5,0,408,10.0,448.87,6,491.18
2026-01-05 12:00:00,C,12,5,0,571,10.0,564.63,4,623.89
2026-01-05 12:00:00,D,12,5,0,482,10.0,629.48,4,561.87
2026-01-05 13:00:00,A,13,5,0,444,11.53,526.24,5,545.45
2026-01-05 13:00:00,B,13,5,0,324,12.04,436.05,6,444.91
2026-01-05 13:00:00,C,13,5,0,456,10.0,589.57,4,499.35
2026-01-05 13:00:00,D,13,5,0,523,15.0,609.29,4,503.87
2026-01-05 14:00:00,A,14,5,0,458,10.16,599.81,5,507.98
2026-01-05 14:00:00,B,14,5,0,323,10.0,363.31,6,358.43
2026-01-05 14:00:00,C,14,5,0,381,10.58,506.21,4,415.46
2026-01-05 14:00:00,D,14,5,0,447,10.0,503.55,4,441.66
2026-01-05 15:00:00,A,15,5,0,416,19.91,493.01,5,456.59
2026-01-05 15:00:00,B,15,5,0,285,10.0,399.62,6,311.1
2026-01-05 15:00:00,C,15,5,0,336,10.0,482.58,4,290.67
2026-01-05 15:00:00,D,15,5,0,336,17.51,475.16,4,372.84
2026-01-05 16:00:00,A,16,5,1,504,10.0,677.88,5,674.85
2026-01-05 16:00:00,B,16,5,1,327,10.0,451.21,6,588.11
2026-01-05 16:00:00,C,16,5,1,435,10.0,510.0,4,659.4
2026-01-05 16:00:00,D,16,5,1,478,10.0,580.34,4,615.11
2026-01-05 17:00:00,A,17,5,1,566,17.47,599.1,5,631.96
2026-01-05 17:00:00,B,17,5,1,382,10.0,470.67,6,484.01
2026-01-05 17:00:00,C,17,5,1,510,10.0,493.31,4,633.63
2026-01-05 17:00:00,D,17,5,1,411,10.4,581.27,4,651.11
2026-01-05 18:00:00,A,18,5,1,541,10.0,655.05,5,619.74
2026-01-05 18:00:00,B,18,5,1,331,10.0,380.8,6,500.96
2026-01-05 18:00:00,C,18,5,1,476,10.0,460.88,4,634.04
2026-01-05 18:00:00,D,18,5,1,357,10.0,486.21,4,592.5
2026-01-05 19:00:00,A,19,5,1,528,19.26,625.55,5,655.85
2026-01-05 19:00:00,B,19,5,1,398,12.1,410.85,6,424.98
2026-01-05 19:00:00,C,19,5,1,516,10.0,599.23,4,582.02
2026-01-05 19:00:00,D,19,5,1,522,10.0,573.16,4,613.14
2026-01-05 20:00:00,A,20,5,0,408,10.0,455.44,5,372.55
2026-01-05 20:00:00,B,20,5,0,262,10.0,359.05,6,382.46
2026-01-05 20:00:00,C,20,5,0,321,10.0,419.64,4,384.66
2026-01-05 20:00:00,D,20,5,0,339,10.0,332.68,4,348.0
2026-01-05 21:00:00,A,21,5,0,469,18.62,551.64,5,451.81
2026-01-05 21:00:00,B,21,5,0,267,18.08,381.17,6,344.32
2026-01-05 21:00:00,C,21,5,0,337,15.65,469.44,4,320.31
2026-01-05 21:00:00,D,21,5,0,401,10.0,413.92,4,399.36
2026-01-05 22:00:00,A,22,5,0,402,10.0,479.69,5,522.77
2026-01-05 22:00:00,B,22,5,0,360,10.0,337.58,6,306.64
2026-01-05 22:00:00,C,22,5,0,458,10.0,460.69,4,495.09
2026-01-05 22:00:00,D,22,5,0,481,10.0,436.3,4,504.38
2026-01-05 23:00:00,A,23,5,0,440,24.54,691.31,5,558.42
2026-01-05 23:00:00,B,23,5,0,390,10.0,478.62,6,384.43
2026-01-05 23:00:00,C,23,5,0,506,10.0,544.39,4,536.17
2026-01-05 23:00:00,D,23,5,0,454,10.0,546.09,4,450.66
2026-01-06 00:00:00,A,0,6,0,535,10.0,687.3,5,623.45
2026-01-06 00:00:00,B,0,6,0,435,10.0,450.96,6,483.99
2026-01-06 00:00:00,C,0,6,0,445,10.0,584.71,4,502.56
2026-01-06 00:00:00,D,0,6,0,591,10.0,666.09,4,552.54
2026-01-06 01:00:00,A,1,6,0,603,10.0,747.03,5,702.03
2026-01-06 01:00:00,B,1,6,0,523,10.0,463.02,6,498.21
2026-01-06 01:00:00,C,1,6,0,624,19.41,572.02,4,664.88
2026-01-06 01:00:00,D,1,6,0,662,10.0,738.47,4,611.23
2026-01-06 02:00:00,A,2,6,0,598,11.48,736.31,5,705.07
2026-01-06 02:00:00,B,2,6,0,418,14.83,494.62,6,608.42
2026-01-06 02:00:00,C,2,6,0,596,10.0,747.06,4,682.5
2026-01-06 02:00:00,D,2,6,0,711,13.15,818.02,4,631.71
2026-01-06 03:00:00,A,3,6,0,727,23.44,952.71,5,883.63
2026-01-06 03:00:00,B,3,6,0,539,11.11,535.3,6,651.94
2026-01-06 03:00:00,C,3,6,0,679,10.0,762.14,4,735.46
2026-01-06 03:00:00,D,3,6,0,705,10.0,723.05,4,691.73
2026-01-06 04:00:00,A,4,6,0,632,10.0,1000.17,5,814.02
2026-01-06 04:00:00,B,4,6,0,530,10.0,562.07,6,636.83
2026-01-06 04:00:00,C,4,6,0,608,10.0,906.17,4,782.29
2026-01-06 04:00:00,D,4,6,0,697,10.0,674.15,4,757.75
2026-01-06 05:00:00,A,5,6,0,767,10.0,966.38,5,862.44
2026-01-06 05:00:00,B,5,6,0,682,30.0,765.29,6,645.22
2026-01-06 05:00:00,C,5,6,0,693,23.32,803.58,4,842.2
2026-01-06 05:00:00,D,5,6,0,712,36.39,930.78,4,709.97
2026-01-06 06:00:00,A,6,6,0,707,23.32,906.23,5,870.92
2026-01-06 06:00:00,B,6,6,0,642,10.0,695.38,6,595.89
2026-01-06 06:00:00,C,6,6,0,731,10.0,712.99,4,811.19
2026-01-06 06:00:00,D,6,6,0,700,10.0,762.46,4,796.31
2026-01-06 07:00:00,A,7,6,1,1314,10.0,1435.7,5,1296.29
2026-01-06 07:00:00,B,7,6,1,700,10.0,1024.32,6,1007.95
2026-01-06 07:00:00,C,7,6,1,959,10.0,1198.71,4,1166.21
2026-01-06 07:00:00,D,7,6,1,865,10.0,1348.12,4,1168.99
2026-01-06 08:00:00,A,8,6,1,1152,10.0,1197.79,5,1326.06
2026-01-06 08:00:00,B,8,6,1,666,21.06,995.38,6,963.57
2026-01-06 08:00:00,C,8,6,1,978,15.87,1049.97,4,1161.88
2026-01-06 08:00:00,D,8,6,1,908,10.0,1007.89,4,1148.81
2026-01-06 09:00:00,A,9,6,1,1000,21.23,1133.91,5,1178.84
2026-01-06 09:00:00,B,9,6,1,840,10.0,879.97,6,1011.35
2026-01-06 09:00:00,C,9,6,1,1124,10.0,1012.18,4,1126.53
2026-01-06 09:00:00,D,9,6,1,790,10.0,951.47,4,1174.85
2026-01-06 10:00:00,A,10,6,0,587,17.89,749.99,5,696.89
2026-01-06 10:00:00,B,10,6,0,498,10.0,678.62,6,560.88
2026-01-06 10:00:00,C,10,6,0,645,12.18,657.84,4,592.82
2026-01-06 10:00:00,D,10,6,0,533,10.0,803.88,4,690.23
2026-01-06 11:00:00,A,11,6,0,574,10.0,644.54,5,701.52
2026-01-06 11:00:00,B,11,6,0,442,10.0,529.29,6,435.02
2026-01-06 11:00:00,C,11,6,0,673,10.0,561.42,4,618.46
2026-01-06 11:00:00,D,11,6,0,561,10.0,706.17,4,625.33
2026-01-06 12:00:00,A,12,6,0,568,14.08,753.83,5,586.49
2026-01-06 12:00:00,B,12,6,0,399,11.96,429.45,6,456.12
2026-01-06 12:00:00,C,12,6,0,541,10.0,593.47,4,662.0
2026-01-06 12:00:00,D,12,6,0,603,10.61,540.5,4,539.99
2026-01-06 13:00:00,A,13,6,0,542,10.0,674.68,5,555.89
2026-01-06 13:00:00,B,13,6,0,370,10.0,466.44,6,421.66
2026-01-06 13:00:00,C,13,6,0,384,10.0,611.23,4,511.84
2026-01-06 13:00:00,D,13,6,0,537,10.0,598.29,4,435.4
2026-01-06 14:00:00,A,14,6,0,524,10.59,586.95,5,471.1
2026-01-06 14:00:00,B,14,6,0,351,13.36,345.98,6,392.75
2026-01-06 14:00:00,C,14,6,0,361,22.32,439.02,4,447.55
2026-01-06 14:00:00,D,14,6,0,435,12.57,493.7,4,517.1
2026-01-06 15:00:00,A,15,6,0,381,10.0,412.26,5,491.93
2026-01-06 15:00:00,B,15,6,0,345,10.0,337.42,6,281.9
2026-01-06 15:00:00,C,15,6,0,313,10.0,364.46,4,511.44
2026-01-06 15:00:00,D,15,6,0,403,14.42,492.8,4,413.18
2026-01-06 16:00:00,A,16,6,1,529,10.0,529.67,5,595.65
2026-01-06 16:00:00,B,16,6,1,319,10.0,424.44,6,530.28
2026-01-06 16:00:00,C,16,6,1,392,10.0,531.4,4,686.64
2026-01-06 16:00:00,D,16,6,1,426,10.0,495.35,4,577.25
2026-01-06 17:00:00,A,17,6,1,413,10.5,606.6,5,634.22
2026-01-06 17:00:00,B,17,6,1,371,10.0,470.07,6,555.68
2026-01-06 17:00:00,C,17,6,1,530,10.0,587.11,4,641.95
2026-01-06 17:00:00,D,17,6,1,460,10.0,526.16,4,567.3
2026-01-06 18:00:00,A,18,6,1,522,10.0,554.63,5,604.03
2026-01-06 18:00:00,B,18,6,1,411,10.0,474.82,6,570.08
2026-01-06 18:00:00,C,18,6,1,404,10.0,576.17,4,514.28
2026-01-06 18:00:00,D,18,6,1,386,10.0,520.74,4,641.98
2026-01-06 19:00:00,A,19,6,1,486,10.0,540.77,5,639.25
2026-01-06 19:00:00,B,19,6,1,342,10.0,358.57,6,549.48
2026-01-06 19:00:00,C,19,6,1,538,10.0,511.06,4,550.46
2026-01-06 19:00:00,D,19,6,1,406,10.0,476.54,4,593.69
2026-01-06 20:00:00,A,20,6,0,311,12.66,450.35,5,480.33
2026-01-06 20:00:00,B,20,6,0,276,23.53,368.82,6,295.33
2026-01-06 20:00:00,C,20,6,0,299,10.0,364.55,4,438.76
2026-01-06 20:00:00,D,20,6,0,379,10.0,325.74,4,403.18
2026-01-06 21:00:00,A,21,6,0,410,10.0,514.71,5,414.05
2026-01-06 21:00:00,B,21,6,0,324,24.81,405.96,6,411.78
2026-01-06 21:00:00,C,21,6,0,397,11.54,368.91,4,396.11
2026-01-06 21:00:00,D,21,6,0,328,10.0,440.51,4,380.92
2026-01-06 22:00:00,A,22,6,0,466,10.0,572.08,5,525.81
2026-01-06 22:00:00,B,22,6,0,298,10.0,416.75,6,385.57
2026-01-06 22:00:00,C,22,6,0,398,19.16,553.39,4,452.41
2026-01-06 22:00:00,D,22,6,0,382,10.0,431.52,4,368.2
2026-01-06 23:00:00,A,23,6,0,563,12.95,618.82,5,582.38
2026-01-06 23:00:00,B,23,6,0,390,10.0,387.74,6,400.6
2026-01-06 23:00:00,C,23,6,0,444,17.66,585.67,4,521.01
2026-01-06 23:00:00,D,23,6,0,423,10.0,488.81,4,517.96
2026-01-07 00:00:00,A,0,7,0,483,26.14,702.02,5,535.49
2026-01-07 00:00:00,B,0,7,0,381,11.48,500.69,6,450.6
2026-01-07 00:00:00,C,0,7,0,418,10.0,662.8,4,556.2
2026-01-07 00:00:00,D,0,7,0,488,10.0,642.27,4,516.22
2026-01-07 01:00:00,A,1,7,0,615,11.73,815.65,5,681.44
2026-01-07 01:00:00,B,1,7,0,372,10.0,468.0,6,588.94
2026-01-07 01:00:00,C,1,7,0,490,10.0,551.26,4,549.98
2026-01-07 01:00:00,D,1,7,0,579,12.85,620.07,4,597.07
2026-01-07 02:00:00,A,2,7,0,566,10.0,721.58,5,692.54
2026-01-07 02:00:00,B,2,7,0,420,20.66,627.21,6,437.29
2026-01-07 02:00:00,C,2,7,0,505,10.0,735.48,4,621.93
2026-01-07 02:00:00,D,2,7,0,518,10.22,724.75,4,601.61
2026-01-07 03:00:00,A,3,7,0,807,11.61,813.03,5,814.6
2026-01-07 03:00:00,B,3,7,0,578,10.0,516.6,6,545.65
2026-01-07 03:00:00,C,3,7,0,585,10.53,703.9,4,727.35
2026-01-07 03:00:00,D,3,7,0,574,30.96,807.52,4,664.58
2026-01-07 04:00:00,A,4,7,0,656,10.0,984.08,5,761.42
2026-01-07 04:00:00,B,4,7,0,444,10.0,541.99,6,636.3
2026-01-07 04:00:00,C,4,7,0,642,10.0,818.07,4,682.63
2026-01-07 04:00:00,D,4,7,0,782,16.62,648.96,4,756.27
2026-01-07 05:00:00,A,5,7,0,902,14.86,937.65,5,813.56
2026-01-07 05:00:00,B,5,7,0,455,10.0,559.55,6,567.15
2026-01-07 05:00:00,C,5,7,0,733,14.84,674.77,4,725.96
2026-01-07 05:00:00,D,5,7,0,626,20.41,803.76,4,757.42
2026-01-07 06:00:00,A,6,7,0,779,10.0,760.31,5,885.26
2026-01-07 06:00:00,B,6,7,0,541,16.83,622.31,6,649.05
2026-01-07 06:00:00,C,6,7,0,779,16.94,935.82,4,758.19
2026-01-07 06:00:00,D,6,7,0,563,10.0,761.0,4,733.53
2026-01-07 07:00:00,A,7,7,1,1222,10.0,1179.04,5,1322.77
2026-01-07 07:00:00,B,7,7,1,666,10.0,920.94,6,935.41
2026-01-07 07:00:00,C,7,7,1,972,10.0,1190.36,4,1189.36
2026-01-07 07:00:00,D,7,7,1,946,30.89,964.21,4,1136.3
2026-01-07 08:00:00,A,8,7,1,1054,32.97,1057.67,5,1307.78
2026-01-07 08:00:00,B,8,7,1,634,11.68,991.5,6,923.59
2026-01-07 08:00:00,C,8,7,1,1108,10.0,1116.09,4,1162.62
2026-01-07 08:00:00,D,8,7,1,780,16.95,1134.12,4,1103.45
2026-01-07 09:00:00,A,9,7,1,1015,20.92,1099.87,5,1210.41
2026-01-07 09:00:00,B,9,7,1,716,12.87,846.12,6,910.46
2026-01-07 09:00:00,C,9,7,1,1091,24.29,1057.63,4,1063.39
2026-01-07 09:00:00,D,9,7,1,943,12.02,1011.27,4,1029.59
2026-01-07 10:00:00,A,10,7,0,557,13.15,825.02,5,672.84
2026-01-07 10:00:00,B,10,7,0,533,10.0,579.11,6,509.71
2026-01-07 10:00:00,C,10,7,0,683,32.36,630.69,4,619.22
2026-01-07 10:00:00,D,10,7,0,697,17.15,752.88,4,716.2
2026-01-07 11:00:00,A,11,7,0,596,10.0,620.78,5,664.27
2026-01-07 11:00:00,B,11,7,0,422,20.62,510.45,6,410.71
2026-01-07 11:00:00,C,11,7,0,486,16.24,568.78,4,592.93
2026-01-07 11:00:00,D,11,7,0,542,10.0,613.35,4,632.97
2026-01-07 12:00:00,A,12,7,0,474,12.76,726.64,5,562.72
2026-01-07 12:00:00,B,12,7,0,464,12.18,423.58,6,368.39
2026-01-07 12:00:00,C,12,7,0,563,10.0,530.05,4,543.73
2026-01-07 12:00:00,D,12,7,0,576,10.0,637.48,4,550.68
2026-01-07 13:00:00,A,13,7,0,588,31.02,552.22,5,490.85
2026-01-07 13:00:00,B,13,7,0,362,10.0,412.69,6,404.53
2026-01-07 13:00:00,C,13,7,0,435,18.39,573.3,4,485.16
2026-01-07 13:00:00,D,13,7,0,505,10.0,523.04,4,481.19
2026-01-07 14:00:00,A,14,7,0,447,10.0,505.16,5,527.31
2026-01-07 14:00:00,B,14,7,0,322,10.0,397.18,6,369.36
2026-01-07 14:00:00,C,14,7,0,378,10.0,435.76,4,393.66
2026-01-07 14:00:00,D,14,7,0,353,11.14,504.95,4,413.55
2026-01-07 15:00:00,A,15,7,0,434,10.0,401.9,5,491.1
2026-01-07 15:00:00,B,15,7,0,248,10.0,348.97,6,289.9
2026-01-07 15:00:00,C,15,7,0,333,10.0,479.75,4,371.33
2026-01-07 15:00:00,D,15,7,0,320,10.0,416.96,4,336.25
2026-01-07 16:00:00,A,16,7,1,581,17.94,601.92,5,654.45
2026-01-07 16:00:00,B,16,7,1,389,10.0,468.14,6,469.05
2026-01-07 16:00:00,C,16,7,1,441,10.0,498.1,4,588.06
2026-01-07 16:00:00,D,16,7,1,392,10.0,543.86,4,545.11
2026-01-07 17:00:00,A,17,7,1,554,10.0,499.09,5,649.87
2026-01-07 17:00:00,B,17,7,1,414,10.0,428.66,6,555.45
2026-01-07 17:00:00,C,17,7,1,395,10.0,484.08,4,561.88
2026-01-07 17:00:00,D,17,7,1,456,39.66,541.69,4,538.78
2026-01-07 18:00:00,A,18,7,1,412,10.0,563.54,5,655.87
2026-01-07 18:00:00,B,18,7,1,340,25.35,441.68,6,526.85
2026-01-07 18:00:00,C,18,7,1,377,10.0,506.48,4,542.66
2026-01-07 18:00:00,D,18,7,1,475,11.18,458.16,4,558.6
2026-01-07 19:00:00,A,19,7,1,456,10.0,621.68,5,701.36
2026-01-07 19:00:00,B,19,7,1,422,10.0,372.02,6,512.17
2026-01-07 19:00:00,C,19,7,1,401,10.0,466.54,4,587.09
2026-01-07 19:00:00,D,19,7,1,406,10.0,459.18,4,568.98
2026-01-07 20:00:00,A,20,7,0,375,32.75,407.6,5,426.79
2026-01-07 20:00:00,B,20,7,0,250,10.0,301.14,6,288.06
2026-01-07 20:00:00,C,20,7,0,291,10.0,380.19,4,358.65
2026-01-07 20:00:00,D,20,7,0,289,10.0,409.11,4,382.6
2026-01-07 21:00:00,A,21,7,0,350,27.57,439.71,5,419.53
2026-01-07 21:00:00,B,21,7,0,243,19.56,288.84,6,404.04
2026-01-07 21:00:00,C,21,7,0,426,14.03,382.87,4,385.33
2026-01-07 21:00:00,D,21,7,0,317,14.05,357.31,4,314.45
2026-01-07 22:00:00,A,22,7,0,513,25.46,434.61,5,523.54
2026-01-07 22:00:00,B,22,7,0,289,10.0,403.37,6,342.24
2026-01-07 22:00:00,C,22,7,0,355,10.0,502.34,4,485.01
2026-01-07 22:00:00,D,22,7,0,380,10.0,490.09,4,508.58
2026-01-07 23:00:00,A,23,7,0,523,10.0,625.44,5,498.62
2026-01-07 23:00:00,B,23,7,0,365,10.0,383.19,6,289.94
2026-01-07 23:00:00,C,23,7,0,375,10.0,588.92,4,515.79
2026-01-07 23:00:00,D,23,7,0,483,10.0,531.1,4,436.95
2026-01-08 00:00:00,A,0,1,0,632,10.0,568.13,5,582.41
2026-01-08 00:00:00,B,0,1,0,468,23.26,472.84,6,459.7
2026-01-08 00:00:00,C,0,1,0,578,10.0,562.01,4,541.83
2026-01-08 00:00:00,D,0,1,0,472,10.0,536.96,4,507.11
2026-01-08 01:00:00,A,1,1,0,577,10.0,717.93,5,727.32
2026-01-08 01:00:00,B,1,1,0,364,10.0,443.04,6,528.95
2026-01-08 01:00:00,C,1,1,0,612,10.0,561.28,4,627.33
2026-01-08 01:00:00,D,1,1,0,606,22.27,665.2,4,581.61
2026-01-08 02:00:00,A,2,1,0,772,10.0,667.04,5,748.29
2026-01-08 02:00:00,B,2,1,0,422,25.57,524.41,6,568.84
2026-01-08 02:00:00,C,2,1,0,491,28.6,630.29,4,650.68
2026-01-08 02:00:00,D,2,1,0,571,10.0,580.52,4,573.3
2026-01-08 03:00:00,A,3,1,0,811,10.0,904.96,5,763.14
2026-01-08 03:00:00,B,3,1,0,468,10.0,697.18,6,590.41
2026-01-08 03:00:00,C,3,1,0,653,10.0,793.1,4,676.12
2026-01-08 03:00:00,D,3,1,0,522,31.4,768.22,4,578.2
2026-01-08 04:00:00,A,4,1,0,640,10.0,962.45,5,766.51
2026-01-08 04:00:00,B,4,1,0,602,10.0,574.99,6,503.97
2026-01-08 04:00:00,C,4,1,0,627,10.0,727.46,4,743.55
2026-01-08 04:00:00,D,4,1,0,714,10.0,679.86,4,730.83
2026-01-08 05:00:00,A,5,1,0,733,16.81,900.11,5,839.52
2026-01-08 05:00:00,B,5,1,0,486,10.0,568.19,6,594.93
2026-01-08 05:00:00,C,5,1,0,733,10.0,846.24,4,653.85
2026-01-08 05:00:00,D,5,1,0,774,16.68,808.16,4,741.79
2026-01-08 06:00:00,A,6,1,0,818,10.96,783.49,5,773.76
2026-01-08 06:00:00,B,6,1,0,509,10.0,579.07,6,598.54
2026-01-08 06:00:00,C,6,1,0,745,10.0,919.12,4,766.48
2026-01-08 06:00:00,D,6,1,0,596,10.0,892.28,4,744.35
2026-01-08 07:00:00,A,7,1,1,903,20.28,1304.7,5,1310.34
2026-01-08 07:00:00,B,7,1,1,719,23.47,926.49,6,991.64
2026-01-08 07:00:00,C,7,1,1,915,10.0,1178.44,4,1184.64
2026-01-08 07:00:00,D,7,1,1,929,10.0,1149.82,4,1177.72
2026-01-08 08:00:00,A,8,1,1,887,10.0,1041.65,5,1270.76
2026-01-08 08:00:00,B,8,1,1,832,10.0,996.65,6,905.12
2026-01-08 08:00:00,C,8,1,1,815,29.09,1052.13,4,1124.5
2026-01-08 08:00:00,D,8,1,1,948,10.0,928.56,4,1163.72
2026-01-08 09:00:00,A,9,1,1,1052,10.0,1122.82,5,1177.96
2026-01-08 09:00:00,B,9,1,1,842,15.54,913.08,6,912.52
2026-01-08 09:00:00,C,9,1,1,902,18.81,990.17,4,1167.56
2026-01-08 09:00:00,D,9,1,1,924,10.0,1057.27,4,1112.8
2026-01-08 10:00:00,A,10,1,0,665,23.36,780.57,5,796.36
2026-01-08 10:00:00,B,10,1,0,450,10.0,569.07,6,570.78
2026-01-08 10:00:00,C,10,1,0,655,10.0,630.89,4,660.36
2026-01-08 10:00:00,D,10,1,0,693,10.0,714.12,4,619.12
2026-01-08 11:00:00,A,11,1,0,594,32.6,687.67,5,700.32
2026-01-08 11:00:00,B,11,1,0,387,10.0,597.16,6,436.36
2026-01-08 11:00:00,C,11,1,0,647,18.65,642.03,4,646.07
2026-01-08 11:00:00,D,11,1,0,481,10.0,727.09,4,636.06
2026-01-08 12:00:00,A,12,1,0,490,10.0,702.95,5,638.19
2026-01-08 12:00:00,B,12,1,0,464,10.0,441.87,6,421.41
2026-01-08 12:00:00,C,12,1,0,447,10.0,589.88,4,507.07
2026-01-08 12:00:00,D,12,1,0,516,10.0,583.32,4,555.09
2026-01-08 13:00:00,A,13,1,0,527,12.53,517.61,5,496.93
2026-01-08 13:00:00,B,13,1,0,306,10.0,399.85,6,411.07
2026-01-08 13:00:00,C,13,1,0,515,10.0,477.32,4,496.14
2026-01-08 13:00:00,D,13,1,0,442,10.0,548.81,4,583.81
2026-01-08 14:00:00,A,14,1,0,370,10.0,584.7,5,499.6
2026-01-08 14:00:00,B,14,1,0,329,10.0,345.47,6,347.8
2026-01-08 14:00:00,C,14,1,0,433,10.0,413.26,4,411.27
2026-01-08 14:00:00,D,14,1,0,404,10.0,506.74,4,483.13
2026-01-08 15:00:00,A,15,1,0,350,10.0,529.25,5,439.09
2026-01-08 15:00:00,B,15,1,0,298,10.0,369.05,6,345.78
2026-01-08 15:00:00,C,15,1,0,297,10.0,417.61,4,426.88
2026-01-08 15:00:00,D,15,1,0,342,10.0,471.2,4,390.91
2026-01-08 16:00:00,A,16,1,1,486,32.81,680.02,5,640.21
2026-01-08 16:00:00,B,16,1,1,388,10.0,427.63,6,612.09
2026-01-08 16:00:00,C,16,1,1,480,18.63,481.28,4,600.97
2026-01-08 16:00:00,D,16,1,1,518,10.0,466.95,4,618.34
2026-01-08 17:00:00,A,17,1,1,416,10.0,475.68,5,580.19
2026-01-08 17:00:00,B,17,1,1,374,10.0,441.38,6,519.26
2026-01-08 17:00:00,C,17,1,1,378,10.0,468.92,4,584.05
2026-01-08 17:00:00,D,17,1,1,468,20.03,450.88,4,574.2
2026-01-08 18:00:00,A,18,1,1,401,10.0,537.25,5,631.6
2026-01-08 18:00:00,B,18,1,1,311,10.0,401.8,6,527.01
2026-01-08 18:00:00,C,18,1,1,368,10.0,526.2,4,555.1
2026-01-08 18:00:00,D,18,1,1,499,10.0,426.81,4,551.84
2026-01-08 19:00:00,A,19,1,1,396,24.0,572.19,5,638.16
2026-01-08 19:00:00,B,19,1,1,291,10.0,443.73,6,455.48
2026-01-08 19:00:00,C,19,1,1,368,10.0,546.89,4,624.52
2026-01-08 19:00:00,D,19,1,1,492,10.0,433.47,4,504.48
2026-01-08 20:00:00,A,20,1,0,380,10.0,404.51,5,394.56
2026-01-08 20:00:00,B,20,1,0,243,10.0,308.13,6,346.96
2026-01-08 20:00:00,C,20,1,0,382,30.01,417.85,4,364.07
2026-01-08 20:00:00,D,20,1,0,338,10.0,395.8,4,370.28
2026-01-08 21:00:00,A,21,1,0,443,20.03,449.23,5,403.41
2026-01-08 21:00:00,B,21,1,0,250,12.23,298.17,6,307.67
2026-01-08 21:00:00,C,21,1,0,303,16.81,471.85,4,348.37
2026-01-08 21:00:00,D,21,1,0,315,21.32,351.29,4,391.65
2026-01-08 22:00:00,A,22,1,0,440,10.49,519.9,5,432.69
2026-01-08 22:00:00,B,22,1,0,379,10.0,426.89,6,366.36
2026-01-08 22:00:00,C,22,1,0,351,10.49,515.15,4,422.93
2026-01-08 22:00:00,D,22,1,0,413,11.7,506.12,4,377.22
2026-01-08 23:00:00,A,23,1,0,411,10.0,615.17,5,543.17
2026-01-08 23:00:00,B,23,1,0,368,10.0,357.22,6,321.47
2026-01-08 23:00:00,C,23,1,0,482,10.0,590.96,4,508.73
2026-01-08 23:00:00,D,23,1,0,448,10.0,567.5,4,536.61
2026-01-09 00:00:00,A,0,2,0,631,10.0,679.51,5,579.56
2026-01-09 00:00:00,B,0,2,0,398,11.07,459.26,6,429.42
2026-01-09 00:00:00,C,0,2,0,486,10.0,569.08,4,538.18
2026-01-09 00:00:00,D,0,2,0,430,10.0,605.21,4,682.43
2026-01-09 01:00:00,A,1,2,0,609,10.0,642.88,5,613.33
2026-01-09 01:00:00,B,1,2,0,412,12.93,584.18,6,417.98
2026-01-09 01:00:00,C,1,2,0,580,10.0,612.86,4,662.26
2026-01-09 01:00:00,D,1,2,0,651,10.0,757.44,4,610.9
2026-01-09 02:00:00,A,2,2,0,688,10.0,713.0,5,715.12
2026-01-09 02:00:00,B,2,2,0,556,21.23,627.04,6,534.77
2026-01-09 02:00:00,C,2,2,0,664,14.12,685.14,4,720.81
2026-01-09 02:00:00,D,2,2,0,575,10.0,795.28,4,618.78
2026-01-09 03:00:00,A,3,2,0,736,18.73,978.76,5,795.2
2026-01-09 03:00:00,B,3,2,0,620,10.0,633.97,6,569.83
2026-01-09 03:00:00,C,3,2,0,779,17.6,750.46,4,628.64
2026-01-09 03:00:00,D,3,2,0,647,10.0,694.07,4,708.07
2026-01-09 04:00:00,A,4,2,0,775,10.0,972.66,5,824.86
2026-01-09 04:00:00,B,4,2,0,607,18.45,652.89,6,663.34
2026-01-09 04:00:00,C,4,2,0,811,10.0,760.07,4,773.67
2026-01-09 04:00:00,D,4,2,0,596,10.0,687.98,4,700.71
2026-01-09 05:00:00,A,5,2,0,680,10.0,1029.36,5,890.5
2026-01-09 05:00:00,B,5,2,0,526,10.0,625.35,6,614.37
2026-01-09 05:00:00,C,5,2,0,599,10.0,933.61,4,815.16
2026-01-09 05:00:00,D,5,2,0,778,18.01,865.8,4,781.25
2026-01-09 06:00:00,A,6,2,0,791,10.0,789.16,5,853.54
2026-01-09 06:00:00,B,6,2,0,548,14.51,593.82,6,713.06
2026-01-09 06:00:00,C,6,2,0,629,10.0,929.85,4,781.69
2026-01-09 06:00:00,D,6,2,0,849,10.0,891.21,4,775.05
2026-01-09 07:00:00,A,7,2,1,1057,10.0,1128.07,5,1330.74
2026-01-09 07:00:00,B,7,2,1,954,16.83,830.56,6,1053.8
2026-01-09 07:00:00,C,7,2,1,1114,10.0,1257.65,4,1230.65
2026-01-09 07:00:00,D,7,2,1,851,25.76,1128.19,4,1216.65
2026-01-09 08:00:00,A,8,2,1,1004,10.0,1268.05,5,1346.18
2026-01-09 08:00:00,B,8,2,1,701,14.1,860.61,6,1000.86
2026-01-09 08:00:00,C,8,2,1,914,10.0,1252.99,4,1204.04
2026-01-09 08:00:00,D,8,2,1,1026,42.51,1122.98,4,1082.85
2026-01-09 09:00:00,A,9,2,1,942,10.0,1167.23,5,1229.82
2026-01-09 09:00:00,B,9,2,1,659,10.0,922.16,6,1032.87
2026-01-09 09:00:00,C,9,2,1,778,10.0,1083.69,4,1087.6
2026-01-09 09:00:00,D,9,2,1,1048,10.0,1201.27,4,1094.45
2026-01-09 10:00:00,A,10,2,0,679,11.81,694.6,5,747.64
2026-01-09 10:00:00,B,10,2,0,580,10.0,556.58,6,565.54
2026-01-09 10:00:00,C,10,2,0,733,10.0,761.3,4,733.21
2026-01-09 10:00:00,D,10,2,0,724,10.0,764.0,4,630.38
2026-01-09 11:00:00,A,11,2,0,629,15.72,811.03,5,642.2
2026-01-09 11:00:00,B,11,2,0,518,10.0,565.34,6,501.19
2026-01-09 11:00:00,C,11,2,0,618,11.15,602.64,4,553.0
2026-01-09 11:00:00,D,11,2,0,466,16.46,557.58,4,535.91
2026-01-09 12:00:00,A,12,2,0,498,10.0,662.56,5,623.17
2026-01-09 12:00:00,B,12,2,0,494,20.16,545.96,6,520.54
2026-01-09 12:00:00,C,12,2,0,565,10.0,539.33,4,544.78
2026-01-09 12:00:00,D,12,2,0,569,10.0,678.06,4,640.29
2026-01-09 13:00:00,A,13,2,0,525,18.57,647.33,5,575.73
2026-01-09 13:00:00,B,13,2,0,409,10.0,401.99,6,413.31
2026-01-09 13:00:00,C,13,2,0,392,10.0,497.2,4,387.05
2026-01-09 13:00:00,D,13,2,0,538,10.0,471.35,4,443.55
2026-01-09 14:00:00,A,14,2,0,434,10.0,575.96,5,505.05
2026-01-09 14:00:00,B,14,2,0,279,10.0,434.36,6,374.98
2026-01-09 14:00:00,C,14,2,0,352,10.0,476.94,4,462.68
2026-01-09 14:00:00,D,14,2,0,464,10.0,541.8,4,461.74
2026-01-09 15:00:00,A,15,2,0,410,10.0,495.44,5,467.23
2026-01-09 15:00:00,B,15,2,0,263,10.0,325.76,6,395.37
2026-01-09 15:00:00,C,15,2,0,337,18.5,431.97,4,406.58
2026-01-09 15:00:00,D,15,2,0,349,10.0,475.57,4,359.53
2026-01-09 16:00:00,A,16,2,1,548,11.26,686.86,5,630.51
2026-01-09 16:00:00,B,16,2,1,318,10.86,459.92,6,469.34
2026-01-09 16:00:00,C,16,2,1,412,10.0,523.32,4,656.03
2026-01-09 16:00:00,D,16,2,1,521,10.0,557.25,4,662.86
2026-01-09 17:00:00,A,17,2,1,414,10.0,600.76,5,651.16
2026-01-09 17:00:00,B,17,2,1,310,10.0,458.38,6,442.43
2026-01-09 17:00:00,C,17,2,1,420,10.0,592.32,4,632.59
2026-01-09 17:00:00,D,17,2,1,364,10.0,442.07,4,636.52
2026-01-09 18:00:00,A,18,2,1,468,10.0,544.36,5,658.41
2026-01-09 18:00:00,B,18,2,1,418,10.0,420.6,6,458.2
2026-01-09 18:00:00,C,18,2,1,498,10.0,440.64,4,568.25
2026-01-09 18:00:00,D,18,2,1,452,10.0,451.67,4,551.19
2026-01-09 19:00:00,A,19,2,1,501,10.0,599.55,5,605.53
2026-01-09 19:00:00,B,19,2,1,346,10.32,443.15,6,510.25
2026-01-09 19:00:00,C,19,2,1,503,10.0,502.31,4,597.54
2026-01-09 19:00:00,D,19,2,1,523,13.23,595.55,4,562.63
2026-01-09 20:00:00,A,20,2,0,334,10.0,399.79,5,542.19
2026-01-09 20:00:00,B,20,2,0,297,10.0,299.67,6,347.49
2026-01-09 20:00:00,C,20,2,0,353,30.34,332.17,4,390.59
2026-01-09 20:00:00,D,20,2,0,385,10.0,356.56,4,308.86
2026-01-09 21:00:00,A,21,2,0,461,10.0,550.09,5,459.55
2026-01-09 21:00:00,B,21,2,0,284,10.0,349.64,6,397.65
2026-01-09 21:00:00,C,21,2,0,410,22.68,466.08,4,398.9
2026-01-09 21:00:00,D,21,2,0,323,10.0,484.58,4,371.32
2026-01-09 22:00:00,A,22,2,0,428,10.0,476.39,5,457.53
2026-01-09 22:00:00,B,22,2,0,286,10.0,432.11,6,326.1
2026-01-09 22:00:00,C,22,2,0,427,10.0,407.25,4,497.36
2026-01-09 22:00:00,D,22,2,0,414,10.0,470.64,4,431.27
2026-01-09 23:00:00,A,23,2,0,574,21.04,654.55,5,636.07
2026-01-09 23:00:00,B,23,2,0,426,10.0,499.74,6,372.02
2026-01-09 23:00:00,C,23,2,0,542,10.0,473.58,4,557.28
2026-01-09 23:00:00,D,23,2,0,473,17.0,570.47,4,498.47
2026-01-10 00:00:00,A,0,3,0,649,34.23,703.09,5,621.84
2026-01-10 00:00:00,B,0,3,0,394,18.01,472.02,6,434.23
2026-01-10 00:00:00,C,0,3,0,468,10.0,554.03,4,575.83
2026-01-10 00:00:00,D,0,3,0,605,10.0,639.7,4,590.45
2026-01-10 01:00:00,A,1,3,0,735,10.0,640.72,5,608.28
2026-01-10 01:00:00,B,1,3,0,514,18.73,519.53,6,461.49
2026-01-10 01:00:00,C,1,3,0,619,10.0,751.73,4,609.94
2026-01-10 01:00:00,D,1,3,0,495,10.67,596.52,4,623.9
2026-01-10 02:00:00,A,2,3,0,645,25.19,855.88,5,761.17
2026-01-10 02:00:00,B,2,3,0,517,10.0,497.61,6,499.85
2026-01-10 02:00:00,C,2,3,0,522,10.0,676.35,4,606.12
2026-01-10 02:00:00,D,2,3,0,558,10.0,631.39,4,713.09
2026-01-10 03:00:00,A,3,3,0,752,10.0,793.83,5,823.33
2026-01-10 03:00:00,B,3,3,0,503,14.9,615.56,6,639.38
2026-01-10 03:00:00,C,3,3,0,631,10.0,817.74,4,770.63
2026-01-10 03:00:00,D,3,3,0,678,16.6,639.03,4,688.61
2026-01-10 04:00:00,A,4,3,0,633,10.0,1011.53,5,832.21
2026-01-10 04:00:00,B,4,3,0,673,23.63,554.77,6,667.46
2026-01-10 04:00:00,C,4,3,0,813,10.0,690.67,4,808.04
2026-01-10 04:00:00,D,4,3,0,749,14.31,852.53,4,764.59
2026-01-10 05:00:00,A,5,3,0,727,24.52,1030.71,5,879.21
2026-01-10 05:00:00,B,5,3,0,488,10.0,648.31,6,544.94
2026-01-10 05:00:00,C,5,3,0,661,16.43,961.98,4,742.3
2026-01-10 05:00:00,D,5,3,0,719,10.0,796.38,4,768.96
2026-01-10 06:00:00,A,6,3,0,845,10.0,835.51,5,891.55
2026-01-10 06:00:00,B,6,3,0,630,10.0,616.64,6,643.98
2026-01-10 06:00:00,C,6,3,0,601,10.0,909.27,4,825.19
2026-01-10 06:00:00,D,6,3,0,711,11.28,918.45,4,790.13
2026-01-10 07:00:00,A,7,3,1,1089,10.0,1491.89,5,1331.63
2026-01-10 07:00:00,B,7,3,1,868,10.0,994.33,6,1000.98
2026-01-10 07:00:00,C,7,3,1,1074,10.0,1127.92,4,1212.03
2026-01-10 07:00:00,D,7,3,1,1057,10.0,1354.84,4,1188.46
2026-01-10 08:00:00,A,8,3,1,1298,19.7,1128.1,5,1324.5
2026-01-10 08:00:00,B,8,3,1,703,10.0,902.53,6,969.36
2026-01-10 08:00:00,C,8,3,1,867,10.43,1117.48,4,1153.84
2026-01-10 08:00:00,D,8,3,1,991,11.37,1299.25,4,1135.71
2026-01-10 09:00:00,A,9,3,1,1119,10.0,1082.42,5,1203.39
2026-01-10 09:00:00,B,9,3,1,875,10.0,809.75,6,964.18
2026-01-10 09:00:00,C,9,3,1,1021,17.03,948.94,4,1134.77
2026-01-10 09:00:00,D,9,3,1,1079,32.63,975.5,4,1127.3
2026-01-10 10:00:00,A,10,3,0,746,15.11,881.49,5,805.25
2026-01-10 10:00:00,B,10,3,0,465,10.0,653.97,6,572.19
2026-01-10 10:00:00,C,10,3,0,668,10.0,800.44,4,703.48
2026-01-10 10:00:00,D,10,3,0,609,17.12,613.62,4,624.26
2026-01-10 11:00:00,A,11,3,0,548,29.36,670.02,5,690.34
2026-01-10 11:00:00,B,11,3,0,398,10.0,567.76,6,404.8
2026-01-10 11:00:00,C,11,3,0,658,19.32,583.73,4,662.44
2026-01-10 11:00:00,D,11,3,0,564,10.0,616.41,4,530.72
2026-01-10 12:00:00,A,12,3,0,529,10.0,562.95,5,562.46
2026-01-10 12:00:00,B,12,3,0,479,16.52,417.35,6,445.69
2026-01-10 12:00:00,C,12,3,0,566,10.0,517.85,4,574.95
2026-01-10 12:00:00,D,12,3,0,597,10.0,575.23,4,574.76
2026-01-10 13:00:00,A,13,3,0,447,10.0,555.39,5,602.48
2026-01-10 13:00:00,B,13,3,0,359,10.0,416.75,6,319.58
2026-01-10 13:00:00,C,13,3,0,436,10.0,609.47,4,501.26
2026-01-10 13:00:00,D,13,3,0,484,10.0,548.91,4,489.15
2026-01-10 14:00:00,A,14,3,0,411,10.0,476.36,5,575.01
2026-01-10 14:00:00,B,14,3,0,330,10.0,393.73,6,366.97
2026-01-10 14:00:00,C,14,3,0,436,10.0,524.36,4,448.02
2026-01-10 14:00:00,D,14,3,0,410,10.02,445.39,4,466.47
2026-01-10 15:00:00,A,15,3,0,392,19.83,420.52,5,366.45
2026-01-10 15:00:00,B,15,3,0,294,12.75,391.07,6,357.29
2026-01-10 15:00:00,C,15,3,0,380,10.0,472.48,4,463.73
2026-01-10 15:00:00,D,15,3,0,346,10.0,389.02,4,420.92
2026-01-10 16:00:00,A,16,3,1,464,10.0,574.68,5,645.82
2026-01-10 16:00:00,B,16,3,1,438,10.57,510.92,6,560.64
2026-01-10 16:00:00,C,16,3,1,432,10.0,487.86,4,696.37
2026-01-10 16:00:00,D,16,3,1,538,11.02,515.44,4,665.45
2026-01-10 17:00:00,A,17,3,1,557,10.0,631.27,5,604.52
2026-01-10 17:00:00,B,17,3,1,378,10.0,411.22,6,491.07
2026-01-10 17:00:00,C,17,3,1,446,10.0,511.95,4,557.38
2026-01-10 17:00:00,D,17,3,1,382,10.0,480.72,4,577.32
2026-01-10 18:00:00,A,18,3,1,423,10.0,530.92,5,626.96
2026-01-10 18:00:00,B,18,3,1,401,10.0,357.23,6,480.04
2026-01-10 18:00:00,C,18,3,1,374,10.32,559.63,4,547.81
2026-01-10 18:00:00,D,18,3,1,453,10.0,498.81,4,588.6
2026-01-10 19:00:00,A,19,3,1,485,10.0,538.48,5,576.26
2026-01-10 19:00:00,B,19,3,1,379,20.94,493.16,6,544.3
2026-01-10 19:00:00,C,19,3,1,440,10.0,445.19,4,671.37
2026-01-10 19:00:00,D,19,3,1,409,13.44,471.08,4,616.73
2026-01-10 20:00:00,A,20,3,0,398,10.0,482.37,5,435.02
2026-01-10 20:00:00,B,20,3,0,226,15.83,286.19,6,300.58
2026-01-10 20:00:00,C,20,3,0,346,10.0,436.78,4,392.65
2026-01-10 20:00:00,D,20,3,0,288,17.88,426.58,4,378.12
2026-01-10 21:00:00,A,21,3,0,433,10.0,536.1,5,458.37
2026-01-10 21:00:00,B,21,3,0,338,22.12,310.74,6,330.78
2026-01-10 21:00:00,C,21,3,0,442,10.0,436.67,4,463.4
2026-01-10 21:00:00,D,21,3,0,299,10.0,400.48,4,478.43
2026-01-10 22:00:00,A,22,3,0,403,10.0,556.28,5,458.19
2026-01-10 22:00:00,B,22,3,0,301,10.0,383.91,6,338.0
2026-01-10 22:00:00,C,22,3,0,449,36.12,561.45,4,521.37
2026-01-10 22:00:00,D,22,3,0,408,30.25,401.6,4,402.08
2026-01-10 23:00:00,A,23,3,0,573,10.0,609.16,5,514.15
2026-01-10 23:00:00,B,23,3,0,444,10.0,381.62,6,380.79
2026-01-10 23:00:00,C,23,3,0,441,16.96,565.81,4,531.58
2026-01-10 23:00:00,D,23,3,0,529,10.0,587.72,4,515.2
2026-01-11 00:00:00,A,0,4,0,615,10.0,772.29,5,567.24
2026-01-11 00:00:00,B,0,4,0,367,10.0,480.37,6,467.63
2026-01-11 00:00:00,C,0,4,0,489,10.0,515.89,4,534.64
2026-01-11 00:00:00,D,0,4,0,595,10.0,518.48,4,582.36
2026-01-11 01:00:00,A,1,4,0,687,13.01,807.16,5,601.33
2026-01-11 01:00:00,B,1,4,0,430,10.0,561.36,6,598.17
2026-01-11 01:00:00,C,1,4,0,628,10.0,650.57,4,631.31
2026-01-11 01:00:00,D,1,4,0,616,10.0,732.35,4,594.41
2026-01-11 02:00:00,A,2,4,0,582,10.0,919.93,5,797.0
2026-01-11 02:00:00,B,2,4,0,567,16.78,603.99,6,561.07
2026-01-11 02:00:00,C,2,4,0,733,10.0,799.11,4,790.27
2026-01-11 02:00:00,D,2,4,0,617,11.32,739.2,4,668.38
2026-01-11 03:00:00,A,3,4,0,739,14.78,734.4,5,864.26
2026-01-11 03:00:00,B,3,4,0,447,10.0,643.29,6,547.76
2026-01-11 03:00:00,C,3,4,0,720,10.0,843.92,4,699.44
2026-01-11 03:00:00,D,3,4,0,691,10.0,876.1,4,659.66
2026-01-11 04:00:00,A,4,4,0,757,21.96,760.29,5,844.73
2026-01-11 04:00:00,B,4,4,0,475,10.0,598.82,6,625.25
2026-01-11 04:00:00,C,4,4,0,586,10.0,923.19,4,817.07
2026-01-11 04:00:00,D,4,4,0,721,31.34,838.83,4,724.62
2026-01-11 05:00:00,A,5,4,0,807,10.0,992.85,5,882.33
2026-01-11 05:00:00,B,5,4,0,645,10.0,665.9,6,549.53
2026-01-11 05:00:00,C,5,4,0,683,20.31,953.49,4,765.85
2026-01-11 05:00:00,D,5,4,0,630,10.0,748.92,4,785.65
2026-01-11 06:00:00,A,6,4,0,946,10.0,803.9,5,852.86
2026-01-11 06:00:00,B,6,4,0,499,10.0,758.47,6,562.31
2026-01-11 06:00:00,C,6,4,0,866,10.0,807.04,4,751.78
2026-01-11 06:00:00,D,6,4,0,604,10.0,823.5,4,774.74
2026-01-11 07:00:00,A,7,4,1,1104,19.7,1296.76,5,1372.02
2026-01-11 07:00:00,B,7,4,1,912,16.66,1006.88,6,973.66
2026-01-11 07:00:00,C,7,4,1,842,10.0,1372.87,4,1194.54
2026-01-11 07:00:00,D,7,4,1,997,10.0,1058.45,4,1165.22
2026-01-11 08:00:00,A,8,4,1,981,10.0,1476.5,5,1312.04
2026-01-11 08:00:00,B,8,4,1,677,20.31,939.24,6,955.61
2026-01-11 08:00:00,C,8,4,1,1127,10.0,1154.51,4,1102.15
2026-01-11 08:00:00,D,8,4,1,1038,15.92,1265.18,4,1071.09
2026-01-11 09:00:00,A,9,4,1,1065,10.52,1212.27,5,1208.58
2026-01-11 09:00:00,B,9,4,1,783,10.0,925.8,6,945.22
2026-01-11 09:00:00,C,9,4,1,1031,10.0,1246.0,4,1177.74
2026-01-11 09:00:00,D,9,4,1,1078,10.0,1038.23,4,1149.88
2026-01-11 10:00:00,A,10,4,0,801,10.0,922.53,5,796.62
2026-01-11 10:00:00,B,10,4,0,550,10.0,638.49,6,484.49
2026-01-11 10:00:00,C,10,4,0,665,10.0,739.98,4,702.2
2026-01-11 10:00:00,D,10,4,0,579,14.46,767.64,4,658.41
2026-01-11 11:00:00,A,11,4,0,606,10.0,681.33,5,696.23
2026-01-11 11:00:00,B,11,4,0,419,15.18,510.96,6,482.79
2026-01-11 11:00:00,C,11,4,0,676,10.0,713.71,4,699.94
2026-01-11 11:00:00,D,11,4,0,588,34.43,614.69,4,650.05
2026-01-11 12:00:00,A,12,4,0,546,10.0,606.45,5,571.14
2026-01-11 12:00:00,B,12,4,0,405,10.0,512.58,6,520.86
2026-01-11 12:00:00,C,12,4,0,431,10.0,613.96,4,610.51
2026-01-11 12:00:00,D,12,4,0,545,15.93,538.93,4,552.74
2026-01-11 13:00:00,A,13,4,0,612,14.8,532.41,5,510.77
2026-01-11 13:00:00,B,13,4,0,440,10.0,472.48,6,429.03
2026-01-11 13:00:00,C,13,4,0,498,10.0,507.21,4,460.88
2026-01-11 13:00:00,D,13,4,0,456,14.28,582.43,4,514.52
2026-01-11 14:00:00,A,14,4,0,403,10.0,494.46,5,555.87
2026-01-11 14:00:00,B,14,4,0,340,13.46,346.9,6,261.93
2026-01-11 14:00:00,C,14,4,0,344,10.0,413.37,4,458.67
2026-01-11 14:00:00,D,14,4,0,333,10.0,425.02,4,351.75
2026-01-11 15:00:00,A,15,4,0,442,10.0,491.22,5,349.32
2026-01-11 15:00:00,B,15,4,0,250,28.18,325.87,6,326.9
2026-01-11 15:00:00,C,15,4,0,417,10.0,502.09,4,359.1
2026-01-11 15:00:00,D,15,4,0,418,10.0,473.26,4,378.24
2026-01-11 16:00:00,A,16,4,1,619,10.0,543.04,5,698.98
2026-01-11 16:00:00,B,16,4,1,385,10.0,439.39,6,640.08
2026-01-11 16:00:00,C,16,4,1,449,17.35,530.89,4,701.51
2026-01-11 16:00:00,D,16,4,1,413,10.0,637.05,4,631.45
2026-01-11 17:00:00,A,17,4,1,512,21.66,631.32,5,633.35
2026-01-11 17:00:00,B,17,4,1,377,10.0,368.01,6,490.66
2026-01-11 17:00:00,C,17,4,1,379,10.19,476.86,4,542.39
2026-01-11 17:00:00,D,17,4,1,424,10.0,552.79,4,601.17
2026-01-11 18:00:00,A,18,4,1,558,10.0,536.78,5,673.72
2026-01-11 18:00:00,B,18,4,1,316,10.0,456.18,6,507.11
2026-01-11 18:00:00,C,18,4,1,489,10.0,546.26,4,576.06
2026-01-11 18:00:00,D,18,4,1,390,10.0,521.36,4,574.04
2026-01-11 19:00:00,A,19,4,1,513,24.81,498.84,5,654.48
2026-01-11 19:00:00,B,19,4,1,308,10.33,454.67,6,517.87
2026-01-11 19:00:00,C,19,4,1,426,10.0,482.58,4,623.15
2026-01-11 19:00:00,D,19,4,1,410,10.0,518.97,4,593.27
2026-01-11 20:00:00,A,20,4,0,342,10.0,400.78,5,388.73
2026-01-11 20:00:00,B,20,4,0,243,10.0,357.09,6,301.54
2026-01-11 20:00:00,C,20,4,0,390,10.0,416.55,4,431.29
2026-01-11 20:00:00,D,20,4,0,286,10.0,345.03,4,441.16
2026-01-11 21:00:00,A,21,4,0,473,10.0,546.35,5,446.13
2026-01-11 21:00:00,B,21,4,0,307,10.0,311.63,6,285.82
2026-01-11 21:00:00,C,21,4,0,319,10.0,434.77,4,398.09
2026-01-11 21:00:00,D,21,4,0,413,10.65,478.27,4,435.63
2026-01-11 22:00:00,A,22,4,0,509,10.0,454.88,5,490.99
2026-01-11 22:00:00,B,22,4,0,400,10.0,380.65,6,324.56
2026-01-11 22:00:00,C,22,4,0,412,17.84,480.91,4,465.71
2026-01-11 22:00:00,D,22,4,0,485,10.0,497.86,4,496.55
2026-01-11 23:00:00,A,23,4,0,466,17.44,695.2,5,528.29
2026-01-11 23:00:00,B,23,4,0,340,10.0,465.75,6,325.33
2026-01-11 23:00:00,C,23,4,0,521,10.0,460.52,4,515.85
2026-01-11 23:00:00,D,23,4,0,521,10.0,553.43,4,475.66
2026-01-12 00:00:00,A,0,5,0,660,10.0,738.97,5,655.07
2026-01-12 00:00:00,B,0,5,0,427,10.0,487.98,6,473.25
2026-01-12 00:00:00,C,0,5,0,530,10.0,627.3,4,561.04
2026-01-12 00:00:00,D,0,5,0,484,10.0,611.94,4,528.78
2026-01-12 01:00:00,A,1,5,0,708,10.0,714.96,5,683.1
2026-01-12 01:00:00,B,1,5,0,514,10.0,498.6,6,458.06
2026-01-12 01:00:00,C,1,5,0,634,10.0,653.26,4,615.41
2026-01-12 01:00:00,D,1,5,0,637,10.0,714.16,4,576.69
2026-01-12 02:00:00,A,2,5,0,748,12.52,798.82,5,697.38
2026-01-12 02:00:00,B,2,5,0,598,10.0,591.71,6,600.46
2026-01-12 02:00:00,C,2,5,0,624,10.0,837.09,4,680.6
2026-01-12 02:00:00,D,2,5,0,572,10.0,753.04,4,716.89
2026-01-12 03:00:00,A,3,5,0,721,13.43,729.63,5,735.43
2026-01-12 03:00:00,B,3,5,0,612,23.25,605.14,6,625.74
2026-01-12 03:00:00,C,3,5,0,631,10.0,899.33,4,671.69
2026-01-12 03:00:00,D,3,5,0,586,10.0,854.09,4,717.43
2026-01-12 04:00:00,A,4,5,0,848,10.0,972.06,5,843.82
2026-01-12 04:00:00,B,4,5,0,514,14.91,572.17,6,615.24
2026-01-12 04:00:00,C,4,5,0,578,10.0,944.7,4,748.23
2026-01-12 04:00:00,D,4,5,0,588,10.0,888.5,4,789.39
2026-01-12 05:00:00,A,5,5,0,719,10.0,1000.92,5,871.89
2026-01-12 05:00:00,B,5,5,0,642,10.0,700.48,6,624.73
2026-01-12 05:00:00,C,5,5,0,763,11.7,930.41,4,763.08
2026-01-12 05:00:00,D,5,5,0,714,10.0,708.87,4,762.21
2026-01-12 06:00:00,A,6,5,0,898,11.97,1045.85,5,876.94
2026-01-12 06:00:00,B,6,5,0,681,28.64,592.98,6,691.72
2026-01-12 06:00:00,C,6,5,0,595,10.0,843.67,4,833.02
2026-01-12 06:00:00,D,6,5,0,792,10.0,722.46,4,757.62
2026-01-12 07:00:00,A,7,5,1,1135,10.0,1499.74,5,1358.13
2026-01-12 07:00:00,B,7,5,1,804,10.0,881.24,6,951.44
2026-01-12 07:00:00,C,7,5,1,1195,17.73,1322.31,4,1168.74
2026-01-12 07:00:00,D,7,5,1,830,16.3,1348.22,4,1202.32
2026-01-12 08:00:00,A,8,5,1,987,10.0,1178.77,5,1338.31
2026-01-12 08:00:00,B,8,5,1,735,10.0,877.89,6,904.25
2026-01-12 08:00:00,C,8,5,1,835,10.0,1269.5,4,1272.48
2026-01-12 08:00:00,D,8,5,1,890,10.0,1197.12,4,1141.74
2026-01-12 09:00:00,A,9,5,1,854,26.6,1384.11,5,1222.94
2026-01-12 09:00:00,B,9,5,1,803,13.27,1035.24,6,1008.99
2026-01-12 09:00:00,C,9,5,1,1004,12.87,936.71,4,1130.84
2026-01-12 09:00:00,D,9,5,1,777,17.27,1176.0,4,1019.54
2026-01-12 10:00:00,A,10,5,0,819,10.0,874.02,5,802.98
2026-01-12 10:00:00,B,10,5,0,538,10.0,563.45,6,436.55
2026-01-12 10:00:00,C,10,5,0,571,10.0,819.41,4,701.23
2026-01-12 10:00:00,D,10,5,0,622,10.0,712.52,4,687.45
2026-01-12 11:00:00,A,11,5,0,708,10.0,630.8,5,815.46
2026-01-12 11:00:00,B,11,5,0,513,13.34,486.42,6,511.74
2026-01-12 11:00:00,C,11,5,0,557,10.0,682.18,4,589.31
2026-01-12 11:00:00,D,11,5,0,486,10.0,736.59,4,672.03
2026-01-12 12:00:00,A,12,5,0,619,10.0,720.2,5,607.03
2026-01-12 12:00:00,B,12,5,0,383,10.0,523.41,6,430.08
2026-01-12 12:00:00,C,12,5,0,527,10.0,641.01,4,572.53
2026-01-12 12:00:00,D,12,5,0,558,10.0,564.4,4,554.91
2026-01-12 13:00:00,A,13,5,0,479,13.15,563.73,5,529.05
2026-01-12 13:00:00,B,13,5,0,440,10.0,483.23,6,482.78
2026-01-12 13:00:00,C,13,5,0,522,24.16,506.1,4,499.57
2026-01-12 13:00:00,D,13,5,0,377,10.0,448.16,4,496.02
2026-01-12 14:00:00,A,14,5,0,499,10.0,564.05,5,492.03
2026-01-12 14:00:00,B,14,5,0,390,10.0,383.18,6,302.6
2026-01-12 14:00:00,C,14,5,0,432,10.0,546.46,4,421.23
2026-01-12 14:00:00,D,14,5,0,473,10.0,416.62,4,434.28
2026-01-12 15:00:00,A,15,5,0,352,10.78,445.36,5,411.19
2026-01-12 15:00:00,B,15,5,0,296,10.0,384.52,6,335.58
2026-01-12 15:00:00,C,15,5,0,337,10.0,483.09,4,438.64
2026-01-12 15:00:00,D,15,5,0,411,10.0,427.31,4,344.4
2026-01-12 16:00:00,A,16,5,1,595,10.0,582.32,5,644.37
2026-01-12 16:00:00,B,16,5,1,452,10.0,523.22,6,580.57
2026-01-12 16:00:00,C,16,5,1,414,10.0,557.37,4,610.33
2026-01-12 16:00:00,D,16,5,1,487,27.17,545.0,4,554.86
2026-01-12 17:00:00,A,17,5,1,588,10.0,526.18,5,635.33
2026-01-12 17:00:00,B,17,5,1,387,10.0,430.19,6,516.76
2026-01-12 17:00:00,C,17,5,1,413,10.0,456.12,4,637.76
2026-01-12 17:00:00,D,17,5,1,485,13.65,528.08,4,559.37
2026-01-12 18:00:00,A,18,5,1,521,10.0,553.76,5,664.7
2026-01-12 18:00:00,B,18,5,1,305,10.0,363.02,6,508.97
2026-01-12 18:00:00,C,18,5,1,513,10.0,505.13,4,564.57
2026-01-12 18:00:00,D,18,5,1,488,10.0,488.12,4,540.97
2026-01-12 19:00:00,A,19,5,1,464,27.76,608.02,5,733.93
2026-01-12 19:00:00,B,19,5,1,341,29.93,451.46,6,512.55
2026-01-12 19:00:00,C,19,5,1,444,10.0,468.86,4,660.17
2026-01-12 19:00:00,D,19,5,1,411,10.0,561.57,4,623.95
2026-01-12 20:00:00,A,20,5,0,314,12.4,460.32,5,370.74
2026-01-12 20:00:00,B,20,5,0,319,10.0,298.95,6,329.62
2026-01-12 20:00:00,C,20,5,0,390,10.0,423.91,4,306.01
2026-01-12 20:00:00,D,20,5,0,306,19.3,357.38,4,446.65
2026-01-12 21:00:00,A,21,5,0,352,10.0,434.97,5,431.88
2026-01-12 21:00:00,B,21,5,0,356,10.0,402.33,6,330.86
2026-01-12 21:00:00,C,21,5,0,428,10.0,476.19,4,334.78
2026-01-12 21:00:00,D,21,5,0,366,13.48,384.99,4,419.12
2026-01-12 22:00:00,A,22,5,0,508,10.0,517.97,5,573.61
2026-01-12 22:00:00,B,22,5,0,340,10.0,384.46,6,367.04
2026-01-12 22:00:00,C,22,5,0,414,10.0,515.55,4,496.02
2026-01-12 22:00:00,D,22,5,0,349,10.0,434.84,4,355.87
2026-01-12 23:00:00,A,23,5,0,603,10.0,628.26,5,592.7
2026-01-12 23:00:00,B,23,5,0,416,10.0,441.68,6,441.58
2026-01-12 23:00:00,C,23,5,0,463,10.24,603.57,4,461.05
2026-01-12 23:00:00,D,23,5,0,452,10.0,508.5,4,437.32
2026-01-13 00:00:00,A,0,6,0,469,10.0,712.17,5,610.71
2026-01-13 00:00:00,B,0,6,0,425,10.95,422.6,6,492.05
2026-01-13 00:00:00,C,0,6,0,540,10.0,556.16,4,548.82
2026-01-13 00:00:00,D,0,6,0,486,12.94,634.55,4,554.4
2026-01-13 01:00:00,A,1,6,0,597,10.0,696.9,5,727.08
2026-01-13 01:00:00,B,1,6,0,524,11.75,481.87,6,515.87
2026-01-13 01:00:00,C,1,6,0,478,10.92,662.16,4,594.1
2026-01-13 01:00:00,D,1,6,0,521,10.0,674.99,4,694.22
2026-01-13 02:00:00,A,2,6,0,694,10.0,866.63,5,787.79
2026-01-13 02:00:00,B,2,6,0,583,10.0,640.38,6,573.65
2026-01-13 02:00:00,C,2,6,0,630,10.0,717.44,4,616.34
2026-01-13 02:00:00,D,2,6,0,577,16.68,679.6,4,588.83
2026-01-13 03:00:00,A,3,6,0,842,10.0,789.28,5,862.75
2026-01-13 03:00:00,B,3,6,0,609,14.5,532.76,6,566.86
2026-01-13 03:00:00,C,3,6,0,650,10.0,722.79,4,793.74
2026-01-13 03:00:00,D,3,6,0,648,10.0,696.23,4,719.14
2026-01-13 04:00:00,A,4,6,0,668,22.35,1029.87,5,858.85
2026-01-13 04:00:00,B,4,6,0,475,20.5,616.3,6,594.13
2026-01-13 04:00:00,C,4,6,0,776,10.0,916.65,4,787.79
2026-01-13 04:00:00,D,4,6,0,716,19.99,888.82,4,764.8
2026-01-13 05:00:00,A,5,6,0,784,10.0,781.45,5,973.33
2026-01-13 05:00:00,B,5,6,0,514,10.0,762.97,6,638.31
2026-01-13 05:00:00,C,5,6,0,771,21.8,759.95,4,783.6
2026-01-13 05:00:00,D,5,6,0,658,14.16,890.92,4,688.86
2026-01-13 06:00:00,A,6,6,0,799,14.54,870.37,5,829.44
2026-01-13 06:00:00,B,6,6,0,570,10.0,654.81,6,579.8
2026-01-13 06:00:00,C,6,6,0,678,15.07,764.58,4,810.42
2026-01-13 06:00:00,D,6,6,0,839,10.0,813.79,4,816.06
2026-01-13 07:00:00,A,7,6,1,1030,17.03,1420.21,5,1275.65
2026-01-13 07:00:00,B,7,6,1,926,18.62,870.1,6,1031.89
2026-01-13 07:00:00,C,7,6,1,1009,10.0,998.7,4,1217.38
2026-01-13 07:00:00,D,7,6,1,854,10.0,1128.75,4,1286.62
2026-01-13 08:00:00,A,8,6,1,988,10.0,1487.57,5,1251.14
2026-01-13 08:00:00,B,8,6,1,826,10.0,1021.81,6,976.29
2026-01-13 08:00:00,C,8,6,1,866,10.24,1321.15,4,1167.7
2026-01-13 08:00:00,D,8,6,1,1119,10.0,1127.45,4,1184.63
2026-01-13 09:00:00,A,9,6,1,1054,10.0,1390.65,5,1226.02
2026-01-13 09:00:00,B,9,6,1,812,28.01,959.54,6,816.04
2026-01-13 09:00:00,C,9,6,1,848,20.0,1196.58,4,1176.76
2026-01-13 09:00:00,D,9,6,1,990,10.0,1039.68,4,1201.24
2026-01-13 10:00:00,A,10,6,0,626,10.0,717.32,5,796.14
2026-01-13 10:00:00,B,10,6,0,433,10.0,516.76,6,469.84
2026-01-13 10:00:00,C,10,6,0,719,10.0,819.83,4,720.52
2026-01-13 10:00:00,D,10,6,0,579,17.57,637.62,4,671.57
2026-01-13 11:00:00,A,11,6,0,635,10.0,682.92,5,737.38
2026-01-13 11:00:00,B,11,6,0,397,10.0,485.12,6,510.11
2026-01-13 11:00:00,C,11,6,0,610,11.75,611.48,4,651.58
2026-01-13 11:00:00,D,11,6,0,485,11.19,714.29,4,570.43
2026-01-13 12:00:00,A,12,6,0,515,10.0,654.09,5,584.13
2026-01-13 12:00:00,B,12,6,0,492,12.58,540.82,6,482.1
2026-01-13 12:00:00,C,12,6,0,461,10.0,523.18,4,604.07
2026-01-13 12:00:00,D,12,6,0,452,15.21,527.98,4,607.7
2026-01-13 13:00:00,A,13,6,0,424,11.17,668.62,5,586.85
2026-01-13 13:00:00,B,13,6,0,365,10.0,506.59,6,401.98
2026-01-13 13:00:00,C,13,6,0,484,17.7,553.79,4,479.53
2026-01-13 13:00:00,D,13,6,0,489,10.0,606.25,4,522.8
2026-01-13 14:00:00,A,14,6,0,462,10.0,502.25,5,470.67
2026-01-13 14:00:00,B,14,6,0,290,18.43,345.23,6,432.73
2026-01-13 14:00:00,C,14,6,0,374,15.84,490.57,4,456.05
2026-01-13 14:00:00,D,14,6,0,411,10.0,399.84,4,381.82
2026-01-13 15:00:00,A,15,6,0,400,10.0,504.65,5,388.41
2026-01-13 15:00:00,B,15,6,0,303,23.1,406.24,6,412.7
2026-01-13 15:00:00,C,15,6,0,367,10.0,385.14,4,393.76
2026-01-13 15:00:00,D,15,6,0,423,13.13,483.54,4,329.84
2026-01-13 16:00:00,A,16,6,1,455,10.0,596.08,5,688.85
2026-01-13 16:00:00,B,16,6,1,421,10.0,384.25,6,492.67
2026-01-13 16:00:00,C,16,6,1,446,10.0,496.86,4,679.45
2026-01-13 16:00:00,D,16,6,1,430,21.93,494.49,4,642.84
2026-01-13 17:00:00,A,17,6,1,543,10.0,537.52,5,710.31
2026-01-13 17:00:00,B,17,6,1,301,14.07,412.99,6,608.58
2026-01-13 17:00:00,C,17,6,1,471,10.0,448.08,4,602.89
2026-01-13 17:00:00,D,17,6,1,481,10.0,525.89,4,523.38
2026-01-13 18:00:00,A,18,6,1,416,10.0,608.27,5,736.32
2026-01-13 18:00:00,B,18,6,1,391,10.0,349.87,6,620.73
2026-01-13 18:00:00,C,18,6,1,391,15.07,470.4,4,649.35
2026-01-13 18:00:00,D,18,6,1,364,19.79,473.53,4,601.2
2026-01-13 19:00:00,A,19,6,1,497,10.0,573.35,5,593.1
2026-01-13 19:00:00,B,19,6,1,418,10.0,422.39,6,534.54
2026-01-13 19:00:00,C,19,6,1,431,10.0,602.65,4,558.78
2026-01-13 19:00:00,D,19,6,1,447,10.0,516.83,4,609.02
2026-01-13 20:00:00,A,20,6,0,398,13.29,498.18,5,374.62
2026-01-13 20:00:00,B,20,6,0,243,10.0,360.81,6,266.01
2026-01-13 20:00:00,C,20,6,0,315,10.0,338.38,4,419.43
2026-01-13 20:00:00,D,20,6,0,317,15.61,434.7,4,289.45
2026-01-13 21:00:00,A,21,6,0,464,10.0,449.95,5,505.67
2026-01-13 21:00:00,B,21,6,0,294,13.08,349.01,6,289.2
2026-01-13 21:00:00,C,21,6,0,374,20.43,413.53,4,462.71
2026-01-13 21:00:00,D,21,6,0,297,10.0,378.96,4,386.68
2026-01-13 22:00:00,A,22,6,0,429,10.0,607.48,5,501.93
2026-01-13 22:00:00,B,22,6,0,398,22.12,411.4,6,327.96
2026-01-13 22:00:00,C,22,6,0,484,24.14,445.49,4,487.59
2026-01-13 22:00:00,D,22,6,0,480,10.0,531.02,4,500.3
2026-01-13 23:00:00,A,23,6,0,585,10.0,689.44,5,553.59
2026-01-13 23:00:00,B,23,6,0,386,16.35,443.1,6,287.6
2026-01-13 23:00:00,C,23,6,0,455,10.0,590.21,4,507.09
2026-01-13 23:00:00,D,23,6,0,450,10.0,597.17,4,488.13
2026-01-14 00:00:00,A,0,7,0,570,27.14,701.13,5,496.56
2026-01-14 00:00:00,B,0,7,0,373,10.0,498.58,6,406.36
2026-01-14 00:00:00,C,0,7,0,578,10.0,663.71,4,530.88
2026-01-14 00:00:00,D,0,7,0,405,10.0,507.06,4,442.19
2026-01-14 01:00:00,A,1,7,0,556,39.92,811.26,5,670.76
2026-01-14 01:00:00,B,1,7,0,420,26.06,531.6,6,486.8
2026-01-14 01:00:00,C,1,7,0,640,10.0,651.58,4,595.46
2026-01-14 01:00:00,D,1,7,0,507,10.0,704.1,4,620.12
2026-01-14 02:00:00,A,2,7,0,552,10.82,797.63,5,732.46
2026-01-14 02:00:00,B,2,7,0,409,20.02,596.06,6,561.28
2026-01-14 02:00:00,C,2,7,0,641,10.0,637.94,4,633.6
2026-01-14 02:00:00,D,2,7,0,679,10.0,762.92,4,602.72
2026-01-14 03:00:00,A,3,7,0,630,10.0,697.77,5,733.64
2026-01-14 03:00:00,B,3,7,0,572,15.09,609.11,6,591.39
2026-01-14 03:00:00,C,3,7,0,762,10.0,746.06,4,722.32
2026-01-14 03:00:00,D,3,7,0,628,11.68,813.8,4,686.86
2026-01-14 04:00:00,A,4,7,0,875,10.0,912.51,5,732.69
2026-01-14 04:00:00,B,4,7,0,576,16.68,643.13,6,589.8
2026-01-14 04:00:00,C,4,7,0,665,10.0,847.94,4,738.02
2026-01-14 04:00:00,D,4,7,0,595,10.0,858.92,4,688.23
2026-01-14 05:00:00,A,5,7,0,702,10.0,960.43,5,867.25
2026-01-14 05:00:00,B,5,7,0,495,10.0,554.28,6,526.81
2026-01-14 05:00:00,C,5,7,0,785,11.02,923.56,4,729.56
2026-01-14 05:00:00,D,5,7,0,758,10.0,850.21,4,766.86
2026-01-14 06:00:00,A,6,7,0,816,15.81,880.22,5,845.83
2026-01-14 06:00:00,B,6,7,0,591,10.0,699.04,6,593.78
2026-01-14 06:00:00,C,6,7,0,663,10.0,883.44,4,655.86
2026-01-14 06:00:00,D,6,7,0,779,10.0,901.88,4,726.5
2026-01-14 07:00:00,A,7,7,1,1197,28.54,1478.93,5,1262.69
2026-01-14 07:00:00,B,7,7,1,664,22.83,1017.36,6,957.96
2026-01-14 07:00:00,C,7,7,1,1063,11.11,1054.06,4,1202.26
2026-01-14 07:00:00,D,7,7,1,915,15.0,1239.28,4,1135.54
2026-01-14 08:00:00,A,8,7,1,1233,10.0,1340.76,5,1268.76
2026-01-14 08:00:00,B,8,7,1,865,10.0,933.1,6,1007.6
2026-01-14 08:00:00,C,8,7,1,922,36.94,1123.02,4,1169.96
2026-01-14 08:00:00,D,8,7,1,889,12.61,1029.15,4,1181.62
2026-01-14 09:00:00,A,9,7,1,1191,19.44,1169.24,5,1212.29
2026-01-14 09:00:00,B,9,7,1,743,27.74,771.86,6,889.88
2026-01-14 09:00:00,C,9,7,1,1084,17.34,1194.88,4,1013.55
2026-01-14 09:00:00,D,9,7,1,959,10.0,957.82,4,1104.8
2026-01-14 10:00:00,A,10,7,0,617,10.0,668.05,5,794.64
2026-01-14 10:00:00,B,10,7,0,400,18.28,537.8,6,543.12
2026-01-14 10:00:00,C,10,7,0,585,15.89,660.44,4,611.99
2026-01-14 10:00:00,D,10,7,0,680,10.0,734.78,4,608.77
2026-01-14 11:00:00,A,11,7,0,538,25.62,617.93,5,643.94
2026-01-14 11:00:00,B,11,7,0,384,15.33,530.96,6,474.62
2026-01-14 11:00:00,C,11,7,0,635,10.0,645.37,4,581.09
2026-01-14 11:00:00,D,11,7,0,575,10.0,623.01,4,622.58
2026-01-14 12:00:00,A,12,7,0,583,27.5,747.48,5,580.4
2026-01-14 12:00:00,B,12,7,0,331,10.0,545.65,6,439.13
2026-01-14 12:00:00,C,12,7,0,501,10.0,526.06,4,507.24
2026-01-14 12:00:00,D,12,7,0,428,13.29,518.93,4,540.93
2026-01-14 13:00:00,A,13,7,0,522,10.0,565.4,5,502.96
2026-01-14 13:00:00,B,13,7,0,348,16.79,455.13,6,341.18
2026-01-14 13:00:00,C,13,7,0,402,10.0,585.32,4,511.44
2026-01-14 13:00:00,D,13,7,0,369,10.0,456.35,4,480.72
2026-01-14 14:00:00,A,14,7,0,508,10.0,461.57,5,420.74
2026-01-14 14:00:00,B,14,7,0,360,10.0,341.78,6,358.9
2026-01-14 14:00:00,C,14,7,0,426,10.0,487.48,4,493.51
2026-01-14 14:00:00,D,14,7,0,444,10.0,397.57,4,493.2
2026-01-14 15:00:00,A,15,7,0,422,19.0,409.06,5,425.64
2026-01-14 15:00:00,B,15,7,0,344,10.0,319.79,6,361.02
2026-01-14 15:00:00,C,15,7,0,410,10.0,461.39,4,371.58
2026-01-14 15:00:00,D,15,7,0,339,21.46,469.05,4,421.07
2026-01-14 16:00:00,A,16,7,1,488,10.0,567.41,5,681.96
2026-01-14 16:00:00,B,16,7,1,323,10.0,380.26,6,507.35
2026-01-14 16:00:00,C,16,7,1,539,11.2,560.92,4,604.56
2026-01-14 16:00:00,D,16,7,1,395,13.06,583.47,4,550.39
2026-01-14 17:00:00,A,17,7,1,569,11.22,502.15,5,596.68
2026-01-14 17:00:00,B,17,7,1,329,10.0,448.75,6,464.96
2026-01-14 17:00:00,C,17,7,1,407,10.83,536.0,4,534.05
2026-01-14 17:00:00,D,17,7,1,452,12.96,473.76,4,577.41
2026-01-14 18:00:00,A,18,7,1,405,10.0,592.58,5,600.39
2026-01-14 18:00:00,B,18,7,1,290,10.0,376.88,6,542.89
2026-01-14 18:00:00,C,18,7,1,460,10.0,544.5,4,632.37
2026-01-14 18:00:00,D,18,7,1,497,23.22,483.16,4,556.24
2026-01-14 19:00:00,A,19,7,1,490,10.0,510.1,5,680.43
2026-01-14 19:00:00,B,19,7,1,398,14.77,426.87,6,552.56
2026-01-14 19:00:00,C,19,7,1,518,10.0,576.19,4,601.48
2026-01-14 19:00:00,D,19,7,1,410,10.0,490.51,4,556.61
2026-01-14 20:00:00,A,20,7,0,331,10.0,411.6,5,438.93
2026-01-14 20:00:00,B,20,7,0,287,12.2,327.1,6,289.2
2026-01-14 20:00:00,C,20,7,0,366,16.86,406.0,4,302.38
2026-01-14 20:00:00,D,20,7,0,358,32.7,317.87,4,298.88
2026-01-14 21:00:00,A,21,7,0,350,10.0,467.8,5,441.43
2026-01-14 21:00:00,B,21,7,0,250,10.0,368.65,6,360.51
2026-01-14 21:00:00,C,21,7,0,347,10.0,458.64,4,404.87
2026-01-14 21:00:00,D,21,7,0,406,11.92,449.18,4,433.46
2026-01-14 22:00:00,A,22,7,0,513,10.0,444.11,5,486.8
2026-01-14 22:00:00,B,22,7,0,345,10.0,389.69,6,380.15
2026-01-14 22:00:00,C,22,7,0,461,11.83,478.26,4,421.02
2026-01-14 22:00:00,D,22,7,0,359,10.0,424.89,4,427.86
2026-01-14 23:00:00,A,23,7,0,438,10.0,525.8,5,555.83
2026-01-14 23:00:00,B,23,7,0,349,10.0,368.99,6,351.44
2026-01-14 23:00:00,C,23,7,0,481,10.1,559.02,4,604.83
2026-01-14 23:00:00,D,23,7,0,432,10.0,499.28,4,433.52
2026-01-15 00:00:00,A,0,1,0,528,10.0,704.96,5,630.25
2026-01-15 00:00:00,B,0,1,0,334,10.0,539.74,6,484.27
2026-01-15 00:00:00,C,0,1,0,466,10.0,675.15,4,518.42
2026-01-15 00:00:00,D,0,1,0,401,10.0,618.15,4,559.85
2026-01-15 01:00:00,A,1,1,0,646,13.3,691.89,5,604.88
2026-01-15 01:00:00,B,1,1,0,365,12.21,528.4,6,488.16
2026-01-15 01:00:00,C,1,1,0,469,10.0,575.73,4,616.23
2026-01-15 01:00:00,D,1,1,0,572,10.0,624.56,4,527.21
2026-01-15 02:00:00,A,2,1,0,602,10.0,843.87,5,761.8
2026-01-15 02:00:00,B,2,1,0,516,16.05,643.04,6,432.16
2026-01-15 02:00:00,C,2,1,0,493,10.0,735.77,4,630.12
2026-01-15 02:00:00,D,2,1,0,670,10.0,589.15,4,688.29
2026-01-15 03:00:00,A,3,1,0,689,23.25,795.9,5,778.73
2026-01-15 03:00:00,B,3,1,0,498,10.0,667.57,6,546.76
2026-01-15 03:00:00,C,3,1,0,603,10.0,860.8,4,678.87
2026-01-15 03:00:00,D,3,1,0,730,10.0,629.87,4,738.39
2026-01-15 04:00:00,A,4,1,0,670,10.0,792.41,5,843.71
2026-01-15 04:00:00,B,4,1,0,618,10.0,675.46,6,618.67
2026-01-15 04:00:00,C,4,1,0,698,10.0,830.59,4,767.04
2026-01-15 04:00:00,D,4,1,0,672,10.0,809.39,4,689.46
2026-01-15 05:00:00,A,5,1,0,839,10.0,901.29,5,834.53
2026-01-15 05:00:00,B,5,1,0,458,10.0,615.15,6,562.17
2026-01-15 05:00:00,C,5,1,0,771,10.0,743.2,4,740.53
2026-01-15 05:00:00,D,5,1,0,733,10.0,864.9,4,722.29
2026-01-15 06:00:00,A,6,1,0,832,10.0,774.17,5,838.82
2026-01-15 06:00:00,B,6,1,0,462,10.99,685.16,6,623.32
2026-01-15 06:00:00,C,6,1,0,698,10.0,902.32,4,764.62
2026-01-15 06:00:00,D,6,1,0,745,10.0,711.81,4,794.14
2026-01-15 07:00:00,A,7,1,1,1242,10.0,1115.8,5,1323.01
2026-01-15 07:00:00,B,7,1,1,720,25.64,1079.96,6,972.93
2026-01-15 07:00:00,C,7,1,1,882,20.0,1134.3,4,1164.94
2026-01-15 07:00:00,D,7,1,1,1000,19.92,1310.74,4,1222.12
2026-01-15 08:00:00,A,8,1,1,1102,10.0,1381.54,5,1301.81
2026-01-15 08:00:00,B,8,1,1,921,25.95,760.12,6,969.12
2026-01-15 08:00:00,C,8,1,1,826,22.09,1204.91,4,1215.16
2026-01-15 08:00:00,D,8,1,1,1009,20.06,1166.28,4,1102.63
2026-01-15 09:00:00,A,9,1,1,909,14.73,1270.44,5,1236.98
2026-01-15 09:00:00,B,9,1,1,837,10.0,841.17,6,911.4
2026-01-15 09:00:00,C,9,1,1,912,10.47,1104.99,4,1127.74
2026-01-15 09:00:00,D,9,1,1,745,10.0,968.08,4,1077.34
2026-01-15 10:00:00,A,10,1,0,687,10.0,811.3,5,702.39
2026-01-15 10:00:00,B,10,1,0,457,10.0,622.61,6,580.27
2026-01-15 10:00:00,C,10,1,0,576,29.06,723.37,4,665.89
2026-01-15 10:00:00,D,10,1,0,579,10.12,610.6,4,634.96
2026-01-15 11:00:00,A,11,1,0,650,10.0,770.97,5,593.3
2026-01-15 11:00:00,B,11,1,0,470,10.0,548.34,6,534.17
2026-01-15 11:00:00,C,11,1,0,503,26.95,665.93,4,618.05
2026-01-15 11:00:00,D,11,1,0,476,10.0,609.86,4,577.41
2026-01-15 12:00:00,A,12,1,0,560,12.45,700.81,5,647.31
2026-01-15 12:00:00,B,12,1,0,455,10.0,459.15,6,424.82
2026-01-15 12:00:00,C,12,1,0,545,10.0,657.13,4,520.05
2026-01-15 12:00:00,D,12,1,0,464,11.12,646.13,4,543.36
2026-01-15 13:00:00,A,13,1,0,409,10.0,537.46,5,497.03
2026-01-15 13:00:00,B,13,1,0,394,10.0,420.68,6,428.98
2026-01-15 13:00:00,C,13,1,0,477,21.81,455.77,4,519.35
2026-01-15 13:00:00,D,13,1,0,488,17.05,480.67,4,399.0
2026-01-15 14:00:00,A,14,1,0,515,19.31,542.17,5,499.35
2026-01-15 14:00:00,B,14,1,0,374,10.0,416.01,6,365.02
2026-01-15 14:00:00,C,14,1,0,418,24.04,419.48,4,415.02
2026-01-15 14:00:00,D,14,1,0,465,10.0,454.22,4,419.68
2026-01-15 15:00:00,A,15,1,0,376,10.0,405.49,5,367.67
2026-01-15 15:00:00,B,15,1,0,311,10.0,316.37,6,285.58
2026-01-15 15:00:00,C,15,1,0,334,10.0,443.95,4,436.74
2026-01-15 15:00:00,D,15,1,0,393,10.0,446.92,4,350.83
2026-01-15 16:00:00,A,16,1,1,427,24.8,526.49,5,654.72
2026-01-15 16:00:00,B,16,1,1,415,10.0,465.63,6,497.66
2026-01-15 16:00:00,C,16,1,1,442,10.0,621.69,4,615.73
2026-01-15 16:00:00,D,16,1,1,430,10.0,588.78,4,592.36
2026-01-15 17:00:00,A,17,1,1,563,14.71,605.77,5,649.55
2026-01-15 17:00:00,B,17,1,1,389,19.63,476.68,6,485.29
2026-01-15 17:00:00,C,17,1,1,415,14.24,483.15,4,626.09
2026-01-15 17:00:00,D,17,1,1,496,10.0,469.63,4,594.58
2026-01-15 18:00:00,A,18,1,1,512,10.0,466.32,5,551.61
2026-01-15 18:00:00,B,18,1,1,346,10.0,466.7,6,427.0
2026-01-15 18:00:00,C,18,1,1,501,10.0,519.33,4,505.06
2026-01-15 18:00:00,D,18,1,1,473,10.0,434.91,4,568.64
2026-01-15 19:00:00,A,19,1,1,503,10.0,516.94,5,592.73
2026-01-15 19:00:00,B,19,1,1,405,10.0,460.57,6,490.23
2026-01-15 19:00:00,C,19,1,1,480,10.0,477.41,4,613.05
2026-01-15 19:00:00,D,19,1,1,460,16.02,460.53,4,626.26
2026-01-15 20:00:00,A,20,1,0,391,24.65,394.59,5,299.49
2026-01-15 20:00:00,B,20,1,0,288,10.0,284.09,6,239.23
2026-01-15 20:00:00,C,20,1,0,369,24.81,426.04,4,357.24
2026-01-15 20:00:00,D,20,1,0,377,10.0,379.11,4,327.27
2026-01-15 21:00:00,A,21,1,0,400,10.0,408.36,5,407.87
2026-01-15 21:00:00,B,21,1,0,283,10.0,288.07,6,291.75
2026-01-15 21:00:00,C,21,1,0,366,21.45,400.78,4,487.45
2026-01-15 21:00:00,D,21,1,0,391,28.82,425.34,4,304.61
2026-01-15 22:00:00,A,22,1,0,505,10.0,482.27,5,379.58
2026-01-15 22:00:00,B,22,1,0,315,10.0,335.9,6,447.95
2026-01-15 22:00:00,C,22,1,0,427,10.0,411.43,4,469.62
2026-01-15 22:00:00,D,22,1,0,389,10.0,395.15,4,421.0
2026-01-15 23:00:00,A,23,1,0,435,19.37,496.72,5,539.63
2026-01-15 23:00:00,B,23,1,0,317,10.0,402.27,6,424.78
2026-01-15 23:00:00,C,23,1,0,473,11.27,504.73,4,486.54
2026-01-15 23:00:00,D,23,1,0,498,10.0,576.52,4,451.49
2026-01-16 00:00:00,A,0,2,0,568,18.88,684.7,5,630.36
2026-01-16 00:00:00,B,0,2,0,373,10.0,524.94,6,498.67
2026-01-16 00:00:00,C,0,2,0,532,10.0,685.48,4,487.81
2026-01-16 00:00:00,D,0,2,0,564,10.0,536.8,4,553.32
2026-01-16 01:00:00,A,1,2,0,540,10.0,694.17,5,703.75
2026-01-16 01:00:00,B,1,2,0,458,10.32,525.27,6,550.35
2026-01-16 01:00:00,C,1,2,0,625,10.0,651.71,4,594.21
2026-01-16 01:00:00,D,1,2,0,606,10.0,616.72,4,532.48
2026-01-16 02:00:00,A,2,2,0,733,10.0,824.68,5,741.81
2026-01-16 02:00:00,B,2,2,0,429,10.0,609.6,6,561.16
2026-01-16 02:00:00,C,2,2,0,566,10.0,660.33,4,634.05
2026-01-16 02:00:00,D,2,2,0,615,10.0,658.6,4,731.22
2026-01-16 03:00:00,A,3,2,0,609,10.0,922.31,5,883.56
2026-01-16 03:00:00,B,3,2,0,474,10.0,588.73,6,673.37
2026-01-16 03:00:00,C,3,2,0,717,10.0,700.21,4,741.71
2026-01-16 03:00:00,D,3,2,0,701,21.37,740.7,4,767.3
2026-01-16 04:00:00,A,4,2,0,922,11.79,995.44,5,851.3
2026-01-16 04:00:00,B,4,2,0,541,10.0,712.04,6,656.96
2026-01-16 04:00:00,C,4,2,0,657,20.38,937.41,4,761.68
2026-01-16 04:00:00,D,4,2,0,662,10.0,725.38,4,870.24
2026-01-16 05:00:00,A,5,2,0,673,10.0,784.97,5,884.41
2026-01-16 05:00:00,B,5,2,0,517,16.39,611.11,6,554.69
2026-01-16 05:00:00,C,5,2,0,646,10.0,765.25,4,748.94
2026-01-16 05:00:00,D,5,2,0,761,10.0,860.66,4,729.23
2026-01-16 06:00:00,A,6,2,0,816,10.0,846.48,5,846.82
2026-01-16 06:00:00,B,6,2,0,489,10.0,689.35,6,596.81
2026-01-16 06:00:00,C,6,2,0,714,10.0,825.45,4,788.87
2026-01-16 06:00:00,D,6,2,0,600,10.0,853.74,4,792.01
2026-01-16 07:00:00,A,7,2,1,1201,27.72,1427.97,5,1273.74
2026-01-16 07:00:00,B,7,2,1,870,10.0,951.71,6,1040.4
2026-01-16 07:00:00,C,7,2,1,855,12.71,999.14,4,1256.43
2026-01-16 07:00:00,D,7,2,1,1173,17.43,981.48,4,1165.72
2026-01-16 08:00:00,A,8,2,1,1264,28.53,1165.59,5,1371.4
2026-01-16 08:00:00,B,8,2,1,827,10.0,873.75,6,1041.86
2026-01-16 08:00:00,C,8,2,1,997,27.02,1333.21,4,1272.33
2026-01-16 08:00:00,D,8,2,1,1001,17.44,1175.92,4,1148.04
2026-01-16 09:00:00,A,9,2,1,1225,10.0,1251.46,5,1229.19
2026-01-16 09:00:00,B,9,2,1,786,10.0,860.03,6,958.96
2026-01-16 09:00:00,C,9,2,1,1031,10.0,943.32,4,1071.11
2026-01-16 09:00:00,D,9,2,1,1038,10.0,1219.42,4,1170.75
2026-01-16 10:00:00,A,10,2,0,807,11.88,801.68,5,713.57
2026-01-16 10:00:00,B,10,2,0,501,27.23,521.35,6,561.76
2026-01-16 10:00:00,C,10,2,0,690,10.0,727.89,4,662.19
2026-01-16 10:00:00,D,10,2,0,571,10.0,626.94,4,732.12
2026-01-16 11:00:00,A,11,2,0,656,16.51,829.06,5,655.17
2026-01-16 11:00:00,B,11,2,0,549,10.0,606.36,6,542.75
2026-01-16 11:00:00,C,11,2,0,636,10.0,569.11,4,683.46
2026-01-16 11:00:00,D,11,2,0,582,10.0,570.7,4,643.62
2026-01-16 12:00:00,A,12,2,0,656,10.0,717.95,5,731.97
2026-01-16 12:00:00,B,12,2,0,363,10.0,553.27,6,501.0
2026-01-16 12:00:00,C,12,2,0,460,14.23,597.28,4,499.46
2026-01-16 12:00:00,D,12,2,0,606,10.0,555.71,4,580.65
2026-01-16 13:00:00,A,13,2,0,504,10.0,519.22,5,527.42
2026-01-16 13:00:00,B,13,2,0,316,17.01,508.82,6,501.75
2026-01-16 13:00:00,C,13,2,0,476,16.57,580.8,4,444.34
2026-01-16 13:00:00,D,13,2,0,529,10.0,454.01,4,445.28
2026-01-16 14:00:00,A,14,2,0,441,13.22,488.25,5,539.26
2026-01-16 14:00:00,B,14,2,0,323,10.0,440.71,6,314.58
2026-01-16 14:00:00,C,14,2,0,413,10.0,436.18,4,372.85
2026-01-16 14:00:00,D,14,2,0,350,10.0,443.29,4,457.82
2026-01-16 15:00:00,A,15,2,0,399,10.0,525.4,5,394.55
2026-01-16 15:00:00,B,15,2,0,290,15.33,346.78,6,330.57
2026-01-16 15:00:00,C,15,2,0,378,10.0,394.97,4,422.65
2026-01-16 15:00:00,D,15,2,0,319,31.66,437.67,4,319.99
2026-01-16 16:00:00,A,16,2,1,533,34.41,538.7,5,690.76
2026-01-16 16:00:00,B,16,2,1,428,11.35,396.67,6,565.41
2026-01-16 16:00:00,C,16,2,1,536,10.0,546.74,4,614.09
2026-01-16 16:00:00,D,16,2,1,497,22.05,530.1,4,697.88
2026-01-16 17:00:00,A,17,2,1,431,10.0,604.13,5,747.84
2026-01-16 17:00:00,B,17,2,1,305,10.0,491.34,6,504.15
2026-01-16 17:00:00,C,17,2,1,394,15.26,521.46,4,568.16
2026-01-16 17:00:00,D,17,2,1,433,14.23,554.39,4,578.84
2026-01-16 18:00:00,A,18,2,1,418,37.4,500.62,5,661.47
2026-01-16 18:00:00,B,18,2,1,294,26.74,472.62,6,509.69
2026-01-16 18:00:00,C,18,2,1,485,10.0,480.76,4,600.26
2026-01-16 18:00:00,D,18,2,1,485,31.28,447.34,4,558.97
2026-01-16 19:00:00,A,19,2,1,518,36.75,564.97,5,702.63
2026-01-16 19:00:00,B,19,2,1,359,29.8,449.3,6,456.59
2026-01-16 19:00:00,C,19,2,1,505,14.93,449.96,4,669.37
2026-01-16 19:00:00,D,19,2,1,490,22.84,586.5,4,630.45
2026-01-16 20:00:00,A,20,2,0,400,10.0,391.81,5,390.16
2026-01-16 20:00:00,B,20,2,0,238,10.0,332.65,6,316.12
2026-01-16 20:00:00,C,20,2,0,383,10.0,408.86,4,355.94
2026-01-16 20:00:00,D,20,2,0,315,10.0,381.27,4,365.27
2026-01-16 21:00:00,A,21,2,0,471,10.0,518.82,5,437.09
2026-01-16 21:00:00,B,21,2,0,247,10.0,403.93,6,275.2
2026-01-16 21:00:00,C,21,2,0,346,10.0,375.8,4,393.26
2026-01-16 21:00:00,D,21,2,0,306,10.0,443.31,4,419.17
2026-01-16 22:00:00,A,22,2,0,481,12.18,495.78,5,522.57
2026-01-16 22:00:00,B,22,2,0,300,10.0,455.66,6,315.46
2026-01-16 22:00:00,C,22,2,0,386,10.0,501.32,4,450.14
2026-01-16 22:00:00,D,22,2,0,394,10.0,504.78,4,486.33
2026-01-16 23:00:00,A,23,2,0,486,23.64,560.83,5,543.67
2026-01-16 23:00:00,B,23,2,0,397,10.0,410.63,6,441.21
2026-01-16 23:00:00,C,23,2,0,422,10.0,457.37,4,467.23
2026-01-16 23:00:00,D,23,2,0,464,10.0,493.07,4,543.7
2026-01-17 00:00:00,A,0,3,0,529,10.0,738.72,5,615.91
2026-01-17 00:00:00,B,0,3,0,441,10.0,526.63,6,517.86
2026-01-17 00:00:00,C,0,3,0,558,13.75,533.87,4,501.32
2026-01-17 00:00:00,D,0,3,0,456,11.94,585.61,4,583.0
2026-01-17 01:00:00,A,1,3,0,755,29.05,776.48,5,814.84
2026-01-17 01:00:00,B,1,3,0,535,10.0,499.65,6,527.91
2026-01-17 01:00:00,C,1,3,0,625,10.0,768.15,4,597.93
2026-01-17 01:00:00,D,1,3,0,462,25.37,622.04,4,658.41
2026-01-17 02:00:00,A,2,3,0,571,10.0,742.4,5,680.68
2026-01-17 02:00:00,B,2,3,0,441,12.4,534.28,6,543.04
2026-01-17 02:00:00,C,2,3,0,520,10.0,631.6,4,707.16
2026-01-17 02:00:00,D,2,3,0,623,11.88,698.69,4,665.94
2026-01-17 03:00:00,A,3,3,0,831,10.0,807.25,5,763.14
2026-01-17 03:00:00,B,3,3,0,498,11.13,689.96,6,681.72
2026-01-17 03:00:00,C,3,3,0,791,10.0,745.03,4,771.0
2026-01-17 03:00:00,D,3,3,0,559,10.0,870.75,4,745.84
2026-01-17 04:00:00,A,4,3,0,865,10.0,1043.28,5,712.62
2026-01-17 04:00:00,B,4,3,0,608,15.52,735.22,6,562.07
2026-01-17 04:00:00,C,4,3,0,718,10.0,821.15,4,769.26
2026-01-17 04:00:00,D,4,3,0,703,17.86,898.38,4,754.92
2026-01-17 05:00:00,A,5,3,0,708,16.13,884.22,5,846.76
2026-01-17 05:00:00,B,5,3,0,544,14.53,716.24,6,707.65
2026-01-17 05:00:00,C,5,3,0,766,10.0,800.52,4,814.54
2026-01-17 05:00:00,D,5,3,0,679,10.0,855.66,4,846.7
2026-01-17 06:00:00,A,6,3,0,706,10.0,935.9,5,894.78
2026-01-17 06:00:00,B,6,3,0,551,10.0,762.13,6,619.8
2026-01-17 06:00:00,C,6,3,0,823,10.0,717.11,4,790.2
2026-01-17 06:00:00,D,6,3,0,794,25.89,774.4,4,787.68
2026-01-17 07:00:00,A,7,3,1,1031,10.0,1489.63,5,1266.82
2026-01-17 07:00:00,B,7,3,1,864,11.37,853.98,6,1058.63
2026-01-17 07:00:00,C,7,3,1,1169,10.0,1066.27,4,1229.59
2026-01-17 07:00:00,D,7,3,1,1047,23.39,1306.55,4,1213.29
2026-01-17 08:00:00,A,8,3,1,1191,11.84,1204.83,5,1287.99
2026-01-17 08:00:00,B,8,3,1,950,10.0,852.97,6,1015.02
2026-01-17 08:00:00,C,8,3,1,905,20.01,1287.97,4,1226.24
2026-01-17 08:00:00,D,8,3,1,801,10.0,1293.42,4,1053.06
2026-01-17 09:00:00,A,9,3,1,862,10.0,1329.61,5,1290.33
2026-01-17 09:00:00,B,9,3,1,899,29.65,978.36,6,895.02
2026-01-17 09:00:00,C,9,3,1,1070,17.21,1217.28,4,1108.24
2026-01-17 09:00:00,D,9,3,1,1072,26.72,1029.99,4,1158.64
2026-01-17 10:00:00,A,10,3,0,801,11.01,830.63,5,770.23
2026-01-17 10:00:00,B,10,3,0,572,21.31,572.31,6,712.91
2026-01-17 10:00:00,C,10,3,0,549,10.0,682.47,4,675.37
2026-01-17 10:00:00,D,10,3,0,522,10.0,772.13,4,682.98
2026-01-17 11:00:00,A,11,3,0,600,10.0,790.81,5,706.37
2026-01-17 11:00:00,B,11,3,0,396,10.0,555.25,6,556.76
2026-01-17 11:00:00,C,11,3,0,624,15.27,755.25,4,603.59
2026-01-17 11:00:00,D,11,3,0,468,16.21,605.57,4,512.28
2026-01-17 12:00:00,A,12,3,0,519,10.0,674.79,5,624.33
2026-01-17 12:00:00,B,12,3,0,493,10.0,465.54,6,522.13
2026-01-17 12:00:00,C,12,3,0,457,13.86,553.21,4,641.54
2026-01-17 12:00:00,D,12,3,0,465,10.0,513.31,4,540.19
2026-01-17 13:00:00,A,13,3,0,520,10.0,538.48,5,577.49
2026-01-17 13:00:00,B,13,3,0,386,10.0,436.64,6,420.3
2026-01-17 13:00:00,C,13,3,0,402,10.0,610.7,4,473.35
2026-01-17 13:00:00,D,13,3,0,480,15.44,566.0,4,495.67
2026-01-17 14:00:00,A,14,3,0,474,10.0,533.51,5,549.66
2026-01-17 14:00:00,B,14,3,0,336,16.73,386.09,6,404.36
2026-01-17 14:00:00,C,14,3,0,412,10.0,447.63,4,480.02
2026-01-17 14:00:00,D,14,3,0,333,18.61,407.07,4,437.72
2026-01-17 15:00:00,A,15,3,0,490,10.0,460.81,5,454.33
2026-01-17 15:00:00,B,15,3,0,254,10.0,405.93,6,367.34
2026-01-17 15:00:00,C,15,3,0,423,10.0,406.07,4,436.68
2026-01-17 15:00:00,D,15,3,0,396,10.0,440.11,4,388.58
2026-01-17 16:00:00,A,16,3,1,573,13.88,550.3,5,662.1
2026-01-17 16:00:00,B,16,3,1,435,10.0,399.0,6,504.55
2026-01-17 16:00:00,C,16,3,1,564,12.07,652.77,4,622.93
2026-01-17 16:00:00,D,16,3,1,532,10.0,591.73,4,601.72
2026-01-17 17:00:00,A,17,3,1,415,10.0,652.85,5,672.67
2026-01-17 17:00:00,B,17,3,1,354,10.0,426.09,6,545.09
2026-01-17 17:00:00,C,17,3,1,408,10.0,472.19,4,602.84
2026-01-17 17:00:00,D,17,3,1,407,10.0,522.88,4,655.61
2026-01-17 18:00:00,A,18,3,1,470,10.0,640.76,5,686.02
2026-01-17 18:00:00,B,18,3,1,357,12.33,430.36,6,475.51
2026-01-17 18:00:00,C,18,3,1,509,20.26,541.29,4,569.42
2026-01-17 18:00:00,D,18,3,1,411,10.0,478.39,4,603.15
2026-01-17 19:00:00,A,19,3,1,514,10.0,517.7,5,591.01
2026-01-17 19:00:00,B,19,3,1,352,10.0,368.14,6,495.4
2026-01-17 19:00:00,C,19,3,1,494,10.0,505.88,4,602.3
2026-01-17 19:00:00,D,19,3,1,394,10.0,534.54,4,610.39
2026-01-17 20:00:00,A,20,3,0,370,10.0,389.67,5,362.02
2026-01-17 20:00:00,B,20,3,0,234,13.23,358.23,6,258.92
2026-01-17 20:00:00,C,20,3,0,315,10.0,378.85,4,361.45
2026-01-17 20:00:00,D,20,3,0,362,10.0,390.49,4,425.83
2026-01-17 21:00:00,A,21,3,0,345,10.0,522.39,5,423.29
2026-01-17 21:00:00,B,21,3,0,333,10.0,299.27,6,357.74
2026-01-17 21:00:00,C,21,3,0,315,10.0,489.15,4,464.86
2026-01-17 21:00:00,D,21,3,0,370,10.0,390.13,4,517.31
2026-01-17 22:00:00,A,22,3,0,405,10.0,477.67,5,458.12
2026-01-17 22:00:00,B,22,3,0,329,10.0,366.89,6,338.91
2026-01-17 22:00:00,C,22,3,0,391,10.0,464.4,4,493.57
2026-01-17 22:00:00,D,22,3,0,470,10.0,433.37,4,407.8
2026-01-17 23:00:00,A,23,3,0,469,10.0,594.18,5,515.42
2026-01-17 23:00:00,B,23,3,0,347,10.0,485.89,6,501.63
2026-01-17 23:00:00,C,23,3,0,398,10.0,471.67,4,434.42
2026-01-17 23:00:00,D,23,3,0,428,10.0,484.54,4,502.44
2026-01-18 00:00:00,A,0,4,0,516,10.0,583.39,5,568.13
2026-01-18 00:00:00,B,0,4,0,370,10.0,465.4,6,415.95
2026-01-18 00:00:00,C,0,4,0,562,10.0,693.57,4,575.45
2026-01-18 00:00:00,D,0,4,0,512,11.25,609.83,4,584.97
2026-01-18 01:00:00,A,1,4,0,674,10.0,657.87,5,730.07
2026-01-18 01:00:00,B,1,4,0,493,10.0,538.74,6,422.0
2026-01-18 01:00:00,C,1,4,0,581,14.69,738.39,4,686.64
2026-01-18 01:00:00,D,1,4,0,632,10.0,555.85,4,653.32
2026-01-18 02:00:00,A,2,4,0,628,10.0,691.94,5,723.53
2026-01-18 02:00:00,B,2,4,0,541,10.0,621.2,6,546.72
2026-01-18 02:00:00,C,2,4,0,602,10.0,838.71,4,663.19
2026-01-18 02:00:00,D,2,4,0,640,14.46,690.75,4,684.83
2026-01-18 03:00:00,A,3,4,0,840,10.0,818.31,5,778.34
2026-01-18 03:00:00,B,3,4,0,570,13.11,538.81,6,578.18
2026-01-18 03:00:00,C,3,4,0,579,10.0,777.88,4,715.25
2026-01-18 03:00:00,D,3,4,0,556,10.0,792.9,4,764.95
2026-01-18 04:00:00,A,4,4,0,674,10.0,1011.82,5,814.18
2026-01-18 04:00:00,B,4,4,0,494,10.0,752.28,6,694.41
2026-01-18 04:00:00,C,4,4,0,759,10.0,773.8,4,776.89
2026-01-18 04:00:00,D,4,4,0,686,10.0,895.39,4,734.96
2026-01-18 05:00:00,A,5,4,0,660,10.0,975.31,5,840.94
2026-01-18 05:00:00,B,5,4,0,482,10.0,775.99,6,638.48
2026-01-18 05:00:00,C,5,4,0,618,13.92,892.76,4,804.48
2026-01-18 05:00:00,D,5,4,0,616,10.0,839.78,4,729.44
2026-01-18 06:00:00,A,6,4,0,724,18.38,958.09,5,854.53
2026-01-18 06:00:00,B,6,4,0,673,10.0,771.18,6,690.07
2026-01-18 06:00:00,C,6,4,0,763,10.0,981.92,4,744.47
2026-01-18 06:00:00,D,6,4,0,687,10.0,734.0,4,759.19
2026-01-18 07:00:00,A,7,4,1,1334,10.0,1141.38,5,1284.38
2026-01-18 07:00:00,B,7,4,1,845,10.0,1004.39,6,1028.76
2026-01-18 07:00:00,C,7,4,1,1014,20.57,1195.39,4,1199.88
2026-01-18 07:00:00,D,7,4,1,1048,10.0,1072.0,4,1213.49
2026-01-18 08:00:00,A,8,4,1,1079,10.0,1246.86,5,1239.13
2026-01-18 08:00:00,B,8,4,1,935,10.0,883.54,6,1034.05
2026-01-18 08:00:00,C,8,4,1,879,16.96,1236.05,4,1210.83
2026-01-18 08:00:00,D,8,4,1,912,10.0,974.36,4,1108.31
2026-01-18 09:00:00,A,9,4,1,1006,21.85,1199.66,5,1190.71
2026-01-18 09:00:00,B,9,4,1,654,10.53,901.71,6,943.93
2026-01-18 09:00:00,C,9,4,1,1005,10.0,1178.8,4,1059.04
2026-01-18 09:00:00,D,9,4,1,968,15.02,1078.42,4,1112.0
2026-01-18 10:00:00,A,10,4,0,667,18.56,888.08,5,760.27
2026-01-18 10:00:00,B,10,4,0,438,10.0,628.37,6,458.79
2026-01-18 10:00:00,C,10,4,0,704,10.0,688.23,4,670.87
2026-01-18 10:00:00,D,10,4,0,683,10.0,655.34,4,656.52
2026-01-18 11:00:00,A,11,4,0,525,10.0,695.91,5,678.86
2026-01-18 11:00:00,B,11,4,0,476,10.0,587.12,6,527.56
2026-01-18 11:00:00,C,11,4,0,557,36.5,675.99,4,566.5
2026-01-18 11:00:00,D,11,4,0,640,10.0,558.74,4,633.31
2026-01-18 12:00:00,A,12,4,0,502,10.0,765.8,5,600.61
2026-01-18 12:00:00,B,12,4,0,492,10.0,462.6,6,416.13
2026-01-18 12:00:00,C,12,4,0,505,10.0,530.93,4,490.23
2026-01-18 12:00:00,D,12,4,0,486,15.14,511.49,4,554.45
2026-01-18 13:00:00,A,13,4,0,423,34.31,580.64,5,566.5
2026-01-18 13:00:00,B,13,4,0,431,10.0,462.46,6,420.02
2026-01-18 13:00:00,C,13,4,0,552,10.0,482.31,4,478.55
2026-01-18 13:00:00,D,13,4,0,407,10.0,486.38,4,512.78
2026-01-18 14:00:00,A,14,4,0,482,10.0,588.06,5,526.56
2026-01-18 14:00:00,B,14,4,0,292,10.0,369.36,6,363.07
2026-01-18 14:00:00,C,14,4,0,419,10.0,562.85,4,398.19
2026-01-18 14:00:00,D,14,4,0,336,19.33,415.5,4,426.06
2026-01-18 15:00:00,A,15,4,0,487,10.0,468.29,5,460.45
2026-01-18 15:00:00,B,15,4,0,250,29.88,385.75,6,356.33
2026-01-18 15:00:00,C,15,4,0,356,10.0,406.13,4,416.87
2026-01-18 15:00:00,D,15,4,0,402,10.0,408.11,4,393.82
2026-01-18 16:00:00,A,16,4,1,547,10.0,571.62,5,718.53
2026-01-18 16:00:00,B,16,4,1,348,10.0,449.05,6,509.65
2026-01-18 16:00:00,C,16,4,1,570,10.0,520.43,4,613.86
2026-01-18 16:00:00,D,16,4,1,430,15.69,608.98,4,597.67
2026-01-18 17:00:00,A,17,4,1,522,10.0,675.81,5,738.58
2026-01-18 17:00:00,B,17,4,1,381,10.0,373.32,6,498.29
2026-01-18 17:00:00,C,17,4,1,399,10.0,561.21,4,579.04
2026-01-18 17:00:00,D,17,4,1,497,10.0,442.05,4,592.21
2026-01-18 18:00:00,A,18,4,1,567,10.0,518.23,5,562.67
2026-01-18 18:00:00,B,18,4,1,323,10.0,372.42,6,493.28
2026-01-18 18:00:00,C,18,4,1,485,21.58,594.29,4,573.77
2026-01-18 18:00:00,D,18,4,1,362,10.0,511.58,4,625.68
2026-01-18 19:00:00,A,19,4,1,531,10.0,663.94,5,649.38
2026-01-18 19:00:00,B,19,4,1,361,10.0,457.16,6,474.87
2026-01-18 19:00:00,C,19,4,1,539,11.94,590.06,4,549.92
2026-01-18 19:00:00,D,19,4,1,393,15.59,437.37,4,452.81
2026-01-18 20:00:00,A,20,4,0,381,11.35,418.52,5,429.03
2026-01-18 20:00:00,B,20,4,0,225,10.0,369.61,6,266.65
2026-01-18 20:00:00,C,20,4,0,387,10.0,402.24,4,305.34
2026-01-18 20:00:00,D,20,4,0,327,10.0,397.14,4,369.15
2026-01-18 21:00:00,A,21,4,0,342,17.89,413.72,5,519.18
2026-01-18 21:00:00,B,21,4,0,318,10.0,361.91,6,338.97
2026-01-18 21:00:00,C,21,4,0,404,10.0,481.99,4,428.12
2026-01-18 21:00:00,D,21,4,0,308,10.0,461.62,4,422.09
2026-01-18 22:00:00,A,22,4,0,434,10.0,543.7,5,472.13
2026-01-18 22:00:00,B,22,4,0,372,10.15,365.68,6,356.17
2026-01-18 22:00:00,C,22,4,0,480,10.0,445.63,4,410.48
2026-01-18 22:00:00,D,22,4,0,358,10.0,476.61,4,493.71
2026-01-18 23:00:00,A,23,4,0,520,10.0,677.87,5,631.37
2026-01-18 23:00:00,B,23,4,0,382,10.0,468.56,6,418.48
2026-01-18 23:00:00,C,23,4,0,511,10.0,588.44,4,535.22
2026-01-18 23:00:00,D,23,4,0,430,10.0,485.77,4,481.87
2026-01-19 00:00:00,A,0,5,0,563,10.0,643.27,5,564.92
2026-01-19 00:00:00,B,0,5,0,398,10.09,530.51,6,444.74
2026-01-19 00:00:00,C,0,5,0,596,10.0,513.17,4,704.0
2026-01-19 00:00:00,D,0,5,0,442,10.0,574.45,4,585.03
2026-01-19 01:00:00,A,1,5,0,729,10.0,757.63,5,749.68
2026-01-19 01:00:00,B,1,5,0,509,10.0,484.64,6,473.99
2026-01-19 01:00:00,C,1,5,0,539,10.28,694.52,4,688.69
2026-01-19 01:00:00,D,1,5,0,543,10.0,600.99,4,512.95
2026-01-19 02:00:00,A,2,5,0,752,10.0,897.27,5,800.91
2026-01-19 02:00:00,B,2,5,0,499,10.0,604.98,6,624.36
2026-01-19 02:00:00,C,2,5,0,606,10.0,651.69,4,696.2
2026-01-19 02:00:00,D,2,5,0,632,10.95,705.1,4,599.13
2026-01-19 03:00:00,A,3,5,0,733,10.0,979.52,5,787.23
2026-01-19 03:00:00,B,3,5,0,523,11.11,579.89,6,598.43
2026-01-19 03:00:00,C,3,5,0,772,10.0,720.57,4,712.33
2026-01-19 03:00:00,D,3,5,0,660,10.0,829.82,4,669.04
2026-01-19 04:00:00,A,4,5,0,649,10.0,920.77,5,852.66
2026-01-19 04:00:00,B,4,5,0,562,10.0,584.57,6,665.25
2026-01-19 04:00:00,C,4,5,0,716,10.0,745.16,4,719.01
2026-01-19 04:00:00,D,4,5,0,793,17.66,710.85,4,863.34
2026-01-19 05:00:00,A,5,5,0,818,10.0,842.04,5,808.71
2026-01-19 05:00:00,B,5,5,0,595,10.0,785.58,6,675.48
2026-01-19 05:00:00,C,5,5,0,713,27.22,734.07,4,711.73
2026-01-19 05:00:00,D,5,5,0,817,41.06,802.66,4,790.2
2026-01-19 06:00:00,A,6,5,0,740,10.0,1014.72,5,894.21
2026-01-19 06:00:00,B,6,5,0,539,17.14,709.34,6,598.83
2026-01-19 06:00:00,C,6,5,0,664,18.48,776.89,4,786.57
2026-01-19 06:00:00,D,6,5,0,646,10.0,773.29,4,797.2
2026-01-19 07:00:00,A,7,5,1,1187,27.15,1174.87,5,1351.12
2026-01-19 07:00:00,B,7,5,1,915,10.0,914.2,6,1021.88
2026-01-19 07:00:00,C,7,5,1,1054,11.5,1030.44,4,1238.02
2026-01-19 07:00:00,D,7,5,1,997,10.0,1030.04,4,1125.67
2026-01-19 08:00:00,A,8,5,1,1194,10.0,1116.37,5,1335.12
2026-01-19 08:00:00,B,8,5,1,705,14.55,1018.35,6,1020.07
2026-01-19 08:00:00,C,8,5,1,1088,14.61,1091.83,4,1217.26
2026-01-19 08:00:00,D,8,5,1,919,10.97,1249.73,4,1153.52
2026-01-19 09:00:00,A,9,5,1,970,16.33,1335.93,5,1190.97
2026-01-19 09:00:00,B,9,5,1,798,10.0,967.49,6,881.39
2026-01-19 09:00:00,C,9,5,1,969,10.0,1194.15,4,1082.55
2026-01-19 09:00:00,D,9,5,1,784,10.0,1076.95,4,1049.39
2026-01-19 10:00:00,A,10,5,0,698,23.2,717.16,5,754.23
2026-01-19 10:00:00,B,10,5,0,565,16.01,614.98,6,477.74
2026-01-19 10:00:00,C,10,5,0,580,10.71,654.0,4,620.59
2026-01-19 10:00:00,D,10,5,0,673,10.23,697.3,4,556.52
2026-01-19 11:00:00,A,11,5,0,566,16.48,751.82,5,713.27
2026-01-19 11:00:00,B,11,5,0,509,10.0,543.68,6,563.92
2026-01-19 11:00:00,C,11,5,0,683,14.46,656.45,4,586.62
2026-01-19 11:00:00,D,11,5,0,483,10.0,592.05,4,715.41
2026-01-19 12:00:00,A,12,5,0,619,10.0,768.35,5,616.34
2026-01-19 12:00:00,B,12,5,0,496,10.0,499.37,6,488.1
2026-01-19 12:00:00,C,12,5,0,562,10.0,535.0,4,562.48
2026-01-19 12:00:00,D,12,5,0,510,10.0,555.23,4,522.19
2026-01-19 13:00:00,A,13,5,0,550,10.0,667.37,5,632.33
2026-01-19 13:00:00,B,13,5,0,370,10.0,381.09,6,436.88
2026-01-19 13:00:00,C,13,5,0,529,10.0,611.71,4,483.02
2026-01-19 13:00:00,D,13,5,0,525,10.0,448.18,4,498.88
2026-01-19 14:00:00,A,14,5,0,477,15.78,567.47,5,524.76
2026-01-19 14:00:00,B,14,5,0,326,10.0,389.91,6,349.86
2026-01-19 14:00:00,C,14,5,0,413,23.42,472.36,4,470.99
2026-01-19 14:00:00,D,14,5,0,465,12.56,434.5,4,480.75
2026-01-19 15:00:00,A,15,5,0,451,10.0,502.5,5,421.53
2026-01-19 15:00:00,B,15,5,0,290,10.0,366.07,6,300.01
2026-01-19 15:00:00,C,15,5,0,408,19.96,421.76,4,394.62
2026-01-19 15:00:00,D,15,5,0,382,17.8,375.35,4,387.47
2026-01-19 16:00:00,A,16,5,1,604,10.0,666.29,5,605.6
2026-01-19 16:00:00,B,16,5,1,362,10.0,470.61,6,595.87
2026-01-19 16:00:00,C,16,5,1,402,20.78,627.88,4,607.06
2026-01-19 16:00:00,D,16,5,1,433,10.0,490.28,4,577.31
2026-01-19 17:00:00,A,17,5,1,443,10.0,496.74,5,627.18
2026-01-19 17:00:00,B,17,5,1,385,10.0,484.32,6,505.77
2026-01-19 17:00:00,C,17,5,1,485,10.0,545.91,4,593.11
2026-01-19 17:00:00,D,17,5,1,400,10.0,579.78,4,567.76
2026-01-19 18:00:00,A,18,5,1,432,10.0,486.37,5,712.61
2026-01-19 18:00:00,B,18,5,1,329,10.59,479.73,6,518.22
2026-01-19 18:00:00,C,18,5,1,396,10.0,503.7,4,562.23
2026-01-19 18:00:00,D,18,5,1,353,10.0,534.21,4,598.8
2026-01-19 19:00:00,A,19,5,1,507,10.0,491.21,5,655.55
2026-01-19 19:00:00,B,19,5,1,401,12.66,463.85,6,523.3
2026-01-19 19:00:00,C,19,5,1,469,12.63,470.96,4,559.24
2026-01-19 19:00:00,D,19,5,1,428,10.0,525.69,4,657.3
2026-01-19 20:00:00,A,20,5,0,428,10.0,425.55,5,357.7
2026-01-19 20:00:00,B,20,5,0,229,10.0,363.04,6,351.92
2026-01-19 20:00:00,C,20,5,0,340,10.0,370.37,4,288.37
2026-01-19 20:00:00,D,20,5,0,281,10.0,351.85,4,336.83
2026-01-19 21:00:00,A,21,5,0,445,10.0,539.28,5,469.1
2026-01-19 21:00:00,B,21,5,0,257,12.5,331.03,6,262.23
2026-01-19 21:00:00,C,21,5,0,421,10.0,459.86,4,403.95
2026-01-19 21:00:00,D,21,5,0,403,10.0,373.87,4,367.43
2026-01-19 22:00:00,A,22,5,0,447,10.0,561.55,5,473.76
2026-01-19 22:00:00,B,22,5,0,293,10.0,408.76,6,368.79
2026-01-19 22:00:00,C,22,5,0,385,26.7,487.08,4,444.16
2026-01-19 22:00:00,D,22,5,0,395,29.03,496.44,4,341.54
2026-01-19 23:00:00,A,23,5,0,608,10.0,527.65,5,635.79
2026-01-19 23:00:00,B,23,5,0,353,10.0,449.18,6,416.0
2026-01-19 23:00:00,C,23,5,0,459,10.0,555.42,4,487.59
2026-01-19 23:00:00,D,23,5,0,416,14.05,510.06,4,490.34
2026-01-20 00:00:00,A,0,6,0,495,12.75,670.87,5,701.83
2026-01-20 00:00:00,B,0,6,0,377,14.13,415.31,6,405.55
2026-01-20 00:00:00,C,0,6,0,507,33.32,515.71,4,584.01
2026-01-20 00:00:00,D,0,6,0,554,10.0,539.67,4,494.39
2026-01-20 01:00:00,A,1,6,0,673,10.0,742.05,5,652.13
2026-01-20 01:00:00,B,1,6,0,483,10.0,468.12,6,449.22
2026-01-20 01:00:00,C,1,6,0,651,10.0,688.41,4,530.25
2026-01-20 01:00:00,D,1,6,0,491,10.0,570.53,4,599.16
2026-01-20 02:00:00,A,2,6,0,800,10.0,783.08,5,857.25
2026-01-20 02:00:00,B,2,6,0,462,10.0,595.69,6,519.31
2026-01-20 02:00:00,C,2,6,0,687,10.0,706.46,4,681.34
2026-01-20 02:00:00,D,2,6,0,601,10.0,647.83,4,688.79
2026-01-20 03:00:00,A,3,6,0,741,10.0,785.11,5,834.79
2026-01-20 03:00:00,B,3,6,0,604,10.0,534.74,6,570.78
2026-01-20 03:00:00,C,3,6,0,585,18.7,863.61,4,653.68
2026-01-20 03:00:00,D,3,6,0,772,10.0,714.78,4,633.47
2026-01-20 04:00:00,A,4,6,0,890,25.0,819.63,5,842.3
2026-01-20 04:00:00,B,4,6,0,622,10.0,747.57,6,649.47
2026-01-20 04:00:00,C,4,6,0,605,10.0,749.86,4,742.48
2026-01-20 04:00:00,D,4,6,0,706,10.0,709.23,4,712.57
2026-01-20 05:00:00,A,5,6,0,946,13.37,984.44,5,849.3
2026-01-20 05:00:00,B,5,6,0,683,10.0,651.85,6,681.94
2026-01-20 05:00:00,C,5,6,0,840,17.91,870.33,4,879.86
2026-01-20 05:00:00,D,5,6,0,800,10.0,745.93,4,807.59
2026-01-20 06:00:00,A,6,6,0,747,13.1,820.63,5,878.31
2026-01-20 06:00:00,B,6,6,0,646,24.24,600.89,6,649.46
2026-01-20 06:00:00,C,6,6,0,657,10.0,849.43,4,769.51
2026-01-20 06:00:00,D,6,6,0,836,10.0,948.49,4,793.04
2026-01-20 07:00:00,A,7,6,1,1337,28.9,1296.37,5,1347.13
2026-01-20 07:00:00,B,7,6,1,766,10.0,1074.4,6,1039.68
2026-01-20 07:00:00,C,7,6,1,1053,16.19,1135.31,4,1268.76
2026-01-20 07:00:00,D,7,6,1,1162,10.0,1175.89,4,1209.9
2026-01-20 08:00:00,A,8,6,1,1049,10.0,1328.38,5,1241.94
2026-01-20 08:00:00,B,8,6,1,769,10.0,797.31,6,947.08
2026-01-20 08:00:00,C,8,6,1,1006,10.0,1140.93,4,1189.06
2026-01-20 08:00:00,D,8,6,1,1027,18.72,1113.99,4,1135.22
2026-01-20 09:00:00,A,9,6,1,1183,10.0,1306.01,5,1207.08
2026-01-20 09:00:00,B,9,6,1,651,10.0,939.2,6,972.46
2026-01-20 09:00:00,C,9,6,1,962,10.0,1059.91,4,1133.87
2026-01-20 09:00:00,D,9,6,1,917,13.14,974.84,4,1154.5
2026-01-20 10:00:00,A,10,6,0,737,24.36,674.55,5,721.28
2026-01-20 10:00:00,B,10,6,0,500,10.0,602.41,6,519.6
2026-01-20 10:00:00,C,10,6,0,677,10.0,798.18,4,597.2
2026-01-20 10:00:00,D,10,6,0,508,27.42,603.53,4,682.85
2026-01-20 11:00:00,A,11,6,0,552,10.0,650.39,5,652.75
2026-01-20 11:00:00,B,11,6,0,475,10.0,513.4,6,443.65
2026-01-20 11:00:00,C,11,6,0,504,10.0,641.82,4,663.71
2026-01-20 11:00:00,D,11,6,0,606,10.0,620.03,4,702.77
2026-01-20 12:00:00,A,12,6,0,662,18.77,577.75,5,635.95
2026-01-20 12:00:00,B,12,6,0,428,10.0,515.29,6,484.38
2026-01-20 12:00:00,C,12,6,0,555,11.01,648.62,4,535.64
2026-01-20 12:00:00,D,12,6,0,490,10.0,502.25,4,536.36
2026-01-20 13:00:00,A,13,6,0,493,10.0,536.92,5,502.47
2026-01-20 13:00:00,B,13,6,0,367,16.47,480.09,6,385.77
2026-01-20 13:00:00,C,13,6,0,382,10.0,495.03,4,508.67
2026-01-20 13:00:00,D,13,6,0,463,10.0,531.31,4,492.86
2026-01-20 14:00:00,A,14,6,0,516,10.0,523.95,5,526.22
2026-01-20 14:00:00,B,14,6,0,358,10.0,442.76,6,335.67
2026-01-20 14:00:00,C,14,6,0,487,10.0,454.8,4,405.1
2026-01-20 14:00:00,D,14,6,0,436,10.0,422.83,4,444.53
2026-01-20 15:00:00,A,15,6,0,372,10.0,406.48,5,487.66
2026-01-20 15:00:00,B,15,6,0,305,10.0,382.28,6,326.24
2026-01-20 15:00:00,C,15,6,0,319,25.49,437.03,4,363.85
2026-01-20 15:00:00,D,15,6,0,338,10.0,470.84,4,492.74
2026-01-20 16:00:00,A,16,6,1,607,11.53,651.46,5,738.24
2026-01-20 16:00:00,B,16,6,1,437,10.0,499.82,6,599.75
2026-01-20 16:00:00,C,16,6,1,553,10.0,495.49,4,654.06
2026-01-20 16:00:00,D,16,6,1,475,10.0,636.96,4,604.23
2026-01-20 17:00:00,A,17,6,1,561,10.0,509.11,5,678.76
2026-01-20 17:00:00,B,17,6,1,424,10.0,410.58,6,484.04
2026-01-20 17:00:00,C,17,6,1,511,10.0,494.65,4,648.65
2026-01-20 17:00:00,D,17,6,1,433,10.0,531.1,4,659.61
2026-01-20 18:00:00,A,18,6,1,464,10.0,544.49,5,641.63
2026-01-20 18:00:00,B,18,6,1,352,36.61,403.75,6,512.67
2026-01-20 18:00:00,C,18,6,1,390,27.75,505.69,4,708.9
2026-01-20 18:00:00,D,18,6,1,467,10.0,489.24,4,542.77
2026-01-20 19:00:00,A,19,6,1,588,10.0,562.31,5,682.33
2026-01-20 19:00:00,B,19,6,1,389,11.47,455.42,6,479.15
2026-01-20 19:00:00,C,19,6,1,534,10.0,490.68,4,617.69
2026-01-20 19:00:00,D,19,6,1,386,10.0,499.73,4,578.57
2026-01-20 20:00:00,A,20,6,0,329,12.1,386.37,5,412.31
2026-01-20 20:00:00,B,20,6,0,275,15.26,287.59,6,284.16
2026-01-20 20:00:00,C,20,6,0,314,10.0,435.71,4,325.83
2026-01-20 20:00:00,D,20,6,0,278,11.35,427.99,4,354.9
2026-01-20 21:00:00,A,21,6,0,454,10.0,494.53,5,462.6
2026-01-20 21:00:00,B,21,6,0,302,10.0,385.55,6,327.55
2026-01-20 21:00:00,C,21,6,0,421,10.0,489.98,4,421.24
2026-01-20 21:00:00,D,21,6,0,430,22.0,365.92,4,379.56
2026-01-20 22:00:00,A,22,6,0,401,10.0,474.84,5,517.82
2026-01-20 22:00:00,B,22,6,0,323,10.0,348.85,6,307.63
2026-01-20 22:00:00,C,22,6,0,361,13.36,454.76,4,350.35
2026-01-20 22:00:00,D,22,6,0,442,10.0,487.27,4,424.02
2026-01-20 23:00:00,A,23,6,0,467,10.0,582.71,5,559.76
2026-01-20 23:00:00,B,23,6,0,310,17.54,433.12,6,500.04
2026-01-20 23:00:00,C,23,6,0,400,10.0,612.44,4,520.36
2026-01-20 23:00:00,D,23,6,0,407,10.0,601.22,4,487.84
2026-01-21 00:00:00,A,0,7,0,635,10.0,608.67,5,677.82
2026-01-21 00:00:00,B,0,7,0,409,10.0,420.17,6,477.29
2026-01-21 00:00:00,C,0,7,0,457,10.0,621.66,4,527.59
2026-01-21 00:00:00,D,0,7,0,479,10.0,640.58,4,468.98
2026-01-21 01:00:00,A,1,7,0,565,18.35,791.92,5,627.66
2026-01-21 01:00:00,B,1,7,0,368,10.0,542.38,6,503.08
2026-01-21 01:00:00,C,1,7,0,599,23.62,642.89,4,537.85
2026-01-21 01:00:00,D,1,7,0,530,24.49,586.98,4,593.06
2026-01-21 02:00:00,A,2,7,0,770,10.0,880.7,5,700.83
2026-01-21 02:00:00,B,2,7,0,487,10.0,624.92,6,448.31
2026-01-21 02:00:00,C,2,7,0,690,20.62,621.84,4,586.57
2026-01-21 02:00:00,D,2,7,0,501,10.0,590.14,4,683.16
2026-01-21 03:00:00,A,3,7,0,713,10.0,765.19,5,714.92
2026-01-21 03:00:00,B,3,7,0,566,14.49,604.68,6,537.38
2026-01-21 03:00:00,C,3,7,0,571,10.0,770.71,4,632.99
2026-01-21 03:00:00,D,3,7,0,656,10.0,612.23,4,660.66
2026-01-21 04:00:00,A,4,7,0,813,11.99,738.06,5,767.67
2026-01-21 04:00:00,B,4,7,0,525,20.54,709.85,6,638.18
2026-01-21 04:00:00,C,4,7,0,799,19.34,856.86,4,665.97
2026-01-21 04:00:00,D,4,7,0,572,10.0,717.83,4,745.67
2026-01-21 05:00:00,A,5,7,0,803,14.58,844.9,5,873.04
2026-01-21 05:00:00,B,5,7,0,535,18.07,698.28,6,636.73
2026-01-21 05:00:00,C,5,7,0,597,14.76,886.86,4,776.64
2026-01-21 05:00:00,D,5,7,0,806,14.65,890.56,4,801.52
2026-01-21 06:00:00,A,6,7,0,908,10.0,1000.32,5,808.36
2026-01-21 06:00:00,B,6,7,0,611,10.0,627.89,6,550.96
2026-01-21 06:00:00,C,6,7,0,580,10.0,851.69,4,802.35
2026-01-21 06:00:00,D,6,7,0,774,23.84,713.52,4,770.24
2026-01-21 07:00:00,A,7,7,1,1255,12.65,1274.32,5,1223.35
2026-01-21 07:00:00,B,7,7,1,692,10.0,807.67,6,948.08
2026-01-21 07:00:00,C,7,7,1,825,10.0,1099.48,4,1189.49
2026-01-21 07:00:00,D,7,7,1,1097,16.58,1124.28,4,1161.95
2026-01-21 08:00:00,A,8,7,1,1188,36.77,1306.1,5,1274.08
2026-01-21 08:00:00,B,8,7,1,866,10.0,773.75,6,1034.44
2026-01-21 08:00:00,C,8,7,1,1064,10.0,1176.62,4,1220.04
2026-01-21 08:00:00,D,8,7,1,1084,10.0,1274.46,4,1070.05
2026-01-21 09:00:00,A,9,7,1,1176,10.0,1349.99,5,1162.99
2026-01-21 09:00:00,B,9,7,1,669,18.51,825.02,6,971.08
2026-01-21 09:00:00,C,9,7,1,871,14.4,1071.38,4,1117.29
2026-01-21 09:00:00,D,9,7,1,974,10.0,1106.23,4,1050.1
2026-01-21 10:00:00,A,10,7,0,557,10.0,813.37,5,647.92
2026-01-21 10:00:00,B,10,7,0,399,10.0,488.74,6,548.53
2026-01-21 10:00:00,C,10,7,0,674,15.73,649.02,4,676.08
2026-01-21 10:00:00,D,10,7,0,509,10.0,576.2,4,610.25
2026-01-21 11:00:00,A,11,7,0,497,10.0,817.44,5,653.58
2026-01-21 11:00:00,B,11,7,0,367,10.0,460.61,6,460.03
2026-01-21 11:00:00,C,11,7,0,464,10.0,586.5,4,669.62
2026-01-21 11:00:00,D,11,7,0,482,16.34,623.06,4,607.39
2026-01-21 12:00:00,A,12,7,0,499,10.0,737.11,5,631.08
2026-01-21 12:00:00,B,12,7,0,457,10.0,459.7,6,470.64
2026-01-21 12:00:00,C,12,7,0,517,10.0,520.27,4,592.18
2026-01-21 12:00:00,D,12,7,0,546,10.0,612.52,4,560.21
2026-01-21 13:00:00,A,13,7,0,425,19.45,564.87,5,525.69
2026-01-21 13:00:00,B,13,7,0,331,10.0,476.19,6,390.81
2026-01-21 13:00:00,C,13,7,0,412,10.2,555.39,4,458.22
2026-01-21 13:00:00,D,13,7,0,384,10.0,457.61,4,555.59
2026-01-21 14:00:00,A,14,7,0,399,10.0,580.37,5,474.78
2026-01-21 14:00:00,B,14,7,0,371,10.0,384.14,6,376.5
2026-01-21 14:00:00,C,14,7,0,466,10.0,501.52,4,425.11
2026-01-21 14:00:00,D,14,7,0,331,15.78,391.5,4,462.28
2026-01-21 15:00:00,A,15,7,0,390,10.0,399.26,5,429.09
2026-01-21 15:00:00,B,15,7,0,270,10.0,353.24,6,313.57
2026-01-21 15:00:00,C,15,7,0,338,27.7,425.69,4,423.26
2026-01-21 15:00:00,D,15,7,0,328,10.0,463.94,4,310.41
2026-01-21 16:00:00,A,16,7,1,470,10.0,677.18,5,615.65
2026-01-21 16:00:00,B,16,7,1,450,10.0,395.5,6,588.45
2026-01-21 16:00:00,C,16,7,1,525,17.63,565.06,4,610.46
2026-01-21 16:00:00,D,16,7,1,412,10.0,598.06,4,590.46
2026-01-21 17:00:00,A,17,7,1,567,10.24,481.95,5,643.28
2026-01-21 17:00:00,B,17,7,1,358,10.0,461.05,6,530.68
2026-01-21 17:00:00,C,17,7,1,489,10.0,534.93,4,589.45
2026-01-21 17:00:00,D,17,7,1,447,10.0,446.89,4,565.52
2026-01-21 18:00:00,A,18,7,1,533,10.0,614.22,5,625.54
2026-01-21 18:00:00,B,18,7,1,388,10.0,390.49,6,461.44
2026-01-21 18:00:00,C,18,7,1,492,10.0,421.57,4,537.11
2026-01-21 18:00:00,D,18,7,1,421,19.58,452.56,4,540.52
2026-01-21 19:00:00,A,19,7,1,578,10.0,532.0,5,635.65
2026-01-21 19:00:00,B,19,7,1,338,10.0,430.87,6,417.62
2026-01-21 19:00:00,C,19,7,1,384,10.0,475.37,4,514.75
2026-01-21 19:00:00,D,19,7,1,487,10.0,461.57,4,591.0
2026-01-21 20:00:00,A,20,7,0,394,10.0,458.82,5,422.98
2026-01-21 20:00:00,B,20,7,0,241,10.0,257.88,6,346.34
2026-01-21 20:00:00,C,20,7,0,285,10.0,435.53,4,409.65
2026-01-21 20:00:00,D,20,7,0,276,10.0,431.05,4,375.64
2026-01-21 21:00:00,A,21,7,0,422,10.0,446.79,5,437.0
2026-01-21 21:00:00,B,21,7,0,259,10.0,308.39,6,234.0
2026-01-21 21:00:00,C,21,7,0,357,10.0,461.31,4,458.26
2026-01-21 21:00:00,D,21,7,0,386,10.0,347.6,4,423.81
2026-01-21 22:00:00,A,22,7,0,501,19.83,596.77,5,464.8
2026-01-21 22:00:00,B,22,7,0,374,18.22,402.61,6,338.58
2026-01-21 22:00:00,C,22,7,0,340,10.0,403.66,4,497.05
2026-01-21 22:00:00,D,22,7,0,349,10.61,528.63,4,376.39
2026-01-21 23:00:00,A,23,7,0,509,10.0,549.35,5,546.06
2026-01-21 23:00:00,B,23,7,0,354,10.0,442.82,6,442.86
2026-01-21 23:00:00,C,23,7,0,415,10.52,544.25,4,478.55
2026-01-21 23:00:00,D,23,7,0,436,10.0,489.64,4,461.06
2026-01-22 00:00:00,A,0,1,0,627,10.0,691.72,5,571.87
2026-01-22 00:00:00,B,0,1,0,472,15.2,395.74,6,440.45
2026-01-22 00:00:00,C,0,1,0,466,10.0,631.84,4,538.47
2026-01-22 00:00:00,D,0,1,0,475,10.0,596.51,4,454.09
2026-01-22 01:00:00,A,1,1,0,514,12.14,734.14,5,706.41
2026-01-22 01:00:00,B,1,1,0,401,13.99,464.26,6,516.63
2026-01-22 01:00:00,C,1,1,0,514,10.0,549.94,4,653.61
2026-01-22 01:00:00,D,1,1,0,599,10.0,576.71,4,527.8
2026-01-22 02:00:00,A,2,1,0,689,10.0,815.91,5,726.55
2026-01-22 02:00:00,B,2,1,0,397,19.96,566.16,6,575.34
2026-01-22 02:00:00,C,2,1,0,556,10.0,720.07,4,690.41
2026-01-22 02:00:00,D,2,1,0,688,30.31,646.31,4,616.92
2026-01-22 03:00:00,A,3,1,0,646,11.46,851.39,5,826.62
2026-01-22 03:00:00,B,3,1,0,610,10.0,692.52,6,509.32
2026-01-22 03:00:00,C,3,1,0,637,23.83,768.34,4,736.58
2026-01-22 03:00:00,D,3,1,0,744,10.0,718.49,4,633.33
2026-01-22 04:00:00,A,4,1,0,749,10.0,995.78,5,812.65
2026-01-22 04:00:00,B,4,1,0,622,10.0,656.25,6,558.21
2026-01-22 04:00:00,C,4,1,0,618,10.0,748.11,4,728.67
2026-01-22 04:00:00,D,4,1,0,650,10.0,716.66,4,738.01
2026-01-22 05:00:00,A,5,1,0,802,20.93,999.36,5,838.54
2026-01-22 05:00:00,B,5,1,0,599,16.51,746.86,6,597.83
2026-01-22 05:00:00,C,5,1,0,716,10.0,749.28,4,731.88
2026-01-22 05:00:00,D,5,1,0,550,10.0,831.5,4,705.36
2026-01-22 06:00:00,A,6,1,0,697,10.0,800.75,5,836.25
2026-01-22 06:00:00,B,6,1,0,598,16.97,654.55,6,673.24
2026-01-22 06:00:00,C,6,1,0,634,10.0,729.68,4,709.85
2026-01-22 06:00:00,D,6,1,0,747,10.0,667.47,4,713.32
2026-01-22 07:00:00,A,7,1,1,933,10.0,1073.6,5,1308.14
2026-01-22 07:00:00,B,7,1,1,767,10.0,1037.93,6,1042.0
2026-01-22 07:00:00,C,7,1,1,970,18.68,1220.93,4,1231.48
2026-01-22 07:00:00,D,7,1,1,884,10.0,1126.03,4,1117.48
2026-01-22 08:00:00,A,8,1,1,1103,10.0,1232.87,5,1267.49
2026-01-22 08:00:00,B,8,1,1,850,10.0,1054.11,6,1011.46
2026-01-22 08:00:00,C,8,1,1,1100,26.45,1217.63,4,1158.78
2026-01-22 08:00:00,D,8,1,1,1007,10.0,1002.13,4,1117.23
2026-01-22 09:00:00,A,9,1,1,1134,40.88,1172.58,5,1151.99
2026-01-22 09:00:00,B,9,1,1,675,10.0,876.1,6,882.52
2026-01-22 09:00:00,C,9,1,1,995,31.63,1158.16,4,1119.29
2026-01-22 09:00:00,D,9,1,1,953,10.0,1198.39,4,1062.54
2026-01-22 10:00:00,A,10,1,0,673,10.0,837.65,5,727.36
2026-01-22 10:00:00,B,10,1,0,494,10.0,591.02,6,465.17
2026-01-22 10:00:00,C,10,1,0,533,12.11,640.13,4,714.44
2026-01-22 10:00:00,D,10,1,0,663,10.0,604.01,4,658.86
2026-01-22 11:00:00,A,11,1,0,561,12.23,774.17,5,664.79
2026-01-22 11:00:00,B,11,1,0,450,10.0,434.59,6,459.52
2026-01-22 11:00:00,C,11,1,0,499,10.0,703.48,4,609.85
2026-01-22 11:00:00,D,11,1,0,554,14.38,629.52,4,541.61
2026-01-22 12:00:00,A,12,1,0,523,10.0,655.16,5,562.13
2026-01-22 12:00:00,B,12,1,0,476,10.0,524.66,6,447.16
2026-01-22 12:00:00,C,12,1,0,482,10.0,583.48,4,536.82
2026-01-22 12:00:00,D,12,1,0,522,10.0,551.48,4,543.2
2026-01-22 13:00:00,A,13,1,0,490,10.0,658.36,5,584.79
2026-01-22 13:00:00,B,13,1,0,361,10.0,424.9,6,439.58
2026-01-22 13:00:00,C,13,1,0,408,10.0,489.3,4,502.12
2026-01-22 13:00:00,D,13,1,0,401,10.0,577.4,4,484.32
2026-01-22 14:00:00,A,14,1,0,468,10.0,497.1,5,531.42
2026-01-22 14:00:00,B,14,1,0,310,15.07,391.33,6,407.91
2026-01-22 14:00:00,C,14,1,0,468,10.0,535.05,4,430.88
2026-01-22 14:00:00,D,14,1,0,403,20.38,522.11,4,392.15
2026-01-22 15:00:00,A,15,1,0,360,17.8,433.06,5,476.5
2026-01-22 15:00:00,B,15,1,0,243,10.0,375.54,6,389.46
2026-01-22 15:00:00,C,15,1,0,376,16.51,428.72,4,333.35
2026-01-22 15:00:00,D,15,1,0,300,21.12,396.49,4,376.51
2026-01-22 16:00:00,A,16,1,1,477,10.0,663.22,5,687.63
2026-01-22 16:00:00,B,16,1,1,427,10.77,404.3,6,584.15
2026-01-22 16:00:00,C,16,1,1,506,10.0,533.49,4,610.94
2026-01-22 16:00:00,D,16,1,1,508,10.0,595.8,4,585.46
2026-01-22 17:00:00,A,17,1,1,439,16.74,616.85,5,693.24
2026-01-22 17:00:00,B,17,1,1,355,10.0,398.24,6,531.23
2026-01-22 17:00:00,C,17,1,1,475,10.0,508.02,4,510.18
2026-01-22 17:00:00,D,17,1,1,420,10.0,485.02,4,626.56
2026-01-22 18:00:00,A,18,1,1,451,10.0,557.2,5,657.06
2026-01-22 18:00:00,B,18,1,1,314,10.0,367.2,6,540.11
2026-01-22 18:00:00,C,18,1,1,510,10.0,522.79,4,597.94
2026-01-22 18:00:00,D,18,1,1,462,10.0,432.57,4,582.57
2026-01-22 19:00:00,A,19,1,1,418,10.0,516.87,5,660.02
2026-01-22 19:00:00,B,19,1,1,373,10.0,456.33,6,537.54
2026-01-22 19:00:00,C,19,1,1,477,10.0,483.77,4,624.9
2026-01-22 19:00:00,D,19,1,1,387,10.0,429.44,4,560.78
2026-01-22 20:00:00,A,20,1,0,381,10.0,466.75,5,408.87
2026-01-22 20:00:00,B,20,1,0,224,10.0,343.64,6,264.02
2026-01-22 20:00:00,C,20,1,0,314,10.0,422.37,4,311.51
2026-01-22 20:00:00,D,20,1,0,262,15.58,358.46,4,391.72
2026-01-22 21:00:00,A,21,1,0,365,10.0,411.52,5,420.89
2026-01-22 21:00:00,B,21,1,0,329,10.0,304.37,6,351.03
2026-01-22 21:00:00,C,21,1,0,293,10.0,447.15,4,429.32
2026-01-22 21:00:00,D,21,1,0,404,10.0,421.96,4,336.02
2026-01-22 22:00:00,A,22,1,0,505,10.0,501.82,5,441.83
2026-01-22 22:00:00,B,22,1,0,324,31.4,392.28,6,344.4
2026-01-22 22:00:00,C,22,1,0,407,11.63,527.19,4,387.24
2026-01-22 22:00:00,D,22,1,0,415,10.0,456.7,4,505.4
2026-01-22 23:00:00,A,23,1,0,466,10.0,523.83,5,544.57
2026-01-22 23:00:00,B,23,1,0,398,10.0,363.51,6,466.64
2026-01-22 23:00:00,C,23,1,0,481,10.0,560.93,4,535.29
2026-01-22 23:00:00,D,23,1,0,432,20.14,496.87,4,499.86
2026-01-23 00:00:00,A,0,2,0,605,10.0,703.62,5,638.25
2026-01-23 00:00:00,B,0,2,0,432,10.0,435.24,6,374.23
2026-01-23 00:00:00,C,0,2,0,440,10.0,687.69,4,446.24
2026-01-23 00:00:00,D,0,2,0,462,10.0,534.23,4,509.57
2026-01-23 01:00:00,A,1,2,0,655,10.0,796.88,5,680.19
2026-01-23 01:00:00,B,1,2,0,386,10.0,550.18,6,526.3
2026-01-23 01:00:00,C,1,2,0,643,20.51,680.48,4,574.36
2026-01-23 01:00:00,D,1,2,0,574,10.0,557.41,4,607.09
2026-01-23 02:00:00,A,2,2,0,775,10.0,825.34,5,747.79
2026-01-23 02:00:00,B,2,2,0,511,18.08,511.52,6,496.78
2026-01-23 02:00:00,C,2,2,0,557,24.63,819.79,4,658.49
2026-01-23 02:00:00,D,2,2,0,680,10.0,645.18,4,635.64
2026-01-23 03:00:00,A,3,2,0,877,16.15,723.37,5,805.37
2026-01-23 03:00:00,B,3,2,0,605,10.0,539.52,6,549.71
2026-01-23 03:00:00,C,3,2,0,721,10.0,783.99,4,784.62
2026-01-23 03:00:00,D,3,2,0,578,10.0,860.11,4,711.75
2026-01-23 04:00:00,A,4,2,0,840,10.0,774.88,5,843.22
2026-01-23 04:00:00,B,4,2,0,546,33.82,696.11,6,558.85
2026-01-23 04:00:00,C,4,2,0,784,10.55,835.61,4,735.15
2026-01-23 04:00:00,D,4,2,0,559,10.0,694.46,4,724.5
2026-01-23 05:00:00,A,5,2,0,847,31.99,883.55,5,880.19
2026-01-23 05:00:00,B,5,2,0,555,10.0,595.94,6,580.84
2026-01-23 05:00:00,C,5,2,0,851,18.87,914.06,4,846.67
2026-01-23 05:00:00,D,5,2,0,771,23.09,790.62,4,808.11
2026-01-23 06:00:00,A,6,2,0,702,10.0,969.91,5,824.74
2026-01-23 06:00:00,B,6,2,0,498,10.0,668.63,6,593.66
2026-01-23 06:00:00,C,6,2,0,692,10.18,757.41,4,744.29
2026-01-23 06:00:00,D,6,2,0,808,19.44,898.0,4,829.32
2026-01-23 07:00:00,A,7,2,1,1025,24.49,1352.25,5,1259.23
2026-01-23 07:00:00,B,7,2,1,877,10.17,973.8,6,1010.37
2026-01-23 07:00:00,C,7,2,1,875,23.12,1066.59,4,1149.9
2026-01-23 07:00:00,D,7,2,1,1158,10.16,1104.66,4,1071.4
2026-01-23 08:00:00,A,8,2,1,925,10.0,1366.93,5,1344.58
2026-01-23 08:00:00,B,8,2,1,764,10.0,787.54,6,1071.39
2026-01-23 08:00:00,C,8,2,1,835,15.36,1245.24,4,1183.56
2026-01-23 08:00:00,D,8,2,1,837,10.0,982.3,4,1217.34
2026-01-23 09:00:00,A,9,2,1,1079,10.0,1065.37,5,1138.54
2026-01-23 09:00:00,B,9,2,1,834,12.6,929.75,6,933.19
2026-01-23 09:00:00,C,9,2,1,841,12.12,1257.94,4,1141.62
2026-01-23 09:00:00,D,9,2,1,1032,15.83,1090.03,4,1111.18
2026-01-23 10:00:00,A,10,2,0,649,10.0,854.36,5,748.29
2026-01-23 10:00:00,B,10,2,0,411,14.05,521.44,6,586.31
2026-01-23 10:00:00,C,10,2,0,624,10.0,643.71,4,581.84
2026-01-23 10:00:00,D,10,2,0,652,10.0,615.78,4,588.63
2026-01-23 11:00:00,A,11,2,0,707,16.83,689.57,5,723.33
2026-01-23 11:00:00,B,11,2,0,407,10.0,506.5,6,529.57
2026-01-23 11:00:00,C,11,2,0,600,10.0,579.84,4,588.66
2026-01-23 11:00:00,D,11,2,0,556,11.86,574.96,4,678.05
2026-01-23 12:00:00,A,12,2,0,495,10.0,663.97,5,640.11
2026-01-23 12:00:00,B,12,2,0,447,10.0,509.32,6,426.18
2026-01-23 12:00:00,C,12,2,0,459,10.0,680.79,4,528.34
2026-01-23 12:00:00,D,12,2,0,510,10.0,634.56,4,501.51
2026-01-23 13:00:00,A,13,2,0,517,19.67,527.49,5,596.02
2026-01-23 13:00:00,B,13,2,0,315,10.0,395.51,6,448.88
2026-01-23 13:00:00,C,13,2,0,554,15.97,625.88,4,497.0
2026-01-23 13:00:00,D,13,2,0,416,10.0,606.82,4,511.38
2026-01-23 14:00:00,A,14,2,0,473,19.31,533.05,5,531.61
2026-01-23 14:00:00,B,14,2,0,342,20.77,364.69,6,408.2
2026-01-23 14:00:00,C,14,2,0,413,29.95,503.52,4,470.57
2026-01-23 14:00:00,D,14,2,0,406,10.0,468.22,4,477.41
2026-01-23 15:00:00,A,15,2,0,455,19.45,535.53,5,458.09
2026-01-23 15:00:00,B,15,2,0,268,14.6,355.29,6,308.82
2026-01-23 15:00:00,C,15,2,0,321,14.88,368.87,4,528.48
2026-01-23 15:00:00,D,15,2,0,371,10.0,375.39,4,409.46
2026-01-23 16:00:00,A,16,2,1,528,12.62,705.88,5,684.3
2026-01-23 16:00:00,B,16,2,1,322,10.0,426.66,6,536.57
2026-01-23 16:00:00,C,16,2,1,556,18.17,589.63,4,566.88
2026-01-23 16:00:00,D,16,2,1,436,10.0,520.13,4,616.31
2026-01-23 17:00:00,A,17,2,1,445,16.77,581.99,5,656.43
2026-01-23 17:00:00,B,17,2,1,431,10.0,412.7,6,578.3
2026-01-23 17:00:00,C,17,2,1,432,10.0,497.62,4,584.51
2026-01-23 17:00:00,D,17,2,1,380,11.61,593.62,4,616.07
2026-01-23 18:00:00,A,18,2,1,571,10.0,633.05,5,612.0
2026-01-23 18:00:00,B,18,2,1,318,15.21,455.04,6,578.79
2026-01-23 18:00:00,C,18,2,1,385,10.0,511.57,4,529.53
2026-01-23 18:00:00,D,18,2,1,423,32.47,543.07,4,607.33
2026-01-23 19:00:00,A,19,2,1,467,10.0,627.44,5,694.8
2026-01-23 19:00:00,B,19,2,1,388,18.51,432.41,6,512.16
2026-01-23 19:00:00,C,19,2,1,425,10.0,444.47,4,616.04
2026-01-23 19:00:00,D,19,2,1,461,10.0,564.95,4,619.54
2026-01-23 20:00:00,A,20,2,0,393,10.0,455.76,5,431.94
2026-01-23 20:00:00,B,20,2,0,282,10.0,315.55,6,315.94
2026-01-23 20:00:00,C,20,2,0,289,14.75,399.34,4,413.81
2026-01-23 20:00:00,D,20,2,0,313,10.0,449.42,4,328.4
2026-01-23 21:00:00,A,21,2,0,458,10.0,405.18,5,440.4
2026-01-23 21:00:00,B,21,2,0,303,10.0,312.04,6,387.7
2026-01-23 21:00:00,C,21,2,0,365,10.0,440.47,4,429.35
2026-01-23 21:00:00,D,21,2,0,427,10.0,448.48,4,369.46
2026-01-23 22:00:00,A,22,2,0,514,10.0,465.38,5,482.37
2026-01-23 22:00:00,B,22,2,0,303,10.0,389.45,6,317.7
2026-01-23 22:00:00,C,22,2,0,473,10.0,424.24,4,475.49
2026-01-23 22:00:00,D,22,2,0,463,16.33,492.03,4,361.85
2026-01-23 23:00:00,A,23,2,0,522,14.99,608.2,5,450.41
2026-01-23 23:00:00,B,23,2,0,365,10.0,416.63,6,404.8
2026-01-23 23:00:00,C,23,2,0,388,10.0,551.3,4,508.17
2026-01-23 23:00:00,D,23,2,0,462,10.0,478.02,4,378.2
2026-01-24 00:00:00,A,0,3,0,579,12.08,565.11,5,604.09
2026-01-24 00:00:00,B,0,3,0,374,13.63,480.37,6,494.68
2026-01-24 00:00:00,C,0,3,0,460,10.0,557.58,4,609.12
2026-01-24 00:00:00,D,0,3,0,517,10.0,635.25,4,526.5
2026-01-24 01:00:00,A,1,3,0,708,10.0,624.81,5,716.09
2026-01-24 01:00:00,B,1,3,0,466,10.0,474.39,6,498.71
2026-01-24 01:00:00,C,1,3,0,503,10.0,561.5,4,608.48
2026-01-24 01:00:00,D,1,3,0,566,10.0,750.17,4,553.95
2026-01-24 02:00:00,A,2,3,0,602,28.0,689.98,5,771.72
2026-01-24 02:00:00,B,2,3,0,492,10.0,628.27,6,535.78
2026-01-24 02:00:00,C,2,3,0,602,10.32,684.25,4,731.69
2026-01-24 02:00:00,D,2,3,0,695,10.0,706.07,4,763.93
2026-01-24 03:00:00,A,3,3,0,853,14.49,937.07,5,780.8
2026-01-24 03:00:00,B,3,3,0,605,10.0,602.75,6,637.16
2026-01-24 03:00:00,C,3,3,0,644,10.0,851.45,4,760.6
2026-01-24 03:00:00,D,3,3,0,693,10.84,679.47,4,643.4
2026-01-24 04:00:00,A,4,3,0,711,11.37,898.96,5,865.23
2026-01-24 04:00:00,B,4,3,0,520,10.0,598.9,6,597.99
2026-01-24 04:00:00,C,4,3,0,770,10.0,796.38,4,810.26
2026-01-24 04:00:00,D,4,3,0,789,10.0,817.65,4,665.49
2026-01-24 05:00:00,A,5,3,0,776,10.0,987.77,5,782.53
2026-01-24 05:00:00,B,5,3,0,624,10.0,604.53,6,587.64
2026-01-24 05:00:00,C,5,3,0,647,10.0,719.88,4,738.05
2026-01-24 05:00:00,D,5,3,0,821,24.5,926.93,4,783.44
2026-01-24 06:00:00,A,6,3,0,797,10.0,1069.12,5,881.89
2026-01-24 06:00:00,B,6,3,0,507,10.0,622.84,6,629.7
2026-01-24 06:00:00,C,6,3,0,657,21.2,773.39,4,808.63
2026-01-24 06:00:00,D,6,3,0,658,10.0,740.44,4,711.94
2026-01-24 07:00:00,A,7,3,1,1223,17.0,1276.6,5,1413.27
2026-01-24 07:00:00,B,7,3,1,891,10.0,823.77,6,1057.8
2026-01-24 07:00:00,C,7,3,1,853,14.53,1260.57,4,1242.42
2026-01-24 07:00:00,D,7,3,1,1020,10.0,1262.52,4,1185.1
2026-01-24 08:00:00,A,8,3,1,1090,10.0,1109.8,5,1205.18
2026-01-24 08:00:00,B,8,3,1,674,10.0,1015.2,6,954.67
2026-01-24 08:00:00,C,8,3,1,1111,10.0,1289.13,4,1175.02
2026-01-24 08:00:00,D,8,3,1,1021,18.0,1165.19,4,1198.98
2026-01-24 09:00:00,A,9,3,1,1237,25.82,1115.59,5,1287.07
2026-01-24 09:00:00,B,9,3,1,786,10.06,956.08,6,1001.76
2026-01-24 09:00:00,C,9,3,1,1096,10.0,965.84,4,1133.36
2026-01-24 09:00:00,D,9,3,1,882,30.23,973.67,4,1090.02
2026-01-24 10:00:00,A,10,3,0,814,10.0,732.53,5,688.9
2026-01-24 10:00:00,B,10,3,0,436,10.0,660.64,6,504.5
2026-01-24 10:00:00,C,10,3,0,517,10.0,788.13,4,714.16
2026-01-24 10:00:00,D,10,3,0,648,10.84,710.73,4,569.83
2026-01-24 11:00:00,A,11,3,0,561,18.3,685.63,5,785.14
2026-01-24 11:00:00,B,11,3,0,516,10.0,549.17,6,524.11
2026-01-24 11:00:00,C,11,3,0,637,10.0,640.17,4,628.39
2026-01-24 11:00:00,D,11,3,0,515,11.06,604.11,4,602.86
2026-01-24 12:00:00,A,12,3,0,550,10.0,625.85,5,600.34
2026-01-24 12:00:00,B,12,3,0,417,10.0,483.83,6,456.83
2026-01-24 12:00:00,C,12,3,0,519,24.1,682.04,4,503.92
2026-01-24 12:00:00,D,12,3,0,541,20.86,560.62,4,537.47
2026-01-24 13:00:00,A,13,3,0,555,10.0,604.98,5,597.43
2026-01-24 13:00:00,B,13,3,0,338,10.0,417.92,6,357.7
2026-01-24 13:00:00,C,13,3,0,474,10.0,585.17,4,479.73
2026-01-24 13:00:00,D,13,3,0,476,10.0,599.41,4,500.69
2026-01-24 14:00:00,A,14,3,0,414,10.0,588.44,5,532.16
2026-01-24 14:00:00,B,14,3,0,399,10.0,431.66,6,378.8
2026-01-24 14:00:00,C,14,3,0,475,10.0,486.64,4,569.55
2026-01-24 14:00:00,D,14,3,0,483,10.0,428.66,4,364.4
2026-01-24 15:00:00,A,15,3,0,348,10.0,498.86,5,399.59
2026-01-24 15:00:00,B,15,3,0,356,10.0,304.85,6,328.85
2026-01-24 15:00:00,C,15,3,0,381,10.0,429.33,4,425.67
2026-01-24 15:00:00,D,15,3,0,386,10.73,443.48,4,386.76
2026-01-24 16:00:00,A,16,3,1,546,13.83,613.51,5,671.98
2026-01-24 16:00:00,B,16,3,1,408,10.0,442.5,6,425.67
2026-01-24 16:00:00,C,16,3,1,419,10.0,557.04,4,667.99
2026-01-24 16:00:00,D,16,3,1,479,10.0,587.44,4,619.43
2026-01-24 17:00:00,A,17,3,1,584,10.0,562.09,5,660.44
2026-01-24 17:00:00,B,17,3,1,411,10.0,396.75,6,519.38
2026-01-24 17:00:00,C,17,3,1,414,10.0,566.54,4,589.63
2026-01-24 17:00:00,D,17,3,1,445,10.0,508.71,4,564.0
2026-01-24 18:00:00,A,18,3,1,431,10.0,592.45,5,561.49
2026-01-24 18:00:00,B,18,3,1,409,10.0,399.8,6,437.6
2026-01-24 18:00:00,C,18,3,1,375,10.0,490.22,4,523.62
2026-01-24 18:00:00,D,18,3,1,377,27.57,426.64,4,614.73
2026-01-24 19:00:00,A,19,3,1,554,10.0,664.56,5,713.0
2026-01-24 19:00:00,B,19,3,1,383,10.0,381.21,6,554.82
2026-01-24 19:00:00,C,19,3,1,372,10.0,556.48,4,566.55
2026-01-24 19:00:00,D,19,3,1,432,10.03,556.72,4,627.75
2026-01-24 20:00:00,A,20,3,0,339,10.0,385.8,5,439.66
2026-01-24 20:00:00,B,20,3,0,247,10.0,287.4,6,306.75
2026-01-24 20:00:00,C,20,3,0,347,10.0,376.75,4,375.51
2026-01-24 20:00:00,D,20,3,0,356,10.0,403.67,4,352.66
2026-01-24 21:00:00,A,21,3,0,393,10.0,557.12,5,398.9
2026-01-24 21:00:00,B,21,3,0,249,11.59,340.4,6,299.09
2026-01-24 21:00:00,C,21,3,0,310,10.0,503.86,4,430.32
2026-01-24 21:00:00,D,21,3,0,423,19.82,466.01,4,397.29
2026-01-24 22:00:00,A,22,3,0,432,19.62,559.14,5,465.49
2026-01-24 22:00:00,B,22,3,0,312,10.0,421.72,6,409.47
2026-01-24 22:00:00,C,22,3,0,359,10.0,538.48,4,389.33
2026-01-24 22:00:00,D,22,3,0,369,21.48,403.43,4,433.51
2026-01-24 23:00:00,A,23,3,0,460,10.0,581.9,5,633.62
2026-01-24 23:00:00,B,23,3,0,434,19.27,380.41,6,464.06
2026-01-24 23:00:00,C,23,3,0,442,10.0,589.55,4,514.17
2026-01-24 23:00:00,D,23,3,0,481,10.0,588.47,4,449.34
2026-01-25 00:00:00,A,0,4,0,670,10.0,574.84,5,613.01
2026-01-25 00:00:00,B,0,4,0,360,12.52,465.09,6,344.85
2026-01-25 00:00:00,C,0,4,0,513,10.0,589.0,4,508.35
2026-01-25 00:00:00,D,0,4,0,467,14.55,521.96,4,562.5
2026-01-25 01:00:00,A,1,4,0,600,10.0,855.15,5,726.91
2026-01-25 01:00:00,B,1,4,0,396,10.0,546.8,6,488.73
2026-01-25 01:00:00,C,1,4,0,555,29.05,578.87,4,612.36
2026-01-25 01:00:00,D,1,4,0,476,10.0,744.55,4,631.96
2026-01-25 02:00:00,A,2,4,0,580,24.84,849.77,5,640.48
2026-01-25 02:00:00,B,2,4,0,563,17.33,633.54,6,572.12
2026-01-25 02:00:00,C,2,4,0,681,21.87,625.28,4,727.99
2026-01-25 02:00:00,D,2,4,0,594,10.0,707.78,4,686.14
2026-01-25 03:00:00,A,3,4,0,728,10.0,829.72,5,863.61
2026-01-25 03:00:00,B,3,4,0,562,10.0,585.89,6,586.03
2026-01-25 03:00:00,C,3,4,0,630,14.8,821.32,4,761.94
2026-01-25 03:00:00,D,3,4,0,564,16.19,660.14,4,727.86
2026-01-25 04:00:00,A,4,4,0,901,17.38,864.0,5,863.69
2026-01-25 04:00:00,B,4,4,0,568,25.0,643.34,6,577.95
2026-01-25 04:00:00,C,4,4,0,604,16.66,807.3,4,753.81
2026-01-25 04:00:00,D,4,4,0,786,10.0,760.4,4,821.92
2026-01-25 05:00:00,A,5,4,0,659,27.98,1012.09,5,928.19
2026-01-25 05:00:00,B,5,4,0,681,10.0,616.46,6,605.73
2026-01-25 05:00:00,C,5,4,0,836,10.0,757.01,4,849.57
2026-01-25 05:00:00,D,5,4,0,730,10.0,889.95,4,751.66
2026-01-25 06:00:00,A,6,4,0,662,10.0,1032.84,5,846.37
2026-01-25 06:00:00,B,6,4,0,664,10.0,678.76,6,620.79
2026-01-25 06:00:00,C,6,4,0,829,10.0,966.78,4,738.66
2026-01-25 06:00:00,D,6,4,0,691,10.0,865.03,4,832.48
2026-01-25 07:00:00,A,7,4,1,1162,10.0,1107.33,5,1331.92
2026-01-25 07:00:00,B,7,4,1,940,10.0,1104.74,6,973.2
2026-01-25 07:00:00,C,7,4,1,1016,21.02,1296.89,4,1275.27
2026-01-25 07:00:00,D,7,4,1,1124,10.0,1274.53,4,1171.28
2026-01-25 08:00:00,A,8,4,1,1126,10.0,1302.27,5,1286.97
2026-01-25 08:00:00,B,8,4,1,901,10.0,927.71,6,902.15
2026-01-25 08:00:00,C,8,4,1,1132,10.0,1092.3,4,1094.96
2026-01-25 08:00:00,D,8,4,1,1059,10.0,1315.21,4,1241.25
2026-01-25 09:00:00,A,9,4,1,1194,23.47,1318.92,5,1149.79
2026-01-25 09:00:00,B,9,4,1,659,10.0,1016.86,6,867.59
2026-01-25 09:00:00,C,9,4,1,1021,18.42,1170.76,4,1116.41
2026-01-25 09:00:00,D,9,4,1,1098,21.23,931.64,4,1153.3
2026-01-25 10:00:00,A,10,4,0,632,10.0,683.03,5,744.55
2026-01-25 10:00:00,B,10,4,0,445,10.0,504.64,6,478.33
2026-01-25 10:00:00,C,10,4,0,591,10.0,763.42,4,706.39
2026-01-25 10:00:00,D,10,4,0,675,10.0,699.62,4,655.87
2026-01-25 11:00:00,A,11,4,0,688,11.98,762.76,5,680.71
2026-01-25 11:00:00,B,11,4,0,509,10.0,539.4,6,487.92
2026-01-25 11:00:00,C,11,4,0,571,10.0,611.06,4,568.99
2026-01-25 11:00:00,D,11,4,0,547,10.0,694.11,4,685.86
2026-01-25 12:00:00,A,12,4,0,611,10.0,643.91,5,704.52
2026-01-25 12:00:00,B,12,4,0,374,10.0,493.87,6,386.44
2026-01-25 12:00:00,C,12,4,0,466,14.95,679.93,4,504.12
2026-01-25 12:00:00,D,12,4,0,420,13.58,607.88,4,570.06
2026-01-25 13:00:00,A,13,4,0,494,10.0,645.5,5,571.65
2026-01-25 13:00:00,B,13,4,0,330,10.0,369.97,6,399.36
2026-01-25 13:00:00,C,13,4,0,430,26.78,503.99,4,567.13
2026-01-25 13:00:00,D,13,4,0,508,13.85,574.81,4,479.66
2026-01-25 14:00:00,A,14,4,0,419,10.0,449.66,5,513.68
2026-01-25 14:00:00,B,14,4,0,326,10.0,374.56,6,355.78
2026-01-25 14:00:00,C,14,4,0,472,13.73,414.33,4,514.76
2026-01-25 14:00:00,D,14,4,0,476,10.0,458.77,4,356.0
2026-01-25 15:00:00,A,15,4,0,438,10.0,412.09,5,376.18
2026-01-25 15:00:00,B,15,4,0,309,12.05,325.75,6,367.38
2026-01-25 15:00:00,C,15,4,0,364,17.16,468.96,4,522.11
2026-01-25 15:00:00,D,15,4,0,375,10.0,444.9,4,466.67
2026-01-25 16:00:00,A,16,4,1,458,22.19,578.12,5,697.99
2026-01-25 16:00:00,B,16,4,1,345,10.0,437.67,6,590.85
2026-01-25 16:00:00,C,16,4,1,444,23.7,476.87,4,584.15
2026-01-25 16:00:00,D,16,4,1,536,12.41,554.16,4,627.9
2026-01-25 17:00:00,A,17,4,1,464,10.0,653.5,5,582.71
2026-01-25 17:00:00,B,17,4,1,391,18.59,431.35,6,491.64
2026-01-25 17:00:00,C,17,4,1,475,28.74,470.14,4,594.13
2026-01-25 17:00:00,D,17,4,1,372,10.0,548.39,4,574.09
2026-01-25 18:00:00,A,18,4,1,522,10.0,546.28,5,635.17
2026-01-25 18:00:00,B,18,4,1,359,18.56,417.25,6,491.91
2026-01-25 18:00:00,C,18,4,1,365,21.59,441.62,4,645.63
2026-01-25 18:00:00,D,18,4,1,469,16.98,528.1,4,618.92
2026-01-25 19:00:00,A,19,4,1,502,10.0,586.48,5,695.52
2026-01-25 19:00:00,B,19,4,1,365,18.34,410.26,6,575.71
2026-01-25 19:00:00,C,19,4,1,402,10.0,467.22,4,654.1
2026-01-25 19:00:00,D,19,4,1,503,10.0,531.39,4,622.98
2026-01-25 20:00:00,A,20,4,0,407,10.0,494.6,5,373.16
2026-01-25 20:00:00,B,20,4,0,318,10.0,354.28,6,297.81
2026-01-25 20:00:00,C,20,4,0,286,10.42,454.78,4,376.04
2026-01-25 20:00:00,D,20,4,0,290,10.0,395.2,4,352.61
2026-01-25 21:00:00,A,21,4,0,426,33.43,500.54,5,469.72
2026-01-25 21:00:00,B,21,4,0,274,10.0,381.73,6,308.96
2026-01-25 21:00:00,C,21,4,0,378,14.16,489.78,4,544.45
2026-01-25 21:00:00,D,21,4,0,431,19.83,470.17,4,400.75
2026-01-25 22:00:00,A,22,4,0,401,10.0,477.65,5,466.96
2026-01-25 22:00:00,B,22,4,0,374,10.0,336.16,6,290.43
2026-01-25 22:00:00,C,22,4,0,362,10.0,532.99,4,485.36
2026-01-25 22:00:00,D,22,4,0,445,10.0,471.53,4,487.41
2026-01-25 23:00:00,A,23,4,0,473,10.0,635.28,5,503.68
2026-01-25 23:00:00,B,23,4,0,436,10.0,438.58,6,377.63
2026-01-25 23:00:00,C,23,4,0,418,10.0,603.78,4,465.1
2026-01-25 23:00:00,D,23,4,0,421,10.0,449.87,4,411.79
2026-01-26 00:00:00,A,0,5,0,572,10.0,761.52,5,601.49
2026-01-26 00:00:00,B,0,5,0,404,29.89,516.69,6,417.3
2026-01-26 00:00:00,C,0,5,0,568,10.0,568.08,4,576.95
2026-01-26 00:00:00,D,0,5,0,517,17.78,564.72,4,619.28
2026-01-26 01:00:00,A,1,5,0,601,10.0,647.19,5,686.3
2026-01-26 01:00:00,B,1,5,0,472,10.0,551.01,6,510.77
2026-01-26 01:00:00,C,1,5,0,652,21.96,707.22,4,628.37
2026-01-26 01:00:00,D,1,5,0,528,11.31,586.64,4,652.22
2026-01-26 02:00:00,A,2,5,0,632,11.41,933.63,5,776.51
2026-01-26 02:00:00,B,2,5,0,561,10.0,680.95,6,504.48
2026-01-26 02:00:00,C,2,5,0,701,10.0,651.86,4,690.47
2026-01-26 02:00:00,D,2,5,0,708,27.57,810.19,4,634.39
2026-01-26 03:00:00,A,3,5,0,731,10.0,867.72,5,787.32
2026-01-26 03:00:00,B,3,5,0,440,25.61,547.07,6,640.35
2026-01-26 03:00:00,C,3,5,0,603,10.0,807.07,4,604.06
2026-01-26 03:00:00,D,3,5,0,560,21.29,684.13,4,645.4
2026-01-26 04:00:00,A,4,5,0,786,10.0,899.61,5,886.2
2026-01-26 04:00:00,B,4,5,0,506,11.89,556.16,6,634.79
2026-01-26 04:00:00,C,4,5,0,615,10.0,687.56,4,690.08
2026-01-26 04:00:00,D,4,5,0,766,10.0,806.96,4,763.78
2026-01-26 05:00:00,A,5,5,0,719,10.0,909.11,5,893.88
2026-01-26 05:00:00,B,5,5,0,562,10.0,571.33,6,643.97
2026-01-26 05:00:00,C,5,5,0,708,10.0,811.7,4,823.21
2026-01-26 05:00:00,D,5,5,0,839,11.32,822.33,4,772.83
2026-01-26 06:00:00,A,6,5,0,737,10.0,802.71,5,808.91
2026-01-26 06:00:00,B,6,5,0,616,10.89,769.95,6,613.5
2026-01-26 06:00:00,C,6,5,0,802,10.0,782.7,4,791.29
2026-01-26 06:00:00,D,6,5,0,846,10.0,851.7,4,828.78
2026-01-26 07:00:00,A,7,5,1,1255,10.09,1341.43,5,1292.0
2026-01-26 07:00:00,B,7,5,1,689,16.04,1034.34,6,1035.99
2026-01-26 07:00:00,C,7,5,1,1057,10.0,1229.08,4,1180.27
2026-01-26 07:00:00,D,7,5,1,938,13.89,1160.69,4,1140.84
2026-01-26 08:00:00,A,8,5,1,1065,14.93,1324.25,5,1370.18
2026-01-26 08:00:00,B,8,5,1,930,15.65,1026.28,6,1052.77
2026-01-26 08:00:00,C,8,5,1,846,10.24,1099.62,4,1190.42
2026-01-26 08:00:00,D,8,5,1,1143,11.41,985.77,4,1186.28
2026-01-26 09:00:00,A,9,5,1,1096,14.92,1346.35,5,1208.08
2026-01-26 09:00:00,B,9,5,1,882,10.0,821.83,6,992.95
2026-01-26 09:00:00,C,9,5,1,950,10.0,1081.79,4,1002.48
2026-01-26 09:00:00,D,9,5,1,843,10.97,990.98,4,1135.69
2026-01-26 10:00:00,A,10,5,0,793,12.24,701.58,5,683.14
2026-01-26 10:00:00,B,10,5,0,506,10.0,598.53,6,599.47
2026-01-26 10:00:00,C,10,5,0,653,19.35,721.49,4,679.5
2026-01-26 10:00:00,D,10,5,0,515,10.0,822.12,4,621.09
2026-01-26 11:00:00,A,11,5,0,651,10.0,671.69,5,611.24
2026-01-26 11:00:00,B,11,5,0,414,10.0,566.09,6,519.16
2026-01-26 11:00:00,C,11,5,0,645,10.0,622.53,4,629.63
2026-01-26 11:00:00,D,11,5,0,536,10.0,680.7,4,561.78
2026-01-26 12:00:00,A,12,5,0,565,10.21,639.97,5,683.03
2026-01-26 12:00:00,B,12,5,0,405,10.0,488.34,6,455.17
2026-01-26 12:00:00,C,12,5,0,542,13.68,550.63,4,615.26
2026-01-26 12:00:00,D,12,5,0,487,11.03,679.75,4,510.55
2026-01-26 13:00:00,A,13,5,0,575,10.0,620.22,5,546.32
2026-01-26 13:00:00,B,13,5,0,390,10.0,477.25,6,460.12
2026-01-26 13:00:00,C,13,5,0,425,10.0,615.57,4,457.68
2026-01-26 13:00:00,D,13,5,0,456,10.0,568.42,4,518.53
2026-01-26 14:00:00,A,14,5,0,494,10.0,516.04,5,493.6
2026-01-26 14:00:00,B,14,5,0,305,17.08,346.06,6,266.76
2026-01-26 14:00:00,C,14,5,0,378,15.21,420.14,4,327.21
2026-01-26 14:00:00,D,14,5,0,438,14.4,542.47,4,450.83
2026-01-26 15:00:00,A,15,5,0,435,10.0,432.93,5,454.79
2026-01-26 15:00:00,B,15,5,0,303,13.43,335.24,6,277.65
2026-01-26 15:00:00,C,15,5,0,369,11.05,480.79,4,446.12
2026-01-26 15:00:00,D,15,5,0,354,10.0,444.73,4,369.23
2026-01-26 16:00:00,A,16,5,1,579,10.0,572.08,5,816.01
2026-01-26 16:00:00,B,16,5,1,378,10.0,489.45,6,451.88
2026-01-26 16:00:00,C,16,5,1,432,10.0,623.6,4,608.17
2026-01-26 16:00:00,D,16,5,1,502,15.68,576.94,4,577.61
2026-01-26 17:00:00,A,17,5,1,419,10.0,553.21,5,686.76
2026-01-26 17:00:00,B,17,5,1,423,10.0,443.94,6,511.57
2026-01-26 17:00:00,C,17,5,1,419,10.0,580.95,4,547.39
2026-01-26 17:00:00,D,17,5,1,465,10.0,598.04,4,588.6
2026-01-26 18:00:00,A,18,5,1,404,10.0,515.42,5,649.53
2026-01-26 18:00:00,B,18,5,1,409,17.22,368.64,6,470.63
2026-01-26 18:00:00,C,18,5,1,422,10.0,481.62,4,625.09
2026-01-26 18:00:00,D,18,5,1,389,10.0,528.09,4,611.52
2026-01-26 19:00:00,A,19,5,1,513,10.0,667.6,5,663.8
2026-01-26 19:00:00,B,19,5,1,326,10.0,374.61,6,483.74
2026-01-26 19:00:00,C,19,5,1,497,10.0,479.35,4,660.89
2026-01-26 19:00:00,D,19,5,1,460,31.03,503.87,4,616.36
2026-01-26 20:00:00,A,20,5,0,330,10.0,439.47,5,379.16
2026-01-26 20:00:00,B,20,5,0,264,10.0,283.7,6,237.87
2026-01-26 20:00:00,C,20,5,0,298,10.0,343.17,4,337.49
2026-01-26 20:00:00,D,20,5,0,284,10.0,340.52,4,434.33
2026-01-26 21:00:00,A,21,5,0,362,13.6,446.93,5,382.79
2026-01-26 21:00:00,B,21,5,0,246,14.74,307.33,6,295.2
2026-01-26 21:00:00,C,21,5,0,344,15.1,422.96,4,402.58
2026-01-26 21:00:00,D,21,5,0,386,10.0,473.52,4,400.64
2026-01-26 22:00:00,A,22,5,0,454,10.0,479.91,5,454.45
2026-01-26 22:00:00,B,22,5,0,346,22.69,422.3,6,391.0
2026-01-26 22:00:00,C,22,5,0,436,10.0,411.94,4,425.23
2026-01-26 22:00:00,D,22,5,0,473,23.51,446.58,4,375.93
2026-01-26 23:00:00,A,23,5,0,464,11.19,689.11,5,511.74
2026-01-26 23:00:00,B,23,5,0,335,10.0,430.23,6,407.12
2026-01-26 23:00:00,C,23,5,0,491,10.0,576.16,4,511.82
2026-01-26 23:00:00,D,23,5,0,528,10.0,616.25,4,566.8
2026-01-27 00:00:00,A,0,6,0,584,13.6,749.35,5,679.66
2026-01-27 00:00:00,B,0,6,0,376,10.0,425.89,6,490.86
2026-01-27 00:00:00,C,0,6,0,610,19.7,668.95,4,579.86
2026-01-27 00:00:00,D,0,6,0,596,10.0,652.19,4,575.63
2026-01-27 01:00:00,A,1,6,0,556,11.96,823.13,5,705.57
2026-01-27 01:00:00,B,1,6,0,495,15.15,582.82,6,498.38
2026-01-27 01:00:00,C,1,6,0,556,23.32,623.27,4,532.28
2026-01-27 01:00:00,D,1,6,0,530,14.09,714.37,4,673.96
2026-01-27 02:00:00,A,2,6,0,786,10.0,920.4,5,732.55
2026-01-27 02:00:00,B,2,6,0,527,22.99,555.68,6,580.61
2026-01-27 02:00:00,C,2,6,0,675,15.47,798.04,4,669.5
2026-01-27 02:00:00,D,2,6,0,633,10.0,790.13,4,655.26
2026-01-27 03:00:00,A,3,6,0,763,10.0,946.88,5,794.04
2026-01-27 03:00:00,B,3,6,0,493,12.38,624.63,6,571.21
2026-01-27 03:00:00,C,3,6,0,602,10.0,724.91,4,785.53
2026-01-27 03:00:00,D,3,6,0,678,10.0,752.83,4,691.83
2026-01-27 04:00:00,A,4,6,0,781,10.0,864.14,5,855.18
2026-01-27 04:00:00,B,4,6,0,619,10.0,672.34,6,565.09
2026-01-27 04:00:00,C,4,6,0,597,18.51,941.16,4,843.31
2026-01-27 04:00:00,D,4,6,0,625,10.0,854.25,4,777.24
2026-01-27 05:00:00,A,5,6,0,679,12.15,886.44,5,874.85
2026-01-27 05:00:00,B,5,6,0,686,10.0,692.46,6,646.3
2026-01-27 05:00:00,C,5,6,0,703,16.14,757.82,4,881.03
2026-01-27 05:00:00,D,5,6,0,618,10.0,798.53,4,798.66
2026-01-27 06:00:00,A,6,6,0,918,10.0,1064.86,5,867.58
2026-01-27 06:00:00,B,6,6,0,505,21.99,654.27,6,615.39
2026-01-27 06:00:00,C,6,6,0,698,28.64,940.01,4,699.55
2026-01-27 06:00:00,D,6,6,0,669,10.0,959.74,4,819.43
2026-01-27 07:00:00,A,7,6,1,975,13.45,1513.47,5,1307.06
2026-01-27 07:00:00,B,7,6,1,943,10.0,962.9,6,1030.71
2026-01-27 07:00:00,C,7,6,1,893,10.0,998.97,4,1288.15
2026-01-27 07:00:00,D,7,6,1,1029,10.0,1137.86,4,1189.57
2026-01-27 08:00:00,A,8,6,1,1031,15.12,1148.35,5,1239.24
2026-01-27 08:00:00,B,8,6,1,712,10.54,872.38,6,1087.8
2026-01-27 08:00:00,C,8,6,1,1130,10.0,1300.09,4,1196.48
2026-01-27 08:00:00,D,8,6,1,1145,19.29,1251.03,4,1231.91
2026-01-27 09:00:00,A,9,6,1,921,12.61,1043.9,5,1237.21
2026-01-27 09:00:00,B,9,6,1,680,18.86,918.33,6,904.11
2026-01-27 09:00:00,C,9,6,1,1030,26.56,1073.85,4,1186.67
2026-01-27 09:00:00,D,9,6,1,872,19.92,1044.86,4,1134.78
2026-01-27 10:00:00,A,10,6,0,749,14.91,825.96,5,781.25
2026-01-27 10:00:00,B,10,6,0,494,10.0,503.95,6,524.54
2026-01-27 10:00:00,C,10,6,0,591,14.69,773.08,4,625.05
2026-01-27 10:00:00,D,10,6,0,513,10.0,795.84,4,732.91
2026-01-27 11:00:00,A,11,6,0,660,10.0,734.62,5,746.22
2026-01-27 11:00:00,B,11,6,0,510,10.0,621.85,6,499.31
2026-01-27 11:00:00,C,11,6,0,472,10.0,694.54,4,558.16
2026-01-27 11:00:00,D,11,6,0,631,12.54,600.84,4,551.5
2026-01-27 12:00:00,A,12,6,0,650,10.0,726.38,5,564.62
2026-01-27 12:00:00,B,12,6,0,351,10.0,421.46,6,498.31
2026-01-27 12:00:00,C,12,6,0,440,10.0,672.18,4,553.52
2026-01-27 12:00:00,D,12,6,0,486,10.0,666.87,4,533.19
2026-01-27 13:00:00,A,13,6,0,593,10.0,570.35,5,535.76
2026-01-27 13:00:00,B,13,6,0,354,10.0,494.54,6,358.11
2026-01-27 13:00:00,C,13,6,0,493,10.0,548.8,4,555.02
2026-01-27 13:00:00,D,13,6,0,451,10.0,568.85,4,514.94
2026-01-27 14:00:00,A,14,6,0,411,10.0,486.95,5,525.97
2026-01-27 14:00:00,B,14,6,0,385,10.0,396.79,6,392.73
2026-01-27 14:00:00,C,14,6,0,485,15.16,519.87,4,473.18
2026-01-27 14:00:00,D,14,6,0,409,10.0,422.56,4,381.64
2026-01-27 15:00:00,A,15,6,0,365,10.21,517.91,5,426.0
2026-01-27 15:00:00,B,15,6,0,250,10.0,360.51,6,290.96
2026-01-27 15:00:00,C,15,6,0,368,10.0,397.21,4,397.58
2026-01-27 15:00:00,D,15,6,0,364,10.0,390.27,4,413.81
2026-01-27 16:00:00,A,16,6,1,434,23.58,564.2,5,734.5
2026-01-27 16:00:00,B,16,6,1,419,23.49,428.12,6,508.25
2026-01-27 16:00:00,C,16,6,1,442,10.0,546.47,4,551.51
2026-01-27 16:00:00,D,16,6,1,523,10.0,556.2,4,613.65
2026-01-27 17:00:00,A,17,6,1,581,10.0,531.26,5,604.67
2026-01-27 17:00:00,B,17,6,1,384,10.0,440.13,6,505.02
2026-01-27 17:00:00,C,17,6,1,485,10.0,515.81,4,620.31
2026-01-27 17:00:00,D,17,6,1,475,10.0,599.38,4,593.7
2026-01-27 18:00:00,A,18,6,1,527,16.48,635.1,5,657.11
2026-01-27 18:00:00,B,18,6,1,325,10.0,408.04,6,466.88
2026-01-27 18:00:00,C,18,6,1,499,10.0,537.23,4,527.53
2026-01-27 18:00:00,D,18,6,1,497,13.22,491.43,4,548.77
2026-01-27 19:00:00,A,19,6,1,549,10.0,506.09,5,595.89
2026-01-27 19:00:00,B,19,6,1,350,10.0,444.7,6,484.02
2026-01-27 19:00:00,C,19,6,1,371,18.74,515.43,4,568.98
2026-01-27 19:00:00,D,19,6,1,510,21.69,517.5,4,645.4
2026-01-27 20:00:00,A,20,6,0,426,17.67,467.05,5,432.8
2026-01-27 20:00:00,B,20,6,0,289,10.0,351.08,6,345.64
2026-01-27 20:00:00,C,20,6,0,297,10.0,385.99,4,322.55
2026-01-27 20:00:00,D,20,6,0,318,10.0,342.51,4,330.9
2026-01-27 21:00:00,A,21,6,0,478,13.71,459.26,5,478.67
2026-01-27 21:00:00,B,21,6,0,310,10.0,313.53,6,351.28
2026-01-27 21:00:00,C,21,6,0,372,10.0,486.79,4,402.62
2026-01-27 21:00:00,D,21,6,0,367,10.0,487.36,4,360.03
2026-01-27 22:00:00,A,22,6,0,509,10.0,487.76,5,535.37
2026-01-27 22:00:00,B,22,6,0,285,10.0,415.79,6,336.04
2026-01-27 22:00:00,C,22,6,0,425,10.0,541.63,4,461.78
2026-01-27 22:00:00,D,22,6,0,414,10.0,473.4,4,414.87
2026-01-27 23:00:00,A,23,6,0,606,10.0,518.23,5,535.32
2026-01-27 23:00:00,B,23,6,0,385,13.08,459.97,6,423.39
2026-01-27 23:00:00,C,23,6,0,434,10.0,547.61,4,524.89
2026-01-27 23:00:00,D,23,6,0,515,10.0,522.24,4,455.88
2026-01-28 00:00:00,A,0,7,0,512,10.0,672.05,5,628.64
2026-01-28 00:00:00,B,0,7,0,463,12.63,461.87,6,442.32
2026-01-28 00:00:00,C,0,7,0,522,10.0,507.17,4,502.71
2026-01-28 00:00:00,D,0,7,0,414,10.0,477.72,4,512.04
2026-01-28 01:00:00,A,1,7,0,516,17.29,751.16,5,584.21
2026-01-28 01:00:00,B,1,7,0,373,10.0,496.88,6,465.69
2026-01-28 01:00:00,C,1,7,0,581,10.0,589.51,4,549.62
2026-01-28 01:00:00,D,1,7,0,488,10.0,631.48,4,616.49
2026-01-28 02:00:00,A,2,7,0,783,10.0,682.99,5,694.56
2026-01-28 02:00:00,B,2,7,0,516,10.0,612.86,6,580.05
2026-01-28 02:00:00,C,2,7,0,708,10.0,730.58,4,711.23
2026-01-28 02:00:00,D,2,7,0,651,10.0,623.36,4,627.26
2026-01-28 03:00:00,A,3,7,0,659,17.92,793.49,5,812.61
2026-01-28 03:00:00,B,3,7,0,502,10.0,549.22,6,577.58
2026-01-28 03:00:00,C,3,7,0,599,10.0,813.31,4,681.97
2026-01-28 03:00:00,D,3,7,0,641,10.0,799.86,4,735.13
2026-01-28 04:00:00,A,4,7,0,679,20.43,726.79,5,754.18
2026-01-28 04:00:00,B,4,7,0,593,10.0,553.19,6,579.03
2026-01-28 04:00:00,C,4,7,0,626,23.27,872.89,4,706.98
2026-01-28 04:00:00,D,4,7,0,687,31.83,754.85,4,653.07
2026-01-28 05:00:00,A,5,7,0,808,10.0,1023.96,5,776.92
2026-01-28 05:00:00,B,5,7,0,510,10.0,667.33,6,584.02
2026-01-28 05:00:00,C,5,7,0,570,22.13,711.3,4,723.99
2026-01-28 05:00:00,D,5,7,0,729,15.35,778.67,4,683.68
2026-01-28 06:00:00,A,6,7,0,723,10.0,1036.49,5,755.2
2026-01-28 06:00:00,B,6,7,0,557,22.54,566.89,6,602.25
2026-01-28 06:00:00,C,6,7,0,737,15.45,814.98,4,686.85
2026-01-28 06:00:00,D,6,7,0,575,10.0,711.3,4,691.87
2026-01-28 07:00:00,A,7,7,1,981,10.0,1481.6,5,1344.33
2026-01-28 07:00:00,B,7,7,1,953,10.0,871.37,6,998.97
2026-01-28 07:00:00,C,7,7,1,1135,29.67,1120.34,4,1169.04
2026-01-28 07:00:00,D,7,7,1,1059,10.0,1211.07,4,1114.31
2026-01-28 08:00:00,A,8,7,1,1144,16.04,1336.05,5,1234.45
2026-01-28 08:00:00,B,8,7,1,825,10.0,807.45,6,1073.97
2026-01-28 08:00:00,C,8,7,1,1064,21.69,1105.91,4,1113.26
2026-01-28 08:00:00,D,8,7,1,878,33.22,1106.69,4,1238.37
2026-01-28 09:00:00,A,9,7,1,1078,30.74,1039.19,5,1195.94
2026-01-28 09:00:00,B,9,7,1,663,10.0,972.61,6,936.18
2026-01-28 09:00:00,C,9,7,1,848,10.0,1227.79,4,1149.46
2026-01-28 09:00:00,D,9,7,1,840,11.42,927.72,4,1126.78
2026-01-28 10:00:00,A,10,7,0,787,10.0,804.74,5,726.41
2026-01-28 10:00:00,B,10,7,0,496,10.0,496.68,6,497.25
2026-01-28 10:00:00,C,10,7,0,524,10.0,628.31,4,672.39
2026-01-28 10:00:00,D,10,7,0,691,15.86,631.97,4,584.62
2026-01-28 11:00:00,A,11,7,0,713,20.35,776.68,5,677.72
2026-01-28 11:00:00,B,11,7,0,397,11.45,510.13,6,521.47
2026-01-28 11:00:00,C,11,7,0,460,10.0,592.22,4,651.18
2026-01-28 11:00:00,D,11,7,0,563,10.0,597.22,4,576.54
2026-01-28 12:00:00,A,12,7,0,591,10.0,637.88,5,690.83
2026-01-28 12:00:00,B,12,7,0,458,10.0,405.8,6,518.09
2026-01-28 12:00:00,C,12,7,0,419,22.07,643.06,4,481.13
2026-01-28 12:00:00,D,12,7,0,574,10.0,512.52,4,498.48
2026-01-28 13:00:00,A,13,7,0,405,12.15,583.58,5,590.98
2026-01-28 13:00:00,B,13,7,0,362,10.0,389.59,6,323.75
2026-01-28 13:00:00,C,13,7,0,480,11.76,535.07,4,487.79
2026-01-28 13:00:00,D,13,7,0,488,10.0,501.83,4,496.4
2026-01-28 14:00:00,A,14,7,0,432,10.0,465.52,5,428.3
2026-01-28 14:00:00,B,14,7,0,294,10.0,435.01,6,426.9
2026-01-28 14:00:00,C,14,7,0,383,10.0,471.58,4,387.33
2026-01-28 14:00:00,D,14,7,0,435,10.0,402.64,4,409.88
2026-01-28 15:00:00,A,15,7,0,422,10.0,405.58,5,422.8
2026-01-28 15:00:00,B,15,7,0,339,10.0,384.42,6,323.21
2026-01-28 15:00:00,C,15,7,0,328,10.0,407.66,4,497.7
2026-01-28 15:00:00,D,15,7,0,305,10.0,358.07,4,322.52
2026-01-28 16:00:00,A,16,7,1,573,10.0,609.63,5,699.99
2026-01-28 16:00:00,B,16,7,1,397,13.06,397.73,6,541.8
2026-01-28 16:00:00,C,16,7,1,397,10.0,481.8,4,573.97
2026-01-28 16:00:00,D,16,7,1,459,10.0,486.65,4,600.24
2026-01-28 17:00:00,A,17,7,1,427,10.0,626.46,5,639.22
2026-01-28 17:00:00,B,17,7,1,407,13.6,456.73,6,425.63
2026-01-28 17:00:00,C,17,7,1,443,10.0,535.19,4,444.04
2026-01-28 17:00:00,D,17,7,1,364,12.43,444.42,4,523.33
2026-01-28 18:00:00,A,18,7,1,497,18.16,519.51,5,613.05
2026-01-28 18:00:00,B,18,7,1,340,10.0,437.19,6,516.19
2026-01-28 18:00:00,C,18,7,1,471,10.0,429.61,4,631.51
2026-01-28 18:00:00,D,18,7,1,423,10.0,546.11,4,574.09
2026-01-28 19:00:00,A,19,7,1,415,10.0,580.01,5,715.65
2026-01-28 19:00:00,B,19,7,1,305,13.63,428.67,6,447.61
2026-01-28 19:00:00,C,19,7,1,403,10.0,457.95,4,567.22
2026-01-28 19:00:00,D,19,7,1,430,10.0,509.72,4,576.0
2026-01-28 20:00:00,A,20,7,0,347,17.38,419.98,5,446.56
2026-01-28 20:00:00,B,20,7,0,244,12.48,294.96,6,199.91
2026-01-28 20:00:00,C,20,7,0,269,21.93,412.0,4,397.68
2026-01-28 20:00:00,D,20,7,0,306,10.0,427.86,4,334.66
2026-01-28 21:00:00,A,21,7,0,457,10.0,438.91,5,362.94
2026-01-28 21:00:00,B,21,7,0,264,10.0,355.21,6,355.38
2026-01-28 21:00:00,C,21,7,0,307,10.0,473.35,4,375.99
2026-01-28 21:00:00,D,21,7,0,374,18.54,343.99,4,481.37
2026-01-28 22:00:00,A,22,7,0,509,10.57,510.8,5,372.75
2026-01-28 22:00:00,B,22,7,0,290,13.84,331.58,6,347.66
2026-01-28 22:00:00,C,22,7,0,397,10.0,419.96,4,477.38
2026-01-28 22:00:00,D,22,7,0,329,26.75,503.53,4,393.12
2026-01-28 23:00:00,A,23,7,0,495,10.0,567.13,5,512.89
2026-01-28 23:00:00,B,23,7,0,401,10.0,380.01,6,453.29
2026-01-28 23:00:00,C,23,7,0,367,18.79,599.51,4,459.42
2026-01-28 23:00:00,D,23,7,0,382,10.0,526.49,4,429.29
2026-01-01 00:00:00,A,0,1,0,459,10.0,573.12,5,551.08
2026-01-01 00:00:00,B,0,1,0,472,10.0,485.89,6,391.09
2026-01-01 00:00:00,C,0,1,0,469,19.77,493.1,4,552.2
2026-01-01 00:00:00,D,0,1,0,574,10.0,476.89,4,498.45
2026-01-01 01:00:00,A,1,1,0,505,10.0,767.89,5,667.82
2026-01-01 01:00:00,B,1,1,0,484,27.15,475.01,6,484.61
2026-01-01 01:00:00,C,1,1,0,632,22.75,591.25,4,582.97
2026-01-01 01:00:00,D,1,1,0,574,10.0,688.8,4,637.22
2026-01-01 02:00:00,A,2,1,0,555,15.39,715.25,5,684.56
2026-01-01 02:00:00,B,2,1,0,520,10.0,481.1,6,546.98
2026-01-01 02:00:00,C,2,1,0,603,13.42,802.45,4,618.83
2026-01-01 02:00:00,D,2,1,0,660,10.0,737.07,4,704.65
2026-01-01 03:00:00,A,3,1,0,679,33.87,898.11,5,796.15
2026-01-01 03:00:00,B,3,1,0,564,10.0,515.24,6,621.89
2026-01-01 03:00:00,C,3,1,0,532,10.0,842.74,4,658.72
2026-01-01 03:00:00,D,3,1,0,523,25.29,663.65,4,776.22
2026-01-01 04:00:00,A,4,1,0,646,10.0,797.76,5,774.33
2026-01-01 04:00:00,B,4,1,0,605,10.0,535.16,6,546.4
2026-01-01 04:00:00,C,4,1,0,736,10.0,813.86,4,670.04
2026-01-01 04:00:00,D,4,1,0,669,10.8,858.09,4,712.76
2026-01-01 05:00:00,A,5,1,0,659,21.02,938.82,5,902.86
2026-01-01 05:00:00,B,5,1,0,482,12.24,644.01,6,563.9
2026-01-01 05:00:00,C,5,1,0,812,10.0,713.15,4,736.77
2026-01-01 05:00:00,D,5,1,0,606,10.0,708.01,4,693.53
2026-01-01 06:00:00,A,6,1,0,754,13.79,916.55,5,866.32
2026-01-01 06:00:00,B,6,1,0,583,10.0,725.18,6,712.48
2026-01-01 06:00:00,C,6,1,0,602,10.0,685.01,4,746.79
2026-01-01 06:00:00,D,6,1,0,635,10.0,912.53,4,743.04
2026-01-01 07:00:00,A,7,1,1,1055,10.0,1308.04,5,1278.06
2026-01-01 07:00:00,B,7,1,1,910,17.09,916.27,6,950.08
2026-01-01 07:00:00,C,7,1,1,991,10.0,1300.66,4,1213.91
2026-01-01 07:00:00,D,7,1,1,1071,16.09,1089.36,4,1100.04
2026-01-01 08:00:00,A,8,1,1,936,23.96,1417.94,5,1355.45
2026-01-01 08:00:00,B,8,1,1,640,10.0,763.38,6,991.6
2026-01-01 08:00:00,C,8,1,1,872,12.44,1069.64,4,1163.4
2026-01-01 08:00:00,D,8,1,1,930,23.69,920.87,4,1145.04
2026-01-01 09:00:00,A,9,1,1,962,12.17,1022.27,5,1192.49
2026-01-01 09:00:00,B,9,1,1,679,22.56,752.36,6,850.57
2026-01-01 09:00:00,C,9,1,1,775,20.62,1142.24,4,1073.62
2026-01-01 09:00:00,D,9,1,1,856,10.0,1064.72,4,1042.3
2026-01-01 10:00:00,A,10,1,0,546,10.0,782.99,5,682.62
2026-01-01 10:00:00,B,10,1,0,489,10.0,511.14,6,574.18
2026-01-01 10:00:00,C,10,1,0,705,10.0,662.21,4,578.95
2026-01-01 10:00:00,D,10,1,0,570,11.97,718.72,4,610.76
2026-01-01 11:00:00,A,11,1,0,634,10.0,609.85,5,664.11
2026-01-01 11:00:00,B,11,1,0,493,10.0,528.27,6,460.47
2026-01-01 11:00:00,C,11,1,0,520,21.2,726.25,4,618.59
2026-01-01 11:00:00,D,11,1,0,467,10.0,647.61,4,581.19
2026-01-01 12:00:00,A,12,1,0,651,18.26,575.61,5,574.2
2026-01-01 12:00:00,B,12,1,0,395,10.0,401.68,6,339.93
2026-01-01 12:00:00,C,12,1,0,591,10.0,653.67,4,565.35
2026-01-01 12:00:00,D,12,1,0,536,10.0,611.7,4,547.14
2026-01-01 13:00:00,A,13,1,0,427,10.0,521.51,5,556.37
2026-01-01 13:00:00,B,13,1,0,304,10.0,359.94,6,360.73
2026-01-01 13:00:00,C,13,1,0,472,10.0,556.44,4,482.5
2026-01-01 13:00:00,D,13,1,0,477,10.0,515.89,4,548.62
2026-01-01 14:00:00,A,14,1,0,499,10.0,515.83,5,540.34
2026-01-01 14:00:00,B,14,1,0,329,10.0,365.48,6,368.23
2026-01-01 14:00:00,C,14,1,0,405,13.54,400.54,4,369.02
2026-01-01 14:00:00,D,14,1,0,430,10.51,427.77,4,336.18
2026-01-01 15:00:00,A,15,1,0,371,10.0,511.16,5,432.21
2026-01-01 15:00:00,B,15,1,0,317,22.72,323.78,6,339.77
2026-01-01 15:00:00,C,15,1,0,382,10.0,377.84,4,436.27
2026-01-01 15:00:00,D,15,1,0,317,10.0,470.16,4,325.69
2026-01-01 16:00:00,A,16,1,1,447,10.0,523.78,5,688.71
2026-01-01 16:00:00,B,16,1,1,324,10.0,453.77,6,524.91
2026-01-01 16:00:00,C,16,1,1,546,10.0,607.06,4,670.87
2026-01-01 16:00:00,D,16,1,1,512,17.17,579.81,4,541.89
2026-01-01 17:00:00,A,17,1,1,441,10.0,591.29,5,698.93
2026-01-01 17:00:00,B,17,1,1,419,10.0,479.51,6,442.23
2026-01-01 17:00:00,C,17,1,1,517,10.0,497.04,4,566.73
2026-01-01 17:00:00,D,17,1,1,491,10.0,574.05,4,653.08
2026-01-01 18:00:00,A,18,1,1,416,10.0,532.91,5,618.16
2026-01-01 18:00:00,B,18,1,1,319,13.39,370.5,6,543.81
2026-01-01 18:00:00,C,18,1,1,385,11.17,441.74,4,616.81
2026-01-01 18:00:00,D,18,1,1,456,12.66,517.62,4,568.71
2026-01-01 19:00:00,A,19,1,1,404,10.0,654.99,5,619.76
2026-01-01 19:00:00,B,19,1,1,401,10.0,432.11,6,501.86
2026-01-01 19:00:00,C,19,1,1,510,10.0,591.71,4,580.53
2026-01-01 19:00:00,D,19,1,1,385,10.0,449.64,4,590.6
2026-01-01 20:00:00,A,20,1,0,318,10.0,473.56,5,389.34
2026-01-01 20:00:00,B,20,1,0,219,10.0,318.76,6,258.88
2026-01-01 20:00:00,C,20,1,0,271,10.0,347.52,4,378.45
2026-01-01 20:00:00,D,20,1,0,340,10.0,391.68,4,326.73
2026-01-01 21:00:00,A,21,1,0,465,10.0,443.28,5,430.61
2026-01-01 21:00:00,B,21,1,0,239,10.0,357.1,6,328.53
2026-01-01 21:00:00,C,21,1,0,360,10.0,434.96,4,339.64
2026-01-01 21:00:00,D,21,1,0,312,10.0,442.91,4,349.26
2026-01-01 22:00:00,A,22,1,0,363,22.59,486.37,5,478.19
2026-01-01 22:00:00,B,22,1,0,356,10.0,378.71,6,332.17
2026-01-01 22:00:00,C,22,1,0,405,10.0,516.11,4,396.69
2026-01-01 22:00:00,D,22,1,0,354,10.0,524.37,4,409.79
2026-01-01 23:00:00,A,23,1,0,416,11.8,574.03,5,442.09
2026-01-01 23:00:00,B,23,1,0,337,11.23,481.73,6,349.53
2026-01-01 23:00:00,C,23,1,0,407,10.0,548.78,4,525.24
2026-01-01 23:00:00,D,23,1,0,411,16.61,467.61,4,477.65
2026-01-02 00:00:00,A,0,2,0,512,16.92,692.41,5,597.45
2026-01-02 00:00:00,B,0,2,0,370,10.0,439.21,6,514.99
2026-01-02 00:00:00,C,0,2,0,598,10.0,629.12,4,585.97
2026-01-02 00:00:00,D,0,2,0,542,10.0,610.65,4,561.39
2026-01-02 01:00:00,A,1,2,0,656,10.0,710.71,5,536.6
2026-01-02 01:00:00,B,1,2,0,533,10.0,610.02,6,494.95
2026-01-02 01:00:00,C,1,2,0,674,10.0,592.04,4,643.79
2026-01-02 01:00:00,D,1,2,0,532,27.27,755.84,4,592.27
2026-01-02 02:00:00,A,2,2,0,729,10.0,803.92,5,754.9
2026-01-02 02:00:00,B,2,2,0,509,16.39,499.06,6,478.17
2026-01-02 02:00:00,C,2,2,0,559,10.0,745.37,4,755.71
2026-01-02 02:00:00,D,2,2,0,684,10.0,699.96,4,676.88
2026-01-02 03:00:00,A,3,2,0,689,34.82,849.36,5,814.2
2026-01-02 03:00:00,B,3,2,0,545,10.0,594.18,6,485.38
2026-01-02 03:00:00,C,3,2,0,572,10.0,728.72,4,724.11
2026-01-02 03:00:00,D,3,2,0,762,15.63,689.39,4,747.23
2026-01-02 04:00:00,A,4,2,0,817,13.21,967.81,5,886.47
2026-01-02 04:00:00,B,4,2,0,607,10.0,734.23,6,546.41
2026-01-02 04:00:00,C,4,2,0,711,10.0,905.74,4,747.15
2026-01-02 04:00:00,D,4,2,0,742,10.0,833.21,4,791.34
2026-01-02 05:00:00,A,5,2,0,801,10.0,869.05,5,862.95
2026-01-02 05:00:00,B,5,2,0,631,35.49,722.01,6,590.5
2026-01-02 05:00:00,C,5,2,0,646,10.0,811.72,4,756.12
2026-01-02 05:00:00,D,5,2,0,697,10.81,888.24,4,819.43
2026-01-02 06:00:00,A,6,2,0,924,15.51,934.49,5,884.82
2026-01-02 06:00:00,B,6,2,0,531,10.0,789.25,6,684.77
2026-01-02 06:00:00,C,6,2,0,695,15.59,868.93,4,788.8
2026-01-02 06:00:00,D,6,2,0,830,34.78,759.62,4,741.1
2026-01-02 07:00:00,A,7,2,1,933,37.27,1322.79,5,1383.91
2026-01-02 07:00:00,B,7,2,1,783,10.0,1001.56,6,978.01
2026-01-02 07:00:00,C,7,2,1,1181,12.32,1322.68,4,1153.89
2026-01-02 07:00:00,D,7,2,1,969,18.38,1326.08,4,1191.26
2026-01-02 08:00:00,A,8,2,1,1241,19.84,1305.65,5,1330.98
2026-01-02 08:00:00,B,8,2,1,779,10.0,1041.27,6,953.24
2026-01-02 08:00:00,C,8,2,1,969,10.0,1279.94,4,1289.99
2026-01-02 08:00:00,D,8,2,1,934,16.11,1264.9,4,1113.65
2026-01-02 09:00:00,A,9,2,1,1153,10.0,1050.8,5,1289.89
2026-01-02 09:00:00,B,9,2,1,687,10.0,981.05,6,879.37
2026-01-02 09:00:00,C,9,2,1,942,17.46,969.61,4,1075.95
2026-01-02 09:00:00,D,9,2,1,934,19.09,1176.27,4,1131.19
2026-01-02 10:00:00,A,10,2,0,572,10.0,918.16,5,745.36
2026-01-02 10:00:00,B,10,2,0,545,10.0,663.3,6,574.54
2026-01-02 10:00:00,C,10,2,0,715,10.0,728.06,4,653.23
2026-01-02 10:00:00,D,10,2,0,587,22.73,600.14,4,759.79
2026-01-02 11:00:00,A,11,2,0,646,10.0,621.81,5,695.02
2026-01-02 11:00:00,B,11,2,0,454,10.0,542.58,6,470.61
2026-01-02 11:00:00,C,11,2,0,533,10.0,698.81,4,554.07
2026-01-02 11:00:00,D,11,2,0,615,10.0,702.44,4,651.55
2026-01-02 12:00:00,A,12,2,0,493,10.0,655.79,5,685.95
2026-01-02 12:00:00,B,12,2,0,354,10.0,498.99,6,507.81
2026-01-02 12:00:00,C,12,2,0,528,35.44,624.21,4,580.76
2026-01-02 12:00:00,D,12,2,0,543,10.0,548.26,4,462.25
2026-01-02 13:00:00,A,13,2,0,535,10.0,588.35,5,524.37
2026-01-02 13:00:00,B,13,2,0,370,13.79,430.0,6,389.35
2026-01-02 13:00:00,C,13,2,0,467,18.0,501.89,4,478.02
2026-01-02 13:00:00,D,13,2,0,498,34.25,570.3,4,559.79
2026-01-02 14:00:00,A,14,2,0,431,10.0,476.46,5,458.98
2026-01-02 14:00:00,B,14,2,0,328,20.54,344.76,6,314.41
2026-01-02 14:00:00,C,14,2,0,385,10.0,502.71,4,400.13
2026-01-02 14:00:00,D,14,2,0,335,10.0,515.94,4,496.85
2026-01-02 15:00:00,A,15,2,0,441,10.0,537.62,5,491.55
2026-01-02 15:00:00,B,15,2,0,301,10.0,369.7,6,274.73
2026-01-02 15:00:00,C,15,2,0,403,10.0,422.97,4,336.29
2026-01-02 15:00:00,D,15,2,0,319,10.0,492.86,4,476.75
2026-01-02 16:00:00,A,16,2,1,590,10.0,682.49,5,685.63
2026-01-02 16:00:00,B,16,2,1,405,10.0,445.45,6,490.9
2026-01-02 16:00:00,C,16,2,1,464,10.0,565.74,4,648.54
2026-01-02 16:00:00,D,16,2,1,390,10.0,475.64,4,523.37
2026-01-02 17:00:00,A,17,2,1,511,10.0,503.43,5,617.0
2026-01-02 17:00:00,B,17,2,1,407,18.95,388.86,6,464.96
2026-01-02 17:00:00,C,17,2,1,473,10.0,482.83,4,564.69
2026-01-02 17:00:00,D,17,2,1,398,10.0,442.04,4,595.89
2026-01-02 18:00:00,A,18,2,1,507,23.54,528.32,5,595.0
2026-01-02 18:00:00,B,18,2,1,396,10.0,462.36,6,620.71
2026-01-02 18:00:00,C,18,2,1,488,18.2,576.35,4,564.33
2026-01-02 18:00:00,D,18,2,1,468,10.0,514.78,4,530.37
2026-01-02 19:00:00,A,19,2,1,455,18.1,660.92,5,620.0
2026-01-02 19:00:00,B,19,2,1,394,10.0,427.97,6,465.14
2026-01-02 19:00:00,C,19,2,1,496,10.65,491.34,4,587.08
2026-01-02 19:00:00,D,19,2,1,467,18.05,465.25,4,682.66
2026-01-02 20:00:00,A,20,2,0,340,10.0,497.23,5,418.79
2026-01-02 20:00:00,B,20,2,0,324,10.0,343.16,6,302.12
2026-01-02 20:00:00,C,20,2,0,299,10.0,438.7,4,383.97
2026-01-02 20:00:00,D,20,2,0,364,13.85,406.99,4,309.13
2026-01-02 21:00:00,A,21,2,0,399,25.64,503.89,5,419.92
2026-01-02 21:00:00,B,21,2,0,292,20.3,312.3,6,356.02
2026-01-02 21:00:00,C,21,2,0,363,10.0,386.99,4,454.11
2026-01-02 21:00:00,D,21,2,0,414,10.0,377.72,4,415.9
2026-01-02 22:00:00,A,22,2,0,412,10.0,454.6,5,491.31
2026-01-02 22:00:00,B,22,2,0,274,10.0,425.32,6,388.53
2026-01-02 22:00:00,C,22,2,0,402,10.0,413.24,4,462.56
2026-01-02 22:00:00,D,22,2,0,475,10.0,402.13,4,459.32
2026-01-02 23:00:00,A,23,2,0,439,11.53,665.33,5,480.99
2026-01-02 23:00:00,B,23,2,0,373,10.0,476.38,6,351.51
2026-01-02 23:00:00,C,23,2,0,396,10.0,534.7,4,524.74
2026-01-02 23:00:00,D,23,2,0,491,28.56,452.64,4,388.73
2026-01-03 00:00:00,A,0,3,0,659,11.61,776.21,5,605.58
2026-01-03 00:00:00,B,0,3,0,481,10.0,443.09,6,478.42
2026-01-03 00:00:00,C,0,3,0,442,10.0,565.55,4,549.39
2026-01-03 00:00:00,D,0,3,0,500,10.0,673.62,4,567.96
2026-01-03 01:00:00,A,1,3,0,612,10.0,752.75,5,710.56
2026-01-03 01:00:00,B,1,3,0,522,10.0,602.2,6,563.71
2026-01-03 01:00:00,C,1,3,0,476,10.0,762.59,4,680.11
2026-01-03 01:00:00,D,1,3,0,475,10.0,713.16,4,558.59
2026-01-03 02:00:00,A,2,3,0,653,10.0,909.39,5,818.71
2026-01-03 02:00:00,B,2,3,0,422,10.0,568.04,6,518.01
2026-01-03 02:00:00,C,2,3,0,512,10.0,638.23,4,642.27
2026-01-03 02:00:00,D,2,3,0,538,10.0,678.53,4,656.51
2026-01-03 03:00:00,A,3,3,0,804,10.0,804.25,5,797.17
2026-01-03 03:00:00,B,3,3,0,439,10.0,718.88,6,620.74
2026-01-03 03:00:00,C,3,3,0,626,10.0,684.8,4,699.55
2026-01-03 03:00:00,D,3,3,0,700,10.0,844.45,4,668.81
2026-01-03 04:00:00,A,4,3,0,637,10.0,966.8,5,808.55
2026-01-03 04:00:00,B,4,3,0,669,10.0,687.03,6,563.76
2026-01-03 04:00:00,C,4,3,0,710,30.82,902.6,4,664.59
2026-01-03 04:00:00,D,4,3,0,774,10.0,840.87,4,739.19
2026-01-03 05:00:00,A,5,3,0,682,10.0,859.27,5,916.75
2026-01-03 05:00:00,B,5,3,0,632,10.0,779.26,6,556.01
2026-01-03 05:00:00,C,5,3,0,590,10.0,823.34,4,777.94
2026-01-03 05:00:00,D,5,3,0,763,10.0,783.52,4,805.36
2026-01-03 06:00:00,A,6,3,0,714,10.0,852.75,5,843.41
2026-01-03 06:00:00,B,6,3,0,485,10.99,610.81,6,635.19
2026-01-03 06:00:00,C,6,3,0,856,20.65,857.75,4,786.51
2026-01-03 06:00:00,D,6,3,0,622,10.0,870.61,4,818.93
2026-01-03 07:00:00,A,7,3,1,982,20.94,1205.6,5,1350.0
2026-01-03 07:00:00,B,7,3,1,722,34.73,907.25,6,1004.59
2026-01-03 07:00:00,C,7,3,1,1218,10.0,1171.49,4,1179.18
2026-01-03 07:00:00,D,7,3,1,935,19.42,1007.74,4,1203.37
2026-01-03 08:00:00,A,8,3,1,1169,10.43,1158.81,5,1223.17
2026-01-03 08:00:00,B,8,3,1,811,10.0,906.17,6,914.87
2026-01-03 08:00:00,C,8,3,1,997,10.0,1188.33,4,1241.07
2026-01-03 08:00:00,D,8,3,1,943,30.08,1264.38,4,1225.1
2026-01-03 09:00:00,A,9,3,1,1012,26.67,1072.77,5,1200.01
2026-01-03 09:00:00,B,9,3,1,644,10.0,808.91,6,889.17
2026-01-03 09:00:00,C,9,3,1,834,11.88,1039.56,4,1116.25
2026-01-03 09:00:00,D,9,3,1,898,10.0,1101.53,4,1131.66
2026-01-03 10:00:00,A,10,3,0,633,10.0,771.22,5,740.82
2026-01-03 10:00:00,B,10,3,0,570,10.0,592.51,6,571.96
2026-01-03 10:00:00,C,10,3,0,582,10.0,663.55,4,672.99
2026-01-03 10:00:00,D,10,3,0,498,21.61,752.65,4,638.22
2026-01-03 11:00:00,A,11,3,0,552,10.0,643.95,5,665.96
2026-01-03 11:00:00,B,11,3,0,392,34.72,524.49,6,551.3
2026-01-03 11:00:00,C,11,3,0,592,25.61,593.86,4,624.77
2026-01-03 11:00:00,D,11,3,0,666,18.48,590.35,4,555.72
2026-01-03 12:00:00,A,12,3,0,598,10.0,677.3,5,611.04
2026-01-03 12:00:00,B,12,3,0,406,10.0,485.77,6,511.7
2026-01-03 12:00:00,C,12,3,0,496,10.0,529.25,4,550.5
2026-01-03 12:00:00,D,12,3,0,424,13.67,687.56,4,625.41
2026-01-03 13:00:00,A,13,3,0,514,14.63,656.39,5,578.29
2026-01-03 13:00:00,B,13,3,0,397,16.69,401.37,6,454.51
2026-01-03 13:00:00,C,13,3,0,402,14.24,612.74,4,552.58
2026-01-03 13:00:00,D,13,3,0,531,10.0,562.35,4,579.39
2026-01-03 14:00:00,A,14,3,0,405,10.0,584.58,5,526.11
2026-01-03 14:00:00,B,14,3,0,309,10.0,453.73,6,372.7
2026-01-03 14:00:00,C,14,3,0,491,10.0,418.11,4,431.14
2026-01-03 14:00:00,D,14,3,0,376,10.0,512.24,4,462.56
2026-01-03 15:00:00,A,15,3,0,420,10.0,489.07,5,436.87
2026-01-03 15:00:00,B,15,3,0,308,12.39,307.71,6,383.92
2026-01-03 15:00:00,C,15,3,0,365,10.0,374.8,4,469.59
2026-01-03 15:00:00,D,15,3,0,415,12.04,401.71,4,460.23
2026-01-03 16:00:00,A,16,3,1,460,10.0,563.7,5,676.29
2026-01-03 16:00:00,B,16,3,1,464,10.0,393.28,6,551.87
2026-01-03 16:00:00,C,16,3,1,488,10.0,518.42,4,637.4
2026-01-03 16:00:00,D,16,3,1,521,12.88,544.02,4,597.81
2026-01-03 17:00:00,A,17,3,1,501,10.0,491.8,5,595.53
2026-01-03 17:00:00,B,17,3,1,326,10.0,472.98,6,491.37
2026-01-03 17:00:00,C,17,3,1,459,10.0,545.64,4,551.77
2026-01-03 17:00:00,D,17,3,1,476,10.0,507.19,4,610.81
2026-01-03 18:00:00,A,18,3,1,518,10.0,480.5,5,560.45
2026-01-03 18:00:00,B,18,3,1,392,10.0,479.43,6,525.29
2026-01-03 18:00:00,C,18,3,1,377,30.18,489.61,4,561.17
2026-01-03 18:00:00,D,18,3,1,420,10.0,584.45,4,662.56
2026-01-03 19:00:00,A,19,3,1,563,10.0,645.14,5,677.26
2026-01-03 19:00:00,B,19,3,1,368,10.0,492.58,6,603.07
2026-01-03 19:00:00,C,19,3,1,453,10.0,603.59,4,575.02
2026-01-03 19:00:00,D,19,3,1,402,10.0,495.92,4,629.54
2026-01-03 20:00:00,A,20,3,0,379,13.12,482.39,5,470.21
2026-01-03 20:00:00,B,20,3,0,314,10.0,320.91,6,286.41
2026-01-03 20:00:00,C,20,3,0,331,17.14,454.45,4,348.78
2026-01-03 20:00:00,D,20,3,0,276,10.0,436.14,4,384.02
2026-01-03 21:00:00,A,21,3,0,414,16.18,525.5,5,378.54
2026-01-03 21:00:00,B,21,3,0,270,10.0,345.32,6,366.93
2026-01-03 21:00:00,C,21,3,0,393,10.0,374.38,4,487.06
2026-01-03 21:00:00,D,21,3,0,372,10.0,493.1,4,367.67
2026-01-03 22:00:00,A,22,3,0,381,10.0,497.73,5,456.65
2026-01-03 22:00:00,B,22,3,0,348,10.0,369.69,6,372.14
2026-01-03 22:00:00,C,22,3,0,424,10.0,467.85,4,479.33
2026-01-03 22:00:00,D,22,3,0,381,10.0,536.71,4,405.0
2026-01-03 23:00:00,A,23,3,0,449,26.99,600.03,5,529.88
2026-01-03 23:00:00,B,23,3,0,342,10.0,374.55,6,412.35
2026-01-03 23:00:00,C,23,3,0,435,10.0,559.37,4,472.19
2026-01-03 23:00:00,D,23,3,0,423,10.0,555.44,4,465.56
2026-01-04 00:00:00,A,0,4,0,478,10.0,651.91,5,590.33
2026-01-04 00:00:00,B,0,4,0,359,20.22,549.14,6,506.37
2026-01-04 00:00:00,C,0,4,0,470,10.0,527.74,4,556.34
2026-01-04 00:00:00,D,0,4,0,585,10.0,497.93,4,572.65
2026-01-04 01:00:00,A,1,4,0,646,11.33,828.79,5,659.87
2026-01-04 01:00:00,B,1,4,0,542,10.0,552.01,6,482.41
2026-01-04 01:00:00,C,1,4,0,530,10.0,734.14,4,681.3
2026-01-04 01:00:00,D,1,4,0,530,10.0,735.83,4,613.36
2026-01-04 02:00:00,A,2,4,0,608,10.0,761.47,5,677.57
2026-01-04 02:00:00,B,2,4,0,423,10.0,610.32,6,577.52
2026-01-04 02:00:00,C,2,4,0,572,10.0,764.86,4,597.59
2026-01-04 02:00:00,D,2,4,0,622,11.58,817.0,4,680.09
2026-01-04 03:00:00,A,3,4,0,822,10.0,887.96,5,768.31
2026-01-04 03:00:00,B,3,4,0,463,10.0,641.17,6,560.93
2026-01-04 03:00:00,C,3,4,0,647,25.17,846.33,4,708.01
2026-01-04 03:00:00,D,3,4,0,538,10.0,680.87,4,699.08
2026-01-04 04:00:00,A,4,4,0,890,11.23,763.7,5,814.41
2026-01-04 04:00:00,B,4,4,0,467,10.0,566.71,6,613.74
2026-01-04 04:00:00,C,4,4,0,796,10.0,835.97,4,741.73
2026-01-04 04:00:00,D,4,4,0,672,13.71,775.26,4,795.41
2026-01-04 05:00:00,A,5,4,0,725,30.89,824.46,5,889.51
2026-01-04 05:00:00,B,5,4,0,562,10.0,660.53,6,590.52
2026-01-04 05:00:00,C,5,4,0,639,18.81,786.39,4,851.23
2026-01-04 05:00:00,D,5,4,0,616,10.0,732.7,4,849.16
2026-01-04 06:00:00,A,6,4,0,786,20.96,867.7,5,898.6
2026-01-04 06:00:00,B,6,4,0,636,10.0,588.74,6,583.5
2026-01-04 06:00:00,C,6,4,0,726,25.78,856.49,4,730.51
2026-01-04 06:00:00,D,6,4,0,763,26.31,904.2,4,853.47
2026-01-04 07:00:00,A,7,4,1,1241,10.0,1420.13,5,1276.08
2026-01-04 07:00:00,B,7,4,1,812,10.0,907.01,6,1000.78
2026-01-04 07:00:00,C,7,4,1,1056,10.0,1255.65,4,1196.06
2026-01-04 07:00:00,D,7,4,1,895,10.0,1079.28,4,1264.03
2026-01-04 08:00:00,A,8,4,1,1009,10.0,1111.72,5,1329.04
2026-01-04 08:00:00,B,8,4,1,684,10.0,1064.15,6,982.57
2026-01-04 08:00:00,C,8,4,1,948,10.0,982.21,4,1213.02
2026-01-04 08:00:00,D,8,4,1,1137,10.0,1126.0,4,1219.87
2026-01-04 09:00:00,A,9,4,1,908,10.0,1397.69,5,1209.28
2026-01-04 09:00:00,B,9,4,1,779,28.25,897.42,6,948.93
2026-01-04 09:00:00,C,9,4,1,1007,10.0,996.45,4,1078.09
2026-01-04 09:00:00,D,9,4,1,1057,10.0,1180.26,4,1057.95
2026-01-04 10:00:00,A,10,4,0,680,10.0,884.16,5,799.39
2026-01-04 10:00:00,B,10,4,0,546,10.0,630.51,6,549.74
2026-01-04 10:00:00,C,10,4,0,548,10.0,807.97,4,714.46
2026-01-04 10:00:00,D,10,4,0,699,10.0,641.68,4,596.79
2026-01-04 11:00:00,A,11,4,0,639,17.68,817.51,5,639.95
2026-01-04 11:00:00,B,11,4,0,426,10.0,467.08,6,514.9
2026-01-04 11:00:00,C,11,4,0,568,10.0,692.07,4,620.18
2026-01-04 11:00:00,D,11,4,0,648,10.0,631.38,4,628.13
2026-01-04 12:00:00,A,12,4,0,477,10.0,736.22,5,564.68
2026-01-04 12:00:00,B,12,4,0,429,13.87,418.03,6,452.32
2026-01-04 12:00:00,C,12,4,0,554,10.0,684.98,4,507.36
2026-01-04 12:00:00,D,12,4,0,517,17.35,645.08,4,594.73
2026-01-04 13:00:00,A,13,4,0,592,10.0,659.8,5,578.63
2026-01-04 13:00:00,B,13,4,0,412,11.53,501.99,6,395.11
2026-01-04 13:00:00,C,13,4,0,495,15.76,573.37,4,551.54
2026-01-04 13:00:00,D,13,4,0,470,10.0,472.74,4,523.47
2026-01-04 14:00:00,A,14,4,0,497,10.0,468.7,5,460.12
2026-01-04 14:00:00,B,14,4,0,354,10.0,334.53,6,366.95
2026-01-04 14:00:00,C,14,4,0,482,10.0,474.7,4,425.42
2026-01-04 14:00:00,D,14,4,0,375,12.15,397.46,4,584.11
2026-01-04 15:00:00,A,15,4,0,349,10.0,487.55,5,432.46
2026-01-04 15:00:00,B,15,4,0,305,14.7,391.69,6,281.01
2026-01-04 15:00:00,C,15,4,0,440,10.0,464.95,4,409.69
2026-01-04 15:00:00,D,15,4,0,319,10.0,363.84,4,435.14
2026-01-04 16:00:00,A,16,4,1,519,22.94,550.35,5,725.84
2026-01-04 16:00:00,B,16,4,1,348,21.78,417.0,6,603.17
2026-01-04 16:00:00,C,16,4,1,518,10.0,595.91,4,624.12
2026-01-04 16:00:00,D,16,4,1,542,11.4,579.52,4,548.27
2026-01-04 17:00:00,A,17,4,1,501,14.94,665.12,5,685.09
2026-01-04 17:00:00,B,17,4,1,380,10.0,394.08,6,569.35
2026-01-04 17:00:00,C,17,4,1,400,16.79,449.6,4,624.26
2026-01-04 17:00:00,D,17,4,1,494,10.0,547.58,4,654.8
2026-01-04 18:00:00,A,18,4,1,522,10.0,541.88,5,636.56
2026-01-04 18:00:00,B,18,4,1,396,11.01,407.89,6,550.07
2026-01-04 18:00:00,C,18,4,1,526,16.31,535.94,4,521.75
2026-01-04 18:00:00,D,18,4,1,353,10.0,565.56,4,597.81
2026-01-04 19:00:00,A,19,4,1,490,10.0,563.03,5,576.59
2026-01-04 19:00:00,B,19,4,1,323,10.0,472.67,6,421.26
2026-01-04 19:00:00,C,19,4,1,521,10.0,588.42,4,549.55
2026-01-04 19:00:00,D,19,4,1,422,10.0,490.33,4,585.15
2026-01-04 20:00:00,A,20,4,0,341,10.0,380.31,5,377.82
2026-01-04 20:00:00,B,20,4,0,320,17.21,303.62,6,341.03
2026-01-04 20:00:00,C,20,4,0,328,10.0,429.07,4,445.07
2026-01-04 20:00:00,D,20,4,0,364,10.0,402.57,4,296.4
2026-01-04 21:00:00,A,21,4,0,346,11.13,464.64,5,451.03
2026-01-04 21:00:00,B,21,4,0,330,10.0,403.5,6,313.73
2026-01-04 21:00:00,C,21,4,0,424,10.0,412.4,4,417.74
2026-01-04 21:00:00,D,21,4,0,422,26.71,371.83,4,403.17
2026-01-04 22:00:00,A,22,4,0,481,10.0,580.76,5,502.16
2026-01-04 22:00:00,B,22,4,0,379,34.08,444.62,6,367.13
2026-01-04 22:00:00,C,22,4,0,465,10.0,512.49,4,426.22
2026-01-04 22:00:00,D,22,4,0,349,10.0,491.86,4,377.18
2026-01-04 23:00:00,A,23,4,0,532,10.0,696.81,5,618.35
2026-01-04 23:00:00,B,23,4,0,408,10.0,403.64,6,481.93
2026-01-04 23:00:00,C,23,4,0,442,10.0,586.33,4,551.96
2026-01-04 23:00:00,D,23,4,0,446,10.0,581.53,4,447.41
2026-01-05 00:00:00,A,0,5,0,627,28.13,561.72,5,572.49
2026-01-05 00:00:00,B,0,5,0,361,10.0,501.45,6,549.06
2026-01-05 00:00:00,C,0,5,0,616,10.0,642.61,4,530.23
2026-01-05 00:00:00,D,0,5,0,511,10.0,591.19,4,578.61
2026-01-05 01:00:00,A,1,5,0,586,10.0,662.96,5,752.98
2026-01-05 01:00:00,B,1,5,0,436,10.0,467.52,6,418.25
2026-01-05 01:00:00,C,1,5,0,679,16.1,773.26,4,616.98
2026-01-05 01:00:00,D,1,5,0,556,17.4,740.32,4,593.03
2026-01-05 02:00:00,A,2,5,0,796,11.35,818.36,5,730.51
2026-01-05 02:00:00,B,2,5,0,542,10.0,602.37,6,485.36
2026-01-05 02:00:00,C,2,5,0,736,10.0,763.23,4,690.99
2026-01-05 02:00:00,D,2,5,0,513,16.43,653.24,4,681.02
2026-01-05 03:00:00,A,3,5,0,602,10.0,732.09,5,823.65
2026-01-05 03:00:00,B,3,5,0,452,10.0,730.25,6,598.42
2026-01-05 03:00:00,C,3,5,0,628,10.0,803.31,4,716.51
2026-01-05 03:00:00,D,3,5,0,778,10.0,672.66,4,733.23
2026-01-05 04:00:00,A,4,5,0,843,10.0,799.6,5,866.79
2026-01-05 04:00:00,B,4,5,0,509,10.0,628.63,6,657.49
2026-01-05 04:00:00,C,4,5,0,578,10.0,712.71,4,828.44
2026-01-05 04:00:00,D,4,5,0,607,10.0,826.24,4,801.48
2026-01-05 05:00:00,A,5,5,0,694,10.0,1000.12,5,915.52
2026-01-05 05:00:00,B,5,5,0,551,10.0,630.12,6,682.18
2026-01-05 05:00:00,C,5,5,0,619,10.0,800.64,4,769.52
2026-01-05 05:00:00,D,5,5,0,727,22.26,828.61,4,741.45
2026-01-05 06:00:00,A,6,5,0,919,26.76,931.51,5,863.14
2026-01-05 06:00:00,B,6,5,0,483,10.0,720.57,6,646.73
2026-01-05 06:00:00,C,6,5,0,781,10.0,919.23,4,806.13
2026-01-05 06:00:00,D,6,5,0,603,10.0,704.21,4,729.11
2026-01-05 07:00:00,A,7,5,1,1161,10.0,1163.78,5,1318.71
2026-01-05 07:00:00,B,7,5,1,903,23.92,815.07,6,975.47
2026-01-05 07:00:00,C,7,5,1,893,13.3,1203.78,4,1274.89
2026-01-05 07:00:00,D,7,5,1,972,10.0,1217.43,4,1201.66
2026-01-05 08:00:00,A,8,5,1,1221,27.47,1280.19,5,1324.29
2026-01-05 08:00:00,B,8,5,1,835,12.1,801.4,6,979.49
2026-01-05 08:00:00,C,8,5,1,990,28.01,1160.03,4,1169.27
2026-01-05 08:00:00,D,8,5,1,1071,10.0,1089.03,4,1148.61
2026-01-05 09:00:00,A,9,5,1,1051,16.92,1298.73,5,1256.3
2026-01-05 09:00:00,B,9,5,1,752,10.0,958.61,6,972.37
2026-01-05 09:00:00,C,9,5,1,1033,14.75,1039.45,4,1105.13
2026-01-05 09:00:00,D,9,5,1,997,12.58,1134.08,4,1157.6
2026-01-05 10:00:00,A,10,5,0,574,10.0,728.79,5,672.8
2026-01-05 10:00:00,B,10,5,0,433,10.0,665.99,6,532.58
2026-01-05 10:00:00,C,10,5,0,643,10.0,699.62,4,655.3
2026-01-05 10:00:00,D,10,5,0,617,10.0,598.18,4,721.0
2026-01-05 11:00:00,A,11,5,0,660,21.53,628.02,5,708.56
2026-01-05 11:00:00,B,11,5,0,390,10.0,541.37,6,486.36
2026-01-05 11:00:00,C,11,5,0,620,16.01,757.02,4,612.06
2026-01-05 11:00:00,D,11,5,0,458,10.0,712.83,4,619.77
2026-01-05 12:00:00,A,12,5,0,623,24.07,751.18,5,553.11
2026-01-05 12:00:00,B,12,5,0,378,10.0,537.75,6,397.62
2026-01-05 12:00:00,C,12,5,0,542,10.0,620.38,4,494.28
2026-01-05 12:00:00,D,12,5,0,549,10.0,531.62,4,558.45
2026-01-05 13:00:00,A,13,5,0,531,13.53,676.62,5,554.56
2026-01-05 13:00:00,B,13,5,0,368,10.0,401.87,6,393.66
2026-01-05 13:00:00,C,13,5,0,434,10.0,460.73,4,545.36
2026-01-05 13:00:00,D,13,5,0,465,10.0,465.21,4,531.51
2026-01-05 14:00:00,A,14,5,0,544,10.0,501.86,5,547.56
2026-01-05 14:00:00,B,14,5,0,310,10.0,408.43,6,339.12
2026-01-05 14:00:00,C,14,5,0,353,16.41,510.95,4,546.0
2026-01-05 14:00:00,D,14,5,0,474,10.0,440.17,4,481.92
2026-01-05 15:00:00,A,15,5,0,396,10.0,454.13,5,415.52
2026-01-05 15:00:00,B,15,5,0,309,16.2,336.12,6,274.37
2026-01-05 15:00:00,C,15,5,0,306,10.0,406.39,4,455.62
2026-01-05 15:00:00,D,15,5,0,396,10.0,436.39,4,348.04
2026-01-05 16:00:00,A,16,5,1,466,24.37,524.37,5,718.36
2026-01-05 16:00:00,B,16,5,1,334,10.0,517.27,6,546.53
2026-01-05 16:00:00,C,16,5,1,467,10.0,482.35,4,662.03
2026-01-05 16:00:00,D,16,5,1,546,10.0,579.55,4,655.01
2026-01-05 17:00:00,A,17,5,1,439,10.0,666.97,5,568.49
2026-01-05 17:00:00,B,17,5,1,384,10.0,411.95,6,531.28
2026-01-05 17:00:00,C,17,5,1,424,10.0,531.93,4,606.05
2026-01-05 17:00:00,D,17,5,1,420,10.0,584.46,4,664.25
2026-01-05 18:00:00,A,18,5,1,417,13.9,519.58,5,583.22
2026-01-05 18:00:00,B,18,5,1,300,10.49,367.53,6,483.44
2026-01-05 18:00:00,C,18,5,1,432,10.0,558.59,4,575.74
2026-01-05 18:00:00,D,18,5,1,464,24.21,541.45,4,650.76
2026-01-05 19:00:00,A,19,5,1,454,10.0,595.53,5,700.78
2026-01-05 19:00:00,B,19,5,1,329,10.0,362.56,6,473.26
2026-01-05 19:00:00,C,19,5,1,452,10.0,599.88,4,599.67
2026-01-05 19:00:00,D,19,5,1,417,10.0,432.52,4,521.62
2026-01-05 20:00:00,A,20,5,0,397,10.0,451.44,5,367.71
2026-01-05 20:00:00,B,20,5,0,225,10.0,292.17,6,351.31
2026-01-05 20:00:00,C,20,5,0,300,10.0,382.93,4,298.42
2026-01-05 20:00:00,D,20,5,0,320,15.61,342.42,4,381.58
2026-01-05 21:00:00,A,21,5,0,434,14.09,488.95,5,446.05
2026-01-05 21:00:00,B,21,5,0,304,10.0,373.34,6,425.49
2026-01-05 21:00:00,C,21,5,0,319,10.0,443.08,4,450.91
2026-01-05 21:00:00,D,21,5,0,323,41.04,367.8,4,492.51
2026-01-05 22:00:00,A,22,5,0,466,10.0,555.18,5,457.42
2026-01-05 22:00:00,B,22,5,0,366,10.0,441.84,6,362.43
2026-01-05 22:00:00,C,22,5,0,371,33.02,449.99,4,327.33
2026-01-05 22:00:00,D,22,5,0,422,10.0,524.75,4,440.04
2026-01-05 23:00:00,A,23,5,0,586,10.0,582.28,5,547.01
2026-01-05 23:00:00,B,23,5,0,357,10.0,437.55,6,346.69
2026-01-05 23:00:00,C,23,5,0,484,14.16,504.1,4,493.75
2026-01-05 23:00:00,D,23,5,0,383,10.0,581.62,4,494.0
2026-01-06 00:00:00,A,0,6,0,517,14.69,666.61,5,619.1
2026-01-06 00:00:00,B,0,6,0,377,10.0,556.34,6,463.28
2026-01-06 00:00:00,C,0,6,0,547,29.34,683.77,4,537.41
2026-01-06 00:00:00,D,0,6,0,543,10.0,536.61,4,531.78
2026-01-06 01:00:00,A,1,6,0,724,10.0,816.03,5,654.14
2026-01-06 01:00:00,B,1,6,0,406,10.0,622.28,6,549.44
2026-01-06 01:00:00,C,1,6,0,626,13.47,580.43,4,607.39
2026-01-06 01:00:00,D,1,6,0,539,10.0,718.82,4,625.96
2026-01-06 02:00:00,A,2,6,0,663,10.0,799.82,5,753.58
2026-01-06 02:00:00,B,2,6,0,501,20.88,495.38,6,569.44
2026-01-06 02:00:00,C,2,6,0,559,50.27,665.47,4,652.53
2026-01-06 02:00:00,D,2,6,0,566,30.82,693.5,4,682.28
2026-01-06 03:00:00,A,3,6,0,606,10.0,799.61,5,768.14
2026-01-06 03:00:00,B,3,6,0,570,12.4,678.31,6,528.18
2026-01-06 03:00:00,C,3,6,0,643,10.0,777.85,4,839.12
2026-01-06 03:00:00,D,3,6,0,568,10.0,704.51,4,702.8
2026-01-06 04:00:00,A,4,6,0,869,10.0,933.45,5,937.34
2026-01-06 04:00:00,B,4,6,0,559,10.0,573.48,6,574.87
2026-01-06 04:00:00,C,4,6,0,607,10.0,767.77,4,708.32
2026-01-06 04:00:00,D,4,6,0,690,29.63,736.61,4,644.55
2026-01-06 05:00:00,A,5,6,0,827,12.97,799.04,5,931.41
2026-01-06 05:00:00,B,5,6,0,650,10.0,786.56,6,581.85
2026-01-06 05:00:00,C,5,6,0,772,12.23,894.84,4,740.2
2026-01-06 05:00:00,D,5,6,0,782,10.0,939.4,4,728.63
2026-01-06 06:00:00,A,6,6,0,778,10.0,1053.26,5,916.62
2026-01-06 06:00:00,B,6,6,0,625,10.0,694.78,6,662.9
2026-01-06 06:00:00,C,6,6,0,779,13.09,796.17,4,787.36
2026-01-06 06:00:00,D,6,6,0,687,24.98,940.46,4,727.65
2026-01-06 07:00:00,A,7,6,1,925,10.0,1472.9,5,1252.52
2026-01-06 07:00:00,B,7,6,1,724,10.0,814.16,6,1045.38
2026-01-06 07:00:00,C,7,6,1,832,10.0,1363.81,4,1190.27
2026-01-06 07:00:00,D,7,6,1,959,10.0,1349.88,4,1078.52
2026-01-06 08:00:00,A,8,6,1,991,10.0,1377.78,5,1328.35
2026-01-06 08:00:00,B,8,6,1,727,10.0,833.24,6,992.24
2026-01-06 08:00:00,C,8,6,1,824,19.63,1042.2,4,1268.44
2026-01-06 08:00:00,D,8,6,1,944,10.0,989.28,4,1185.34
2026-01-06 09:00:00,A,9,6,1,1099,10.0,1335.77,5,1196.63
2026-01-06 09:00:00,B,9,6,1,685,10.0,996.46,6,963.4
2026-01-06 09:00:00,C,9,6,1,1114,10.0,1206.82,4,1113.66
2026-01-06 09:00:00,D,9,6,1,1056,16.29,1060.84,4,1139.08
2026-01-06 10:00:00,A,10,6,0,595,10.0,699.49,5,770.81
2026-01-06 10:00:00,B,10,6,0,548,10.0,565.87,6,511.58
2026-01-06 10:00:00,C,10,6,0,694,12.47,754.51,4,703.99
2026-01-06 10:00:00,D,10,6,0,662,10.0,673.27,4,684.06
2026-01-06 11:00:00,A,11,6,0,595,18.15,731.03,5,638.44
2026-01-06 11:00:00,B,11,6,0,419,10.0,620.71,6,453.9
2026-01-06 11:00:00,C,11,6,0,604,10.0,615.11,4,548.98
2026-01-06 11:00:00,D,11,6,0,485,19.27,746.1,4,656.17
2026-01-06 12:00:00,A,12,6,0,528,18.54,734.03,5,604.25
2026-01-06 12:00:00,B,12,6,0,425,14.43,565.87,6,408.28
2026-01-06 12:00:00,C,12,6,0,462,10.0,527.46,4,545.07
2026-01-06 12:00:00,D,12,6,0,458,16.28,670.38,4,560.11
2026-01-06 13:00:00,A,13,6,0,462,10.0,678.93,5,532.89
2026-01-06 13:00:00,B,13,6,0,309,17.63,442.19,6,440.06
2026-01-06 13:00:00,C,13,6,0,550,19.17,557.47,4,557.99
2026-01-06 13:00:00,D,13,6,0,469,10.0,450.74,4,540.79
2026-01-06 14:00:00,A,14,6,0,536,12.75,496.53,5,455.62
2026-01-06 14:00:00,B,14,6,0,350,10.0,417.81,6,354.71
2026-01-06 14:00:00,C,14,6,0,432,25.44,442.18,4,451.63
2026-01-06 14:00:00,D,14,6,0,449,11.69,526.62,4,486.76
2026-01-06 15:00:00,A,15,6,0,437,10.0,438.88,5,499.46
2026-01-06 15:00:00,B,15,6,0,339,10.0,302.04,6,443.55
2026-01-06 15:00:00,C,15,6,0,382,10.0,453.93,4,395.39
2026-01-06 15:00:00,D,15,6,0,391,15.98,385.0,4,361.87
2026-01-06 16:00:00,A,16,6,1,539,14.23,700.98,5,671.06
2026-01-06 16:00:00,B,16,6,1,355,10.0,445.11,6,473.72
2026-01-06 16:00:00,C,16,6,1,527,10.0,638.47,4,651.17
2026-01-06 16:00:00,D,16,6,1,450,10.0,579.32,4,644.22
2026-01-06 17:00:00,A,17,6,1,504,10.0,540.76,5,631.12
2026-01-06 17:00:00,B,17,6,1,314,10.0,391.19,6,497.02
2026-01-06 17:00:00,C,17,6,1,482,10.0,459.17,4,592.77
2026-01-06 17:00:00,D,17,6,1,507,10.0,590.59,4,575.94
2026-01-06 18:00:00,A,18,6,1,574,10.0,526.85,5,664.5
2026-01-06 18:00:00,B,18,6,1,291,10.0,417.27,6,462.62
2026-01-06 18:00:00,C,18,6,1,440,10.0,523.07,4,603.19
2026-01-06 18:00:00,D,18,6,1,391,10.0,553.78,4,640.64
2026-01-06 19:00:00,A,19,6,1,597,10.0,607.21,5,704.97
2026-01-06 19:00:00,B,19,6,1,369,10.0,366.66,6,502.15
2026-01-06 19:00:00,C,19,6,1,441,10.0,496.06,4,598.14
2026-01-06 19:00:00,D,19,6,1,468,10.0,456.87,4,512.08
2026-01-06 20:00:00,A,20,6,0,319,19.5,370.41,5,363.82
2026-01-06 20:00:00,B,20,6,0,253,10.0,366.38,6,295.51
2026-01-06 20:00:00,C,20,6,0,338,10.0,397.0,4,337.61
2026-01-06 20:00:00,D,20,6,0,352,22.4,352.43,4,285.73
2026-01-06 21:00:00,A,21,6,0,358,10.0,551.08,5,459.78
2026-01-06 21:00:00,B,21,6,0,248,10.0,370.54,6,329.25
2026-01-06 21:00:00,C,21,6,0,427,10.0,497.87,4,420.09
2026-01-06 21:00:00,D,21,6,0,425,10.0,408.73,4,385.27
2026-01-06 22:00:00,A,22,6,0,428,10.0,520.47,5,519.49
2026-01-06 22:00:00,B,22,6,0,281,10.0,443.5,6,444.8
2026-01-06 22:00:00,C,22,6,0,346,12.24,555.99,4,426.64
2026-01-06 22:00:00,D,22,6,0,374,10.0,475.35,4,386.94
2026-01-06 23:00:00,A,23,6,0,604,10.0,659.31,5,533.47
2026-01-06 23:00:00,B,23,6,0,395,10.0,452.89,6,435.46
2026-01-06 23:00:00,C,23,6,0,387,24.15,457.79,4,551.66
2026-01-06 23:00:00,D,23,6,0,543,10.0,447.18,4,523.6
2026-01-07 00:00:00,A,0,7,0,459,10.0,696.78,5,650.51
2026-01-07 00:00:00,B,0,7,0,381,10.0,515.42,6,432.94
2026-01-07 00:00:00,C,0,7,0,461,10.0,531.08,4,562.17
2026-01-07 00:00:00,D,0,7,0,514,10.0,548.45,4,572.24
2026-01-07 01:00:00,A,1,7,0,639,10.0,666.42,5,648.49
2026-01-07 01:00:00,B,1,7,0,495,10.0,588.77,6,467.64
2026-01-07 01:00:00,C,1,7,0,484,10.0,669.32,4,573.19
2026-01-07 01:00:00,D,1,7,0,624,10.0,551.46,4,575.66
2026-01-07 02:00:00,A,2,7,0,656,23.87,822.07,5,730.1
2026-01-07 02:00:00,B,2,7,0,434,19.05,496.06,6,457.13
2026-01-07 02:00:00,C,2,7,0,510,15.17,802.21,4,661.12
2026-01-07 02:00:00,D,2,7,0,520,10.0,616.4,4,591.92
2026-01-07 03:00:00,A,3,7,0,715,13.26,727.11,5,786.1
2026-01-07 03:00:00,B,3,7,0,613,12.01,539.21,6,536.27
2026-01-07 03:00:00,C,3,7,0,522,17.25,730.5,4,715.91
2026-01-07 03:00:00,D,3,7,0,621,10.0,741.4,4,740.18
2026-01-07 04:00:00,A,4,7,0,805,10.0,855.45,5,729.81
2026-01-07 04:00:00,B,4,7,0,488,10.0,578.87,6,630.81
2026-01-07 04:00:00,C,4,7,0,750,10.0,867.09,4,725.91
2026-01-07 04:00:00,D,4,7,0,724,17.64,647.22,4,693.13
2026-01-07 05:00:00,A,5,7,0,836,15.11,990.82,5,775.72
2026-01-07 05:00:00,B,5,7,0,528,10.0,718.84,6,614.18
2026-01-07 05:00:00,C,5,7,0,646,10.2,750.85,4,769.59
2026-01-07 05:00:00,D,5,7,0,584,10.0,720.6,4,728.22
2026-01-07 06:00:00,A,6,7,0,808,10.0,1018.91,5,896.74
2026-01-07 06:00:00,B,6,7,0,647,10.0,689.26,6,706.07
2026-01-07 06:00:00,C,6,7,0,697,11.65,815.68,4,760.95
2026-01-07 06:00:00,D,6,7,0,759,10.0,817.69,4,774.54
2026-01-07 07:00:00,A,7,7,1,1188,10.0,1333.09,5,1340.63
2026-01-07 07:00:00,B,7,7,1,836,10.0,918.56,6,977.01
2026-01-07 07:00:00,C,7,7,1,973,10.0,1143.71,4,1215.39
2026-01-07 07:00:00,D,7,7,1,885,25.75,1130.56,4,1159.09
2026-01-07 08:00:00,A,8,7,1,979,10.0,1342.25,5,1217.24
2026-01-07 08:00:00,B,8,7,1,852,10.0,890.46,6,1018.57
2026-01-07 08:00:00,C,8,7,1,1142,10.0,1255.34,4,1171.98
2026-01-07 08:00:00,D,8,7,1,1040,10.0,932.45,4,1069.66
2026-01-07 09:00:00,A,9,7,1,1049,10.0,992.4,5,1261.22
2026-01-07 09:00:00,B,9,7,1,735,10.0,957.36,6,880.78
2026-01-07 09:00:00,C,9,7,1,1065,17.72,930.44,4,1089.91
2026-01-07 09:00:00,D,9,7,1,792,19.03,1099.73,4,1080.41
2026-01-07 10:00:00,A,10,7,0,751,17.08,727.61,5,679.25
2026-01-07 10:00:00,B,10,7,0,398,10.0,544.0,6,551.33
2026-01-07 10:00:00,C,10,7,0,585,10.0,625.57,4,647.78
2026-01-07 10:00:00,D,10,7,0,618,10.0,766.37,4,573.7
2026-01-07 11:00:00,A,11,7,0,704,10.0,713.3,5,678.03
2026-01-07 11:00:00,B,11,7,0,501,10.0,530.41,6,472.37
2026-01-07 11:00:00,C,11,7,0,610,10.0,632.19,4,633.97
2026-01-07 11:00:00,D,11,7,0,466,19.28,716.4,4,689.07
2026-01-07 12:00:00,A,12,7,0,515,17.54,727.75,5,620.13
2026-01-07 12:00:00,B,12,7,0,443,13.63,401.62,6,291.35
2026-01-07 12:00:00,C,12,7,0,468,10.0,491.68,4,527.75
2026-01-07 12:00:00,D,12,7,0,550,10.0,551.12,4,462.93
2026-01-07 13:00:00,A,13,7,0,485,10.0,579.24,5,632.34
2026-01-07 13:00:00,B,13,7,0,376,10.0,477.12,6,319.49
2026-01-07 13:00:00,C,13,7,0,483,10.0,503.9,4,490.58
2026-01-07 13:00:00,D,13,7,0,422,10.0,569.49,4,471.07
2026-01-07 14:00:00,A,14,7,0,384,10.0,537.46,5,448.68
2026-01-07 14:00:00,B,14,7,0,378,17.72,351.18,6,393.61
2026-01-07 14:00:00,C,14,7,0,410,10.0,428.44,4,388.4
2026-01-07 14:00:00,D,14,7,0,445,13.03,402.78,4,435.06
2026-01-07 15:00:00,A,15,7,0,441,10.0,495.18,5,432.34
2026-01-07 15:00:00,B,15,7,0,287,15.22,367.91,6,323.8
2026-01-07 15:00:00,C,15,7,0,328,10.0,351.38,4,392.36
2026-01-07 15:00:00,D,15,7,0,322,10.0,448.6,4,418.25
2026-01-07 16:00:00,A,16,7,1,437,10.0,510.7,5,654.41
2026-01-07 16:00:00,B,16,7,1,339,10.0,459.84,6,466.35
2026-01-07 16:00:00,C,16,7,1,396,27.45,509.69,4,652.24
2026-01-07 16:00:00,D,16,7,1,394,10.0,480.15,4,674.33
2026-01-07 17:00:00,A,17,7,1,510,10.0,635.83,5,619.89
2026-01-07 17:00:00,B,17,7,1,296,10.0,353.74,6,552.9
2026-01-07 17:00:00,C,17,7,1,481,17.12,539.06,4,579.03
2026-01-07 17:00:00,D,17,7,1,384,10.0,562.34,4,609.12
2026-01-07 18:00:00,A,18,7,1,496,12.83,481.21,5,624.01
2026-01-07 18:00:00,B,18,7,1,292,10.0,452.49,6,522.4
2026-01-07 18:00:00,C,18,7,1,364,10.0,495.8,4,592.32
2026-01-07 18:00:00,D,18,7,1,409,10.0,417.12,4,623.93
2026-01-07 19:00:00,A,19,7,1,468,10.0,623.22,5,662.44
2026-01-07 19:00:00,B,19,7,1,359,10.0,466.44,6,469.15
2026-01-07 19:00:00,C,19,7,1,471,10.0,518.1,4,499.45
2026-01-07 19:00:00,D,19,7,1,472,10.0,530.83,4,525.02
2026-01-07 20:00:00,A,20,7,0,405,10.0,376.99,5,312.12
2026-01-07 20:00:00,B,20,7,0,281,10.0,346.62,6,338.41
2026-01-07 20:00:00,C,20,7,0,302,10.0,398.76,4,316.85
2026-01-07 20:00:00,D,20,7,0,314,10.0,398.89,4,372.06
2026-01-07 21:00:00,A,21,7,0,393,10.0,447.79,5,361.08
2026-01-07 21:00:00,B,21,7,0,320,10.0,323.78,6,299.54
2026-01-07 21:00:00,C,21,7,0,311,10.0,457.33,4,426.88
2026-01-07 21:00:00,D,21,7,0,389,10.0,372.49,4,443.89
2026-01-07 22:00:00,A,22,7,0,424,10.0,497.55,5,411.46
2026-01-07 22:00:00,B,22,7,0,352,10.0,323.08,6,387.25
2026-01-07 22:00:00,C,22,7,0,337,10.0,442.34,4,385.74
2026-01-07 22:00:00,D,22,7,0,387,27.46,495.74,4,430.45
2026-01-07 23:00:00,A,23,7,0,528,10.0,629.82,5,568.95
2026-01-07 23:00:00,B,23,7,0,332,10.0,459.47,6,369.51
2026-01-07 23:00:00,C,23,7,0,390,23.24,528.96,4,543.8
2026-01-07 23:00:00,D,23,7,0,476,25.58,546.97,4,456.51
2026-01-08 00:00:00,A,0,1,0,581,23.61,587.02,5,549.32
2026-01-08 00:00:00,B,0,1,0,354,10.0,521.68,6,468.36
2026-01-08 00:00:00,C,0,1,0,439,10.0,576.57,4,617.55
2026-01-08 00:00:00,D,0,1,0,575,10.0,552.45,4,590.56
2026-01-08 01:00:00,A,1,1,0,606,10.0,636.3,5,658.94
2026-01-08 01:00:00,B,1,1,0,395,10.0,536.67,6,452.15
2026-01-08 01:00:00,C,1,1,0,565,10.0,728.51,4,543.87
2026-01-08 01:00:00,D,1,1,0,463,10.0,681.38,4,537.44
2026-01-08 02:00:00,A,2,1,0,743,19.26,788.57,5,774.71
2026-01-08 02:00:00,B,2,1,0,525,10.0,516.38,6,512.96
2026-01-08 02:00:00,C,2,1,0,712,18.39,613.34,4,674.23
2026-01-08 02:00:00,D,2,1,0,547,10.0,702.78,4,605.98
2026-01-08 03:00:00,A,3,1,0,698,10.0,862.71,5,841.16
2026-01-08 03:00:00,B,3,1,0,449,10.0,559.73,6,564.72
2026-01-08 03:00:00,C,3,1,0,729,10.0,810.07,4,688.76
2026-01-08 03:00:00,D,3,1,0,529,18.85,628.68,4,615.16
2026-01-08 04:00:00,A,4,1,0,791,10.0,802.35,5,749.24
2026-01-08 04:00:00,B,4,1,0,602,21.48,661.19,6,523.39
2026-01-08 04:00:00,C,4,1,0,636,10.0,876.62,4,672.26
2026-01-08 04:00:00,D,4,1,0,737,10.0,763.33,4,655.51
2026-01-08 05:00:00,A,5,1,0,650,10.0,1031.79,5,899.44
2026-01-08 05:00:00,B,5,1,0,615,10.0,715.81,6,608.65
2026-01-08 05:00:00,C,5,1,0,770,10.33,733.74,4,824.18
2026-01-08 05:00:00,D,5,1,0,703,10.0,789.94,4,779.47
2026-01-08 06:00:00,A,6,1,0,909,19.68,783.87,5,878.05
2026-01-08 06:00:00,B,6,1,0,510,34.07,709.2,6,638.78
2026-01-08 06:00:00,C,6,1,0,660,17.72,701.08,4,732.09
2026-01-08 06:00:00,D,6,1,0,633,10.0,771.53,4,737.76
2026-01-08 07:00:00,A,7,1,1,1024,10.0,1123.58,5,1263.42
2026-01-08 07:00:00,B,7,1,1,850,10.0,1072.78,6,987.21
2026-01-08 07:00:00,C,7,1,1,994,28.38,1127.73,4,1144.69
2026-01-08 07:00:00,D,7,1,1,928,10.0,1301.98,4,1099.88
2026-01-08 08:00:00,A,8,1,1,1043,18.68,1321.54,5,1350.22
2026-01-08 08:00:00,B,8,1,1,726,10.0,878.64,6,964.3
2026-01-08 08:00:00,C,8,1,1,1054,10.0,1059.47,4,1183.22
2026-01-08 08:00:00,D,8,1,1,1059,10.0,1214.98,4,1150.61
2026-01-08 09:00:00,A,9,1,1,1113,10.0,1227.37,5,1246.36
2026-01-08 09:00:00,B,9,1,1,813,15.74,739.16,6,927.67
2026-01-08 09:00:00,C,9,1,1,769,10.0,1123.26,4,1065.89
2026-01-08 09:00:00,D,9,1,1,822,16.87,1178.79,4,1084.46
2026-01-08 10:00:00,A,10,1,0,696,10.0,792.81,5,698.25
2026-01-08 10:00:00,B,10,1,0,502,21.39,554.89,6,590.65
2026-01-08 10:00:00,C,10,1,0,504,10.0,809.81,4,615.17
2026-01-08 10:00:00,D,10,1,0,682,10.0,593.8,4,604.58
2026-01-08 11:00:00,A,11,1,0,632,10.2,647.7,5,659.2
2026-01-08 11:00:00,B,11,1,0,497,12.15,453.72,6,466.74
2026-01-08 11:00:00,C,11,1,0,572,35.18,703.61,4,536.02
2026-01-08 11:00:00,D,11,1,0,463,10.0,592.08,4,684.18
2026-01-08 12:00:00,A,12,1,0,570,13.31,693.79,5,589.2
2026-01-08 12:00:00,B,12,1,0,450,10.0,457.89,6,384.22
2026-01-08 12:00:00,C,12,1,0,537,10.0,616.29,4,486.93
2026-01-08 12:00:00,D,12,1,0,498,10.0,479.86,4,589.28
2026-01-08 13:00:00,A,13,1,0,409,10.0,614.46,5,479.77
2026-01-08 13:00:00,B,13,1,0,412,10.0,485.52,6,419.83
2026-01-08 13:00:00,C,13,1,0,438,10.0,449.3,4,461.83
2026-01-08 13:00:00,D,13,1,0,377,13.0,532.33,4,476.85
2026-01-08 14:00:00,A,14,1,0,496,20.45,511.24,5,513.12
2026-01-08 14:00:00,B,14,1,0,353,10.0,380.66,6,382.6
2026-01-08 14:00:00,C,14,1,0,464,10.0,403.0,4,429.53
2026-01-08 14:00:00,D,14,1,0,407,27.93,516.99,4,404.43
2026-01-08 15:00:00,A,15,1,0,418,10.0,434.02,5,401.59
2026-01-08 15:00:00,B,15,1,0,292,10.0,312.47,6,353.31
2026-01-08 15:00:00,C,15,1,0,426,26.95,365.99,4,448.33
2026-01-08 15:00:00,D,15,1,0,387,21.47,438.59,4,300.12
2026-01-08 16:00:00,A,16,1,1,427,10.0,530.51,5,652.9
2026-01-08 16:00:00,B,16,1,1,403,10.0,407.17,6,561.83
2026-01-08 16:00:00,C,16,1,1,385,10.0,466.77,4,572.11
2026-01-08 16:00:00,D,16,1,1,372,10.0,500.05,4,552.43
2026-01-08 17:00:00,A,17,1,1,448,18.53,588.27,5,693.51
2026-01-08 17:00:00,B,17,1,1,333,11.74,451.22,6,515.39
2026-01-08 17:00:00,C,17,1,1,515,10.0,524.11,4,598.23
2026-01-08 17:00:00,D,17,1,1,357,10.0,422.67,4,512.21
2026-01-08 18:00:00,A,18,1,1,512,12.19,613.06,5,689.14
2026-01-08 18:00:00,B,18,1,1,302,10.0,392.37,6,523.94
2026-01-08 18:00:00,C,18,1,1,501,10.0,472.01,4,551.42
2026-01-08 18:00:00,D,18,1,1,426,10.0,527.77,4,596.6
2026-01-08 19:00:00,A,19,1,1,504,10.01,517.06,5,590.91
2026-01-08 19:00:00,B,19,1,1,295,10.0,388.28,6,493.6
2026-01-08 19:00:00,C,19,1,1,435,10.0,575.28,4,633.49
2026-01-08 19:00:00,D,19,1,1,446,10.0,550.05,4,506.19
2026-01-08 20:00:00,A,20,1,0,409,10.0,378.76,5,372.1
2026-01-08 20:00:00,B,20,1,0,252,10.0,263.13,6,325.16
2026-01-08 20:00:00,C,20,1,0,336,10.0,353.44,4,295.91
2026-01-08 20:00:00,D,20,1,0,348,10.0,324.12,4,343.64
2026-01-08 21:00:00,A,21,1,0,463,10.0,395.48,5,482.66
2026-01-08 21:00:00,B,21,1,0,322,10.0,315.79,6,345.08
2026-01-08 21:00:00,C,21,1,0,305,10.0,402.48,4,305.13
2026-01-08 21:00:00,D,21,1,0,400,16.16,377.57,4,315.51
2026-01-08 22:00:00,A,22,1,0,436,10.0,531.65,5,418.95
2026-01-08 22:00:00,B,22,1,0,294,10.0,401.44,6,298.78
2026-01-08 22:00:00,C,22,1,0,405,10.0,508.41,4,420.83
2026-01-08 22:00:00,D,22,1,0,346,10.0,430.37,4,415.53
2026-01-08 23:00:00,A,23,1,0,448,12.85,566.78,5,627.0
2026-01-08 23:00:00,B,23,1,0,360,10.0,479.37,6,387.16
2026-01-08 23:00:00,C,23,1,0,407,17.57,505.41,4,430.33
2026-01-08 23:00:00,D,23,1,0,501,10.0,515.02,4,504.46
2026-01-09 00:00:00,A,0,2,0,683,10.0,777.25,5,608.83
2026-01-09 00:00:00,B,0,2,0,359,10.0,434.8,6,406.55
2026-01-09 00:00:00,C,0,2,0,593,10.0,540.89,4,523.16
2026-01-09 00:00:00,D,0,2,0,560,10.0,624.51,4,570.68
2026-01-09 01:00:00,A,1,2,0,580,10.0,690.24,5,717.13
2026-01-09 01:00:00,B,1,2,0,423,10.0,620.7,6,538.84
2026-01-09 01:00:00,C,1,2,0,509,10.0,756.44,4,531.43
2026-01-09 01:00:00,D,1,2,0,580,10.0,646.67,4,611.02
2026-01-09 02:00:00,A,2,2,0,751,12.59,691.85,5,722.16
2026-01-09 02:00:00,B,2,2,0,505,10.0,683.55,6,526.14
2026-01-09 02:00:00,C,2,2,0,629,10.0,738.9,4,700.65
2026-01-09 02:00:00,D,2,2,0,502,10.0,690.44,4,771.6
2026-01-09 03:00:00,A,3,2,0,867,10.0,772.36,5,856.3
2026-01-09 03:00:00,B,3,2,0,503,10.0,603.16,6,640.83
2026-01-09 03:00:00,C,3,2,0,558,10.0,792.74,4,704.7
2026-01-09 03:00:00,D,3,2,0,612,10.0,835.22,4,726.2
2026-01-09 04:00:00,A,4,2,0,765,20.13,873.31,5,796.49
2026-01-09 04:00:00,B,4,2,0,536,10.0,645.42,6,628.87
2026-01-09 04:00:00,C,4,2,0,816,10.0,703.15,4,807.73
2026-01-09 04:00:00,D,4,2,0,561,10.0,897.46,4,711.45
2026-01-09 05:00:00,A,5,2,0,773,10.82,977.38,5,865.11
2026-01-09 05:00:00,B,5,2,0,682,11.35,633.8,6,597.87
2026-01-09 05:00:00,C,5,2,0,597,21.28,804.12,4,792.47
2026-01-09 05:00:00,D,5,2,0,702,18.93,898.84,4,755.79
2026-01-09 06:00:00,A,6,2,0,772,10.0,1067.23,5,889.96
2026-01-09 06:00:00,B,6,2,0,619,12.97,648.01,6,568.54
2026-01-09 06:00:00,C,6,2,0,790,29.39,729.57,4,757.44
2026-01-09 06:00:00,D,6,2,0,775,10.0,738.71,4,798.83
2026-01-09 07:00:00,A,7,2,1,1279,10.11,1112.92,5,1337.9
2026-01-09 07:00:00,B,7,2,1,915,10.0,1018.65,6,921.36
2026-01-09 07:00:00,C,7,2,1,1155,10.91,1349.68,4,1193.66
2026-01-09 07:00:00,D,7,2,1,1117,21.3,1064.61,4,1230.77
2026-01-09 08:00:00,A,8,2,1,1179,10.0,1128.14,5,1236.21
2026-01-09 08:00:00,B,8,2,1,673,30.71,846.32,6,874.36
2026-01-09 08:00:00,C,8,2,1,829,10.0,1182.51,4,1133.13
2026-01-09 08:00:00,D,8,2,1,805,23.12,1080.11,4,1155.28
2026-01-09 09:00:00,A,9,2,1,1231,10.0,1276.03,5,1244.74
2026-01-09 09:00:00,B,9,2,1,806,29.01,850.39,6,959.57
2026-01-09 09:00:00,C,9,2,1,815,13.83,1061.76,4,1063.56
2026-01-09 09:00:00,D,9,2,1,940,21.35,1113.25,4,1068.88
2026-01-09 10:00:00,A,10,2,0,629,10.71,704.23,5,712.38
2026-01-09 10:00:00,B,10,2,0,562,10.0,603.04,6,545.05
2026-01-09 10:00:00,C,10,2,0,595,38.56,655.54,4,656.27
2026-01-09 10:00:00,D,10,2,0,705,10.0,655.63,4,654.21
2026-01-09 11:00:00,A,11,2,0,532,10.0,767.79,5,705.28
2026-01-09 11:00:00,B,11,2,0,413,14.72,600.53,6,453.8
2026-01-09 11:00:00,C,11,2,0,519,10.0,772.62,4,623.9
2026-01-09 11:00:00,D,11,2,0,622,14.15,748.19,4,645.14
2026-01-09 12:00:00,A,12,2,0,657,10.0,710.05,5,711.37
2026-01-09 12:00:00,B,12,2,0,484,10.0,562.91,6,454.95
2026-01-09 12:00:00,C,12,2,0,584,13.66,608.82,4,625.81
2026-01-09 12:00:00,D,12,2,0,564,10.0,612.72,4,537.92
2026-01-09 13:00:00,A,13,2,0,540,10.0,624.83,5,545.9
2026-01-09 13:00:00,B,13,2,0,381,10.0,479.0,6,395.35
2026-01-09 13:00:00,C,13,2,0,541,10.0,521.14,4,580.43
2026-01-09 13:00:00,D,13,2,0,530,10.0,608.37,4,505.82
2026-01-09 14:00:00,A,14,2,0,470,10.86,537.48,5,541.51
2026-01-09 14:00:00,B,14,2,0,301,10.0,431.76,6,325.92
2026-01-09 14:00:00,C,14,2,0,471,10.0,504.32,4,500.04
2026-01-09 14:00:00,D,14,2,0,473,10.0,532.69,4,474.79
2026-01-09 15:00:00,A,15,2,0,355,10.0,516.35,5,415.24
2026-01-09 15:00:00,B,15,2,0,349,10.0,404.85,6,304.01
2026-01-09 15:00:00,C,15,2,0,438,20.27,463.08,4,426.53
2026-01-09 15:00:00,D,15,2,0,406,10.0,452.91,4,348.88
2026-01-09 16:00:00,A,16,2,1,461,17.39,580.49,5,646.79
2026-01-09 16:00:00,B,16,2,1,457,10.0,381.24,6,543.65
2026-01-09 16:00:00,C,16,2,1,427,10.0,618.1,4,625.65
2026-01-09 16:00:00,D,16,2,1,544,18.95,513.53,4,559.47
2026-01-09 17:00:00,A,17,2,1,540,17.01,543.14,5,660.73
2026-01-09 17:00:00,B,17,2,1,407,10.0,445.48,6,442.24
2026-01-09 17:00:00,C,17,2,1,394,10.0,481.71,4,574.79
2026-01-09 17:00:00,D,17,2,1,526,10.0,503.83,4,615.89
2026-01-09 18:00:00,A,18,2,1,530,10.0,642.62,5,646.08
2026-01-09 18:00:00,B,18,2,1,407,23.99,362.3,6,477.69
2026-01-09 18:00:00,C,18,2,1,508,10.0,589.15,4,504.44
2026-01-09 18:00:00,D,18,2,1,418,10.0,535.72,4,548.38
2026-01-09 19:00:00,A,19,2,1,591,19.89,489.01,5,628.2
2026-01-09 19:00:00,B,19,2,1,366,10.0,392.0,6,481.67
2026-01-09 19:00:00,C,19,2,1,513,10.0,602.77,4,589.26
2026-01-09 19:00:00,D,19,2,1,471,10.61,501.06,4,637.15
2026-01-09 20:00:00,A,20,2,0,433,10.0,390.89,5,428.33
2026-01-09 20:00:00,B,20,2,0,302,10.0,324.48,6,304.27
2026-01-09 20:00:00,C,20,2,0,335,10.0,355.76,4,333.03
2026-01-09 20:00:00,D,20,2,0,314,10.0,397.4,4,338.92
2026-01-09 21:00:00,A,21,2,0,476,14.33,481.1,5,517.47
2026-01-09 21:00:00,B,21,2,0,328,13.31,350.34,6,345.25
2026-01-09 21:00:00,C,21,2,0,327,10.0,382.31,4,444.01
2026-01-09 21:00:00,D,21,2,0,320,40.18,439.92,4,406.35
2026-01-09 22:00:00,A,22,2,0,473,10.62,460.41,5,510.08
2026-01-09 22:00:00,B,22,2,0,328,25.52,364.82,6,358.14
2026-01-09 22:00:00,C,22,2,0,463,10.0,418.12,4,481.44
2026-01-09 22:00:00,D,22,2,0,389,10.0,484.8,4,455.3
2026-01-09 23:00:00,A,23,2,0,576,10.0,684.7,5,578.98
2026-01-09 23:00:00,B,23,2,0,430,10.0,370.87,6,332.81
2026-01-09 23:00:00,C,23,2,0,396,11.11,501.53,4,520.82
2026-01-09 23:00:00,D,23,2,0,425,17.77,602.66,4,462.98
2026-01-10 00:00:00,A,0,3,0,534,10.0,570.97,5,653.78
2026-01-10 00:00:00,B,0,3,0,451,11.19,445.59,6,480.8
2026-01-10 00:00:00,C,0,3,0,430,10.0,661.92,4,657.65
2026-01-10 00:00:00,D,0,3,0,549,10.0,567.11,4,470.35
2026-01-10 01:00:00,A,1,3,0,732,10.0,636.86,5,723.63
2026-01-10 01:00:00,B,1,3,0,485,18.91,546.92,6,506.52
2026-01-10 01:00:00,C,1,3,0,582,12.21,575.15,4,587.85
2026-01-10 01:00:00,D,1,3,0,582,10.0,706.59,4,539.03
2026-01-10 02:00:00,A,2,3,0,783,13.21,892.68,5,800.21
2026-01-10 02:00:00,B,2,3,0,509,10.0,666.54,6,510.19
2026-01-10 02:00:00,C,2,3,0,585,10.0,724.11,4,623.32
2026-01-10 02:00:00,D,2,3,0,591,10.0,659.75,4,646.01
2026-01-10 03:00:00,A,3,3,0,769,22.68,744.98,5,766.6
2026-01-10 03:00:00,B,3,3,0,464,15.49,545.37,6,517.65
2026-01-10 03:00:00,C,3,3,0,672,10.0,876.2,4,728.85
2026-01-10 03:00:00,D,3,3,0,727,10.0,842.5,4,775.98
2026-01-10 04:00:00,A,4,3,0,847,10.54,1024.74,5,854.18
2026-01-10 04:00:00,B,4,3,0,601,10.0,650.02,6,575.06
2026-01-10 04:00:00,C,4,3,0,735,10.0,814.02,4,757.14
2026-01-10 04:00:00,D,4,3,0,601,10.0,864.85,4,758.65
2026-01-10 05:00:00,A,5,3,0,930,23.69,838.68,5,864.98
2026-01-10 05:00:00,B,5,3,0,509,14.15,588.83,6,592.79
2026-01-10 05:00:00,C,5,3,0,638,25.01,829.33,4,780.22
2026-01-10 05:00:00,D,5,3,0,757,24.64,827.72,4,752.22
2026-01-10 06:00:00,A,6,3,0,816,10.0,920.33,5,844.03
2026-01-10 06:00:00,B,6,3,0,572,10.0,708.82,6,682.14
2026-01-10 06:00:00,C,6,3,0,702,10.0,975.81,4,803.52
2026-01-10 06:00:00,D,6,3,0,784,10.0,940.84,4,856.74
2026-01-10 07:00:00,A,7,3,1,1247,22.2,1493.25,5,1377.03
2026-01-10 07:00:00,B,7,3,1,850,10.0,1101.95,6,1011.55
2026-01-10 07:00:00,C,7,3,1,865,10.0,1337.19,4,1191.28
2026-01-10 07:00:00,D,7,3,1,853,27.04,1108.57,4,1125.9
2026-01-10 08:00:00,A,8,3,1,1267,17.16,1334.88,5,1265.05
2026-01-10 08:00:00,B,8,3,1,857,10.0,920.35,6,962.58
2026-01-10 08:00:00,C,8,3,1,933,10.0,985.93,4,1202.21
2026-01-10 08:00:00,D,8,3,1,852,22.14,1136.94,4,1154.47
2026-01-10 09:00:00,A,9,3,1,1025,10.0,1219.62,5,1205.74
2026-01-10 09:00:00,B,9,3,1,669,10.0,1017.05,6,917.0
2026-01-10 09:00:00,C,9,3,1,772,15.8,1153.69,4,1149.49
2026-01-10 09:00:00,D,9,3,1,949,17.83,1232.8,4,1015.23
2026-01-10 10:00:00,A,10,3,0,734,18.42,761.88,5,672.64
2026-01-10 10:00:00,B,10,3,0,481,10.81,633.82,6,605.38
2026-01-10 10:00:00,C,10,3,0,625,10.0,821.37,4,574.12
2026-01-10 10:00:00,D,10,3,0,514,10.0,795.21,4,640.99
2026-01-10 11:00:00,A,11,3,0,564,10.0,826.17,5,586.11
2026-01-10 11:00:00,B,11,3,0,501,16.65,478.14,6,445.82
2026-01-10 11:00:00,C,11,3,0,669,38.24,653.15,4,568.26
2026-01-10 11:00:00,D,11,3,0,553,10.0,637.55,4,490.41
2026-01-10 12:00:00,A,12,3,0,505,10.0,601.48,5,580.07
2026-01-10 12:00:00,B,12,3,0,482,10.0,412.65,6,479.5
2026-01-10 12:00:00,C,12,3,0,437,10.0,621.32,4,586.9
2026-01-10 12:00:00,D,12,3,0,495,24.74,504.08,4,536.82
2026-01-10 13:00:00,A,13,3,0,598,10.0,638.81,5,508.47
2026-01-10 13:00:00,B,13,3,0,403,10.0,480.01,6,475.53
2026-01-10 13:00:00,C,13,3,0,492,10.0,477.06,4,530.36
2026-01-10 13:00:00,D,13,3,0,537,10.0,597.1,4,487.77
2026-01-10 14:00:00,A,14,3,0,412,34.11,449.99,5,512.54
2026-01-10 14:00:00,B,14,3,0,394,13.66,364.11,6,384.86
2026-01-10 14:00:00,C,14,3,0,460,10.0,472.45,4,346.45
2026-01-10 14:00:00,D,14,3,0,342,10.0,429.09,4,506.99
2026-01-10 15:00:00,A,15,3,0,339,10.0,405.33,5,410.73
2026-01-10 15:00:00,B,15,3,0,287,10.0,368.59,6,370.36
2026-01-10 15:00:00,C,15,3,0,410,21.48,491.64,4,338.97
2026-01-10 15:00:00,D,15,3,0,425,10.0,366.63,4,437.59
2026-01-10 16:00:00,A,16,3,1,553,10.0,562.37,5,711.89
2026-01-10 16:00:00,B,16,3,1,453,10.0,507.48,6,628.02
2026-01-10 16:00:00,C,16,3,1,459,10.0,551.16,4,664.43
2026-01-10 16:00:00,D,16,3,1,471,10.0,465.87,4,625.05
2026-01-10 17:00:00,A,17,3,1,435,10.0,508.92,5,677.02
2026-01-10 17:00:00,B,17,3,1,409,16.95,489.98,6,438.14
2026-01-10 17:00:00,C,17,3,1,438,10.0,520.46,4,645.86
2026-01-10 17:00:00,D,17,3,1,408,10.0,581.81,4,581.33
2026-01-10 18:00:00,A,18,3,1,486,10.0,595.97,5,692.71
2026-01-10 18:00:00,B,18,3,1,298,10.0,394.86,6,489.04
2026-01-10 18:00:00,C,18,3,1,414,10.0,514.72,4,623.41
2026-01-10 18:00:00,D,18,3,1,413,34.18,501.92,4,500.54
2026-01-10 19:00:00,A,19,3,1,481,10.0,560.19,5,631.89
2026-01-10 19:00:00,B,19,3,1,307,10.0,395.77,6,502.79
2026-01-10 19:00:00,C,19,3,1,399,14.37,536.56,4,608.88
2026-01-10 19:00:00,D,19,3,1,480,10.91,527.8,4,553.44
2026-01-10 20:00:00,A,20,3,0,425,10.46,500.47,5,414.82
2026-01-10 20:00:00,B,20,3,0,231,10.0,319.53,6,296.97
2026-01-10 20:00:00,C,20,3,0,335,10.0,377.72,4,510.57
2026-01-10 20:00:00,D,20,3,0,319,14.19,402.49,4,364.94
2026-01-10 21:00:00,A,21,3,0,489,20.0,418.74,5,475.19
2026-01-10 21:00:00,B,21,3,0,312,10.0,353.61,6,403.7
2026-01-10 21:00:00,C,21,3,0,350,10.0,370.04,4,473.82
2026-01-10 21:00:00,D,21,3,0,408,10.0,427.44,4,392.11
2026-01-10 22:00:00,A,22,3,0,469,10.0,574.46,5,509.89
2026-01-10 22:00:00,B,22,3,0,359,10.0,353.3,6,385.26
2026-01-10 22:00:00,C,22,3,0,426,10.0,422.91,4,441.05
2026-01-10 22:00:00,D,22,3,0,333,11.81,449.02,4,420.9
2026-01-10 23:00:00,A,23,3,0,473,10.0,698.22,5,576.34
2026-01-10 23:00:00,B,23,3,0,430,10.0,441.62,6,343.6
2026-01-10 23:00:00,C,23,3,0,476,10.0,525.6,4,513.91
2026-01-10 23:00:00,D,23,3,0,460,10.0,518.6,4,485.4
2026-01-11 00:00:00,A,0,4,0,666,10.0,746.54,5,623.49
2026-01-11 00:00:00,B,0,4,0,474,10.0,526.4,6,520.75
2026-01-11 00:00:00,C,0,4,0,608,10.0,509.79,4,576.78
2026-01-11 00:00:00,D,0,4,0,478,10.0,656.84,4,602.06
2026-01-11 01:00:00,A,1,4,0,684,10.0,710.71,5,664.35
2026-01-11 01:00:00,B,1,4,0,486,10.0,532.43,6,518.26
2026-01-11 01:00:00,C,1,4,0,547,10.0,702.79,4,657.05
2026-01-11 01:00:00,D,1,4,0,479,10.0,589.46,4,578.59
2026-01-11 02:00:00,A,2,4,0,761,10.0,899.16,5,761.1
2026-01-11 02:00:00,B,2,4,0,581,10.0,577.8,6,512.93
2026-01-11 02:00:00,C,2,4,0,707,10.0,666.63,4,666.42
2026-01-11 02:00:00,D,2,4,0,526,10.0,638.79,4,694.01
2026-01-11 03:00:00,A,3,4,0,670,10.0,978.2,5,770.58
2026-01-11 03:00:00,B,3,4,0,592,10.0,730.99,6,588.41
2026-01-11 03:00:00,C,3,4,0,633,10.0,701.16,4,724.63
2026-01-11 03:00:00,D,3,4,0,724,10.0,645.34,4,680.26
2026-01-11 04:00:00,A,4,4,0,852,10.0,793.77,5,795.51
2026-01-11 04:00:00,B,4,4,0,517,10.0,709.73,6,609.32
2026-01-11 04:00:00,C,4,4,0,662,10.0,925.1,4,726.98
2026-01-11 04:00:00,D,4,4,0,679,11.81,861.44,4,776.63
2026-01-11 05:00:00,A,5,4,0,824,15.82,965.41,5,808.49
2026-01-11 05:00:00,B,5,4,0,532,13.52,724.66,6,665.21
2026-01-11 05:00:00,C,5,4,0,796,26.64,952.4,4,730.25
2026-01-11 05:00:00,D,5,4,0,642,21.88,712.49,4,688.56
2026-01-11 06:00:00,A,6,4,0,717,16.54,817.25,5,917.58
2026-01-11 06:00:00,B,6,4,0,686,14.02,756.4,6,572.03
2026-01-11 06:00:00,C,6,4,0,626,21.17,849.02,4,897.39
2026-01-11 06:00:00,D,6,4,0,759,10.0,834.97,4,757.06
2026-01-11 07:00:00,A,7,4,1,1322,10.0,1231.15,5,1360.01
2026-01-11 07:00:00,B,7,4,1,907,10.0,894.5,6,1032.86
2026-01-11 07:00:00,C,7,4,1,1193,10.0,1070.98,4,1221.46
2026-01-11 07:00:00,D,7,4,1,875,10.0,1188.59,4,1118.58
2026-01-11 08:00:00,A,8,4,1,1086,10.32,1326.22,5,1235.0
2026-01-11 08:00:00,B,8,4,1,916,10.0,1005.47,6,1035.54
2026-01-11 08:00:00,C,8,4,1,870,15.22,1187.31,4,1205.41
2026-01-11 08:00:00,D,8,4,1,935,10.0,1244.05,4,1259.19
2026-01-11 09:00:00,A,9,4,1,905,10.0,1026.26,5,1237.32
2026-01-11 09:00:00,B,9,4,1,689,10.0,1032.22,6,985.7
2026-01-11 09:00:00,C,9,4,1,825,10.0,1019.91,4,1146.11
2026-01-11 09:00:00,D,9,4,1,881,21.92,941.0,4,1133.91
2026-01-11 10:00:00,A,10,4,0,707,22.6,934.37,5,786.69
2026-01-11 10:00:00,B,10,4,0,588,10.0,532.97,6,495.97
2026-01-11 10:00:00,C,10,4,0,540,23.26,682.08,4,713.02
2026-01-11 10:00:00,D,10,4,0,509,12.35,765.66,4,676.56
2026-01-11 11:00:00,A,11,4,0,695,10.0,715.64,5,656.4
2026-01-11 11:00:00,B,11,4,0,433,10.0,578.56,6,451.22
2026-01-11 11:00:00,C,11,4,0,683,10.0,653.33,4,581.87
2026-01-11 11:00:00,D,11,4,0,597,10.0,650.31,4,674.81
2026-01-11 12:00:00,A,12,4,0,610,10.0,694.81,5,627.82
2026-01-11 12:00:00,B,12,4,0,486,22.7,423.13,6,502.58
2026-01-11 12:00:00,C,12,4,0,602,10.0,636.71,4,533.13
2026-01-11 12:00:00,D,12,4,0,580,10.0,525.29,4,557.17
2026-01-11 13:00:00,A,13,4,0,479,12.58,600.21,5,529.5
2026-01-11 13:00:00,B,13,4,0,321,16.77,380.62,6,402.67
2026-01-11 13:00:00,C,13,4,0,499,10.0,558.12,4,504.86
2026-01-11 13:00:00,D,13,4,0,443,17.3,575.02,4,545.89
2026-01-11 14:00:00,A,14,4,0,400,10.16,597.6,5,485.43
2026-01-11 14:00:00,B,14,4,0,306,10.0,358.01,6,463.76
2026-01-11 14:00:00,C,14,4,0,426,23.51,508.53,4,452.73
2026-01-11 14:00:00,D,14,4,0,469,10.0,400.83,4,482.41
2026-01-11 15:00:00,A,15,4,0,427,10.0,513.64,5,510.56
2026-01-11 15:00:00,B,15,4,0,271,10.0,297.32,6,305.8
2026-01-11 15:00:00,C,15,4,0,408,10.0,470.1,4,488.32
2026-01-11 15:00:00,D,15,4,0,415,10.0,484.22,4,432.63
2026-01-11 16:00:00,A,16,4,1,632,10.0,667.94,5,667.19
2026-01-11 16:00:00,B,16,4,1,427,10.0,443.51,6,594.15
2026-01-11 16:00:00,C,16,4,1,502,39.01,585.44,4,688.19
2026-01-11 16:00:00,D,16,4,1,450,10.0,524.11,4,658.12
2026-01-11 17:00:00,A,17,4,1,491,10.0,646.42,5,646.72
2026-01-11 17:00:00,B,17,4,1,326,10.0,495.04,6,515.04
2026-01-11 17:00:00,C,17,4,1,373,10.0,561.62,4,622.93
2026-01-11 17:00:00,D,17,4,1,418,10.0,456.12,4,631.9
2026-01-11 18:00:00,A,18,4,1,407,10.0,558.86,5,644.34
2026-01-11 18:00:00,B,18,4,1,417,10.0,448.99,6,534.43
2026-01-11 18:00:00,C,18,4,1,427,10.0,479.75,4,612.2
2026-01-11 18:00:00,D,18,4,1,471,10.0,485.42,4,641.97
2026-01-11 19:00:00,A,19,4,1,444,10.0,663.11,5,695.54
2026-01-11 19:00:00,B,19,4,1,333,10.0,371.57,6,565.05
2026-01-11 19:00:00,C,19,4,1,510,10.0,513.6,4,580.99
2026-01-11 19:00:00,D,19,4,1,527,10.0,538.59,4,676.1
2026-01-11 20:00:00,A,20,4,0,332,10.0,412.7,5,407.85
2026-01-11 20:00:00,B,20,4,0,293,10.0,333.63,6,308.76
2026-01-11 20:00:00,C,20,4,0,294,10.0,383.62,4,360.76
2026-01-11 20:00:00,D,20,4,0,337,10.0,377.63,4,291.17
2026-01-11 21:00:00,A,21,4,0,404,10.0,458.92,5,405.33
2026-01-11 21:00:00,B,21,4,0,252,10.0,352.3,6,315.94
2026-01-11 21:00:00,C,21,4,0,318,10.0,495.13,4,335.43
2026-01-11 21:00:00,D,21,4,0,367,15.98,365.17,4,456.33
2026-01-11 22:00:00,A,22,4,0,406,10.0,483.23,5,485.76
2026-01-11 22:00:00,B,22,4,0,386,10.0,349.05,6,382.66
2026-01-11 22:00:00,C,22,4,0,350,10.0,520.83,4,493.81
2026-01-11 22:00:00,D,22,4,0,417,10.0,525.67,4,471.61
2026-01-11 23:00:00,A,23,4,0,466,10.0,679.84,5,504.64
2026-01-11 23:00:00,B,23,4,0,376,10.0,465.03,6,358.34
2026-01-11 23:00:00,C,23,4,0,463,27.58,518.81,4,498.21
2026-01-11 23:00:00,D,23,4,0,454,10.0,585.2,4,419.24
2026-01-12 00:00:00,A,0,5,0,490,10.0,668.96,5,607.78
2026-01-12 00:00:00,B,0,5,0,350,11.65,481.88,6,525.33
2026-01-12 00:00:00,C,0,5,0,514,14.31,605.51,4,519.67
2026-01-12 00:00:00,D,0,5,0,520,10.0,600.21,4,493.6
2026-01-12 01:00:00,A,1,5,0,526,10.0,747.67,5,733.89
2026-01-12 01:00:00,B,1,5,0,519,10.0,623.67,6,533.16
2026-01-12 01:00:00,C,1,5,0,677,10.0,713.51,4,657.43
2026-01-12 01:00:00,D,1,5,0,572,10.0,582.15,4,556.3
2026-01-12 02:00:00,A,2,5,0,732,29.47,844.15,5,707.27
2026-01-12 02:00:00,B,2,5,0,491,16.98,637.08,6,568.97
2026-01-12 02:00:00,C,2,5,0,744,10.0,696.23,4,644.76
2026-01-12 02:00:00,D,2,5,0,642,10.0,689.14,4,710.03
2026-01-12 03:00:00,A,3,5,0,716,10.0,936.97,5,830.13
2026-01-12 03:00:00,B,3,5,0,523,10.0,528.78,6,602.37
2026-01-12 03:00:00,C,3,5,0,580,29.79,674.64,4,749.21
2026-01-12 03:00:00,D,3,5,0,695,10.36,714.38,4,632.61
2026-01-12 04:00:00,A,4,5,0,785,23.09,758.21,5,876.4
2026-01-12 04:00:00,B,4,5,0,642,10.0,650.98,6,599.85
2026-01-12 04:00:00,C,4,5,0,697,10.0,893.43,4,783.94
2026-01-12 04:00:00,D,4,5,0,594,10.0,790.1,4,827.82
2026-01-12 05:00:00,A,5,5,0,787,15.19,861.41,5,871.5
2026-01-12 05:00:00,B,5,5,0,487,32.36,705.98,6,632.61
2026-01-12 05:00:00,C,5,5,0,805,27.73,857.02,4,699.79
2026-01-12 05:00:00,D,5,5,0,801,36.57,839.34,4,812.61
2026-01-12 06:00:00,A,6,5,0,764,10.0,826.6,5,968.54
2026-01-12 06:00:00,B,6,5,0,602,10.0,638.29,6,586.71
2026-01-12 06:00:00,C,6,5,0,638,12.7,908.42,4,850.32
2026-01-12 06:00:00,D,6,5,0,712,10.59,955.38,4,701.9
2026-01-12 07:00:00,A,7,5,1,1341,10.0,1193.86,5,1313.22
2026-01-12 07:00:00,B,7,5,1,911,13.0,1024.64,6,1000.85
2026-01-12 07:00:00,C,7,5,1,893,27.54,1379.97,4,1274.09
2026-01-12 07:00:00,D,7,5,1,844,10.0,1181.15,4,1224.35
2026-01-12 08:00:00,A,8,5,1,1286,10.0,1419.17,5,1370.5
2026-01-12 08:00:00,B,8,5,1,681,15.46,1081.57,6,975.09
2026-01-12 08:00:00,C,8,5,1,1123,10.0,1259.68,4,1204.33
2026-01-12 08:00:00,D,8,5,1,914,23.37,1149.57,4,1179.09
2026-01-12 09:00:00,A,9,5,1,868,10.0,1319.52,5,1202.52
2026-01-12 09:00:00,B,9,5,1,739,10.0,1002.59,6,993.82
2026-01-12 09:00:00,C,9,5,1,1045,18.74,1053.95,4,1197.16
2026-01-12 09:00:00,D,9,5,1,903,10.0,1059.54,4,1041.78
2026-01-12 10:00:00,A,10,5,0,700,15.22,677.95,5,686.87
2026-01-12 10:00:00,B,10,5,0,480,21.12,610.81,6,582.44
2026-01-12 10:00:00,C,10,5,0,658,10.0,784.35,4,627.25
2026-01-12 10:00:00,D,10,5,0,602,10.0,659.65,4,655.45
2026-01-12 11:00:00,A,11,5,0,694,10.22,672.33,5,766.56
2026-01-12 11:00:00,B,11,5,0,495,10.0,607.16,6,489.09
2026-01-12 11:00:00,C,11,5,0,523,10.0,756.79,4,687.85
2026-01-12 11:00:00,D,11,5,0,520,10.0,741.59,4,639.58
2026-01-12 12:00:00,A,12,5,0,551,23.83,667.52,5,638.6
2026-01-12 12:00:00,B,12,5,0,488,10.0,482.88,6,514.34
2026-01-12 12:00:00,C,12,5,0,619,24.94,694.29,4,590.56
2026-01-12 12:00:00,D,12,5,0,462,10.0,522.17,4,534.05
2026-01-12 13:00:00,A,13,5,0,422,24.75,685.46,5,594.49
2026-01-12 13:00:00,B,13,5,0,394,10.0,407.67,6,331.78
2026-01-12 13:00:00,C,13,5,0,428,13.86,560.92,4,532.47
2026-01-12 13:00:00,D,13,5,0,526,13.52,613.17,4,459.52
2026-01-12 14:00:00,A,14,5,0,525,10.0,487.59,5,550.51
2026-01-12 14:00:00,B,14,5,0,379,10.0,411.5,6,350.97
2026-01-12 14:00:00,C,14,5,0,426,10.0,465.05,4,410.63
2026-01-12 14:00:00,D,14,5,0,484,15.24,432.26,4,436.0
2026-01-12 15:00:00,A,15,5,0,371,10.0,404.28,5,470.36
2026-01-12 15:00:00,B,15,5,0,284,10.0,303.88,6,319.62
2026-01-12 15:00:00,C,15,5,0,388,10.0,438.38,4,466.97
2026-01-12 15:00:00,D,15,5,0,377,10.0,377.78,4,379.01
2026-01-12 16:00:00,A,16,5,1,456,10.19,602.93,5,711.09
2026-01-12 16:00:00,B,16,5,1,407,10.0,477.85,6,526.6
2026-01-12 16:00:00,C,16,5,1,504,10.0,618.8,4,685.38
2026-01-12 16:00:00,D,16,5,1,403,10.0,543.77,4,638.63
2026-01-12 17:00:00,A,17,5,1,583,15.06,507.39,5,703.99
2026-01-12 17:00:00,B,17,5,1,411,10.0,418.86,6,436.82
2026-01-12 17:00:00,C,17,5,1,412,10.0,488.08,4,631.74
2026-01-12 17:00:00,D,17,5,1,473,16.05,563.87,4,514.57
2026-01-12 18:00:00,A,18,5,1,580,10.0,631.28,5,733.72
2026-01-12 18:00:00,B,18,5,1,423,14.53,474.75,6,478.7
2026-01-12 18:00:00,C,18,5,1,444,10.0,438.38,4,534.43
2026-01-12 18:00:00,D,18,5,1,434,10.95,443.03,4,571.0
2026-01-12 19:00:00,A,19,5,1,485,10.0,676.58,5,664.61
2026-01-12 19:00:00,B,19,5,1,336,10.0,376.06,6,480.45
2026-01-12 19:00:00,C,19,5,1,423,15.4,592.33,4,524.58
2026-01-12 19:00:00,D,19,5,1,403,10.0,527.8,4,568.48
2026-01-12 20:00:00,A,20,5,0,327,10.0,496.62,5,417.27
2026-01-12 20:00:00,B,20,5,0,321,24.92,311.13,6,309.16
2026-01-12 20:00:00,C,20,5,0,306,10.0,455.08,4,420.38
2026-01-12 20:00:00,D,20,5,0,285,10.0,430.41,4,379.67
2026-01-12 21:00:00,A,21,5,0,426,11.96,414.87,5,471.42
2026-01-12 21:00:00,B,21,5,0,356,10.0,337.49,6,333.2
2026-01-12 21:00:00,C,21,5,0,413,10.0,461.67,4,387.89
2026-01-12 21:00:00,D,21,5,0,393,21.91,381.83,4,368.87
2026-01-12 22:00:00,A,22,5,0,394,10.0,457.83,5,497.92
2026-01-12 22:00:00,B,22,5,0,397,10.0,399.23,6,363.14
2026-01-12 22:00:00,C,22,5,0,461,10.0,441.44,4,491.94
2026-01-12 22:00:00,D,22,5,0,430,10.0,411.45,4,447.85
2026-01-12 23:00:00,A,23,5,0,518,10.0,570.52,5,544.02
2026-01-12 23:00:00,B,23,5,0,307,10.0,423.44,6,454.41
2026-01-12 23:00:00,C,23,5,0,537,20.73,464.75,4,522.29
2026-01-12 23:00:00,D,23,5,0,482,29.24,591.64,4,483.14
2026-01-13 00:00:00,A,0,6,0,553,10.0,730.13,5,679.31
2026-01-13 00:00:00,B,0,6,0,423,10.0,514.86,6,433.27
2026-01-13 00:00:00,C,0,6,0,560,10.0,678.51,4,520.84
2026-01-13 00:00:00,D,0,6,0,424,10.0,668.54,4,504.08
2026-01-13 01:00:00,A,1,6,0,589,10.0,784.75,5,701.01
2026-01-13 01:00:00,B,1,6,0,469,10.0,561.77,6,455.77
2026-01-13 01:00:00,C,1,6,0,563,10.0,744.81,4,605.31
2026-01-13 01:00:00,D,1,6,0,466,12.22,698.29,4,590.55
2026-01-13 02:00:00,A,2,6,0,702,24.32,792.2,5,721.28
2026-01-13 02:00:00,B,2,6,0,505,10.0,529.9,6,502.22
2026-01-13 02:00:00,C,2,6,0,713,10.0,819.25,4,633.44
2026-01-13 02:00:00,D,2,6,0,546,10.0,816.03,4,633.75
2026-01-13 03:00:00,A,3,6,0,716,21.31,884.31,5,870.58
2026-01-13 03:00:00,B,3,6,0,552,10.0,568.27,6,575.3
2026-01-13 03:00:00,C,3,6,0,545,10.0,788.64,4,766.53
2026-01-13 03:00:00,D,3,6,0,638,10.0,685.27,4,718.4
2026-01-13 04:00:00,A,4,6,0,654,20.79,916.11,5,841.88
2026-01-13 04:00:00,B,4,6,0,537,10.0,582.13,6,603.84
2026-01-13 04:00:00,C,4,6,0,710,10.0,866.69,4,726.18
2026-01-13 04:00:00,D,4,6,0,711,10.0,849.93,4,649.37
2026-01-13 05:00:00,A,5,6,0,808,24.89,904.63,5,911.31
2026-01-13 05:00:00,B,5,6,0,522,25.1,733.46,6,730.88
2026-01-13 05:00:00,C,5,6,0,619,10.0,759.93,4,758.57
2026-01-13 05:00:00,D,5,6,0,691,12.0,776.09,4,788.4
2026-01-13 06:00:00,A,6,6,0,916,10.0,890.12,5,848.89
2026-01-13 06:00:00,B,6,6,0,566,10.0,723.77,6,610.54
2026-01-13 06:00:00,C,6,6,0,853,12.88,772.52,4,735.7
2026-01-13 06:00:00,D,6,6,0,704,15.48,714.91,4,833.3
2026-01-13 07:00:00,A,7,6,1,946,39.19,1487.31,5,1406.59
2026-01-13 07:00:00,B,7,6,1,903,36.19,1016.49,6,1029.99
2026-01-13 07:00:00,C,7,6,1,959,10.0,1034.11,4,1222.92
2026-01-13 07:00:00,D,7,6,1,868,34.03,1202.2,4,1263.45
2026-01-13 08:00:00,A,8,6,1,907,10.0,1162.91,5,1215.09
2026-01-13 08:00:00,B,8,6,1,827,13.09,843.6,6,916.31
2026-01-13 08:00:00,C,8,6,1,1082,14.44,1248.7,4,1211.96
2026-01-13 08:00:00,D,8,6,1,941,26.53,954.41,4,1081.68
2026-01-13 09:00:00,A,9,6,1,923,21.06,1249.79,5,1240.76
2026-01-13 09:00:00,B,9,6,1,664,28.35,969.04,6,978.82
2026-01-13 09:00:00,C,9,6,1,876,10.93,1140.38,4,1097.58
2026-01-13 09:00:00,D,9,6,1,774,10.0,1149.2,4,1168.65
2026-01-13 10:00:00,A,10,6,0,709,10.0,811.95,5,748.81
2026-01-13 10:00:00,B,10,6,0,411,10.0,548.72,6,523.93
2026-01-13 10:00:00,C,10,6,0,711,10.0,731.55,4,641.11
2026-01-13 10:00:00,D,10,6,0,628,43.84,795.46,4,668.88
2026-01-13 11:00:00,A,11,6,0,735,17.99,772.39,5,701.33
2026-01-13 11:00:00,B,11,6,0,437,19.26,574.85,6,573.49
2026-01-13 11:00:00,C,11,6,0,666,31.2,698.16,4,714.5
2026-01-13 11:00:00,D,11,6,0,583,10.0,727.91,4,638.86
2026-01-13 12:00:00,A,12,6,0,606,10.0,771.12,5,590.24
2026-01-13 12:00:00,B,12,6,0,347,10.0,525.89,6,532.22
2026-01-13 12:00:00,C,12,6,0,509,19.56,519.52,4,570.97
2026-01-13 12:00:00,D,12,6,0,455,14.61,527.68,4,574.92
2026-01-13 13:00:00,A,13,6,0,585,10.0,615.18,5,531.29
2026-01-13 13:00:00,B,13,6,0,406,10.0,465.59,6,449.63
2026-01-13 13:00:00,C,13,6,0,510,26.25,501.03,4,535.86
2026-01-13 13:00:00,D,13,6,0,438,10.0,611.55,4,455.3
2026-01-13 14:00:00,A,14,6,0,483,10.0,591.91,5,419.21
2026-01-13 14:00:00,B,14,6,0,379,37.4,338.42,6,394.08
2026-01-13 14:00:00,C,14,6,0,449,21.4,450.45,4,503.57
2026-01-13 14:00:00,D,14,6,0,468,11.26,415.58,4,466.86
2026-01-13 15:00:00,A,15,6,0,372,15.36,514.93,5,436.76
2026-01-13 15:00:00,B,15,6,0,321,10.0,300.05,6,373.59
2026-01-13 15:00:00,C,15,6,0,314,10.0,368.85,4,410.66
2026-01-13 15:00:00,D,15,6,0,393,10.0,484.91,4,313.48
2026-01-13 16:00:00,A,16,6,1,623,13.7,721.66,5,704.3
2026-01-13 16:00:00,B,16,6,1,447,10.0,520.05,6,588.46
2026-01-13 16:00:00,C,16,6,1,481,16.99,590.85,4,683.61
2026-01-13 16:00:00,D,16,6,1,465,10.0,490.43,4,609.03
2026-01-13 17:00:00,A,17,6,1,415,10.0,621.93,5,680.42
2026-01-13 17:00:00,B,17,6,1,340,13.86,437.83,6,472.55
2026-01-13 17:00:00,C,17,6,1,521,10.67,567.66,4,662.63
2026-01-13 17:00:00,D,17,6,1,388,10.0,581.86,4,505.46
2026-01-13 18:00:00,A,18,6,1,472,10.0,512.63,5,627.83
2026-01-13 18:00:00,B,18,6,1,324,10.0,392.58,6,528.77
2026-01-13 18:00:00,C,18,6,1,484,10.06,482.78,4,513.75
2026-01-13 18:00:00,D,18,6,1,376,19.86,572.45,4,554.48
2026-01-13 19:00:00,A,19,6,1,420,10.0,637.75,5,672.7
2026-01-13 19:00:00,B,19,6,1,326,10.0,475.56,6,522.28
2026-01-13 19:00:00,C,19,6,1,407,10.0,516.86,4,666.19
2026-01-13 19:00:00,D,19,6,1,461,10.0,578.07,4,583.27
2026-01-13 20:00:00,A,20,6,0,402,10.0,500.53,5,461.81
2026-01-13 20:00:00,B,20,6,0,310,10.0,292.52,6,331.89
2026-01-13 20:00:00,C,20,6,0,324,10.0,374.88,4,377.24
2026-01-13 20:00:00,D,20,6,0,299,10.0,393.8,4,348.5
2026-01-13 21:00:00,A,21,6,0,465,10.0,487.52,5,454.39
2026-01-13 21:00:00,B,21,6,0,328,10.0,353.74,6,239.15
2026-01-13 21:00:00,C,21,6,0,307,10.0,404.42,4,459.51
2026-01-13 21:00:00,D,21,6,0,325,11.11,431.8,4,397.92
2026-01-13 22:00:00,A,22,6,0,480,10.0,525.46,5,390.46
2026-01-13 22:00:00,B,22,6,0,311,10.0,330.39,6,360.39
2026-01-13 22:00:00,C,22,6,0,453,10.0,424.22,4,476.78
2026-01-13 22:00:00,D,22,6,0,367,10.17,425.51,4,424.58
2026-01-13 23:00:00,A,23,6,0,506,10.0,556.11,5,556.75
2026-01-13 23:00:00,B,23,6,0,401,10.0,396.29,6,374.13
2026-01-13 23:00:00,C,23,6,0,428,37.13,505.33,4,448.6
2026-01-13 23:00:00,D,23,6,0,510,10.0,537.79,4,508.7
2026-01-14 00:00:00,A,0,7,0,625,27.26,566.01,5,577.49
2026-01-14 00:00:00,B,0,7,0,476,10.0,429.18,6,428.42
2026-01-14 00:00:00,C,0,7,0,565,13.91,666.1,4,578.31
2026-01-14 00:00:00,D,0,7,0,542,12.15,647.68,4,618.7
2026-01-14 01:00:00,A,1,7,0,645,15.65,776.12,5,707.76
2026-01-14 01:00:00,B,1,7,0,463,18.13,560.46,6,437.05
2026-01-14 01:00:00,C,1,7,0,565,10.0,538.88,4,563.16
2026-01-14 01:00:00,D,1,7,0,464,10.0,567.36,4,570.8
2026-01-14 02:00:00,A,2,7,0,678,11.27,837.67,5,798.3
2026-01-14 02:00:00,B,2,7,0,526,13.22,589.39,6,548.51
2026-01-14 02:00:00,C,2,7,0,601,10.0,699.22,4,735.07
2026-01-14 02:00:00,D,2,7,0,590,10.0,773.86,4,674.18
2026-01-14 03:00:00,A,3,7,0,613,10.0,919.2,5,777.49
2026-01-14 03:00:00,B,3,7,0,605,18.93,596.29,6,565.64
2026-01-14 03:00:00,C,3,7,0,569,23.68,637.46,4,654.47
2026-01-14 03:00:00,D,3,7,0,642,10.0,704.51,4,621.78
2026-01-14 04:00:00,A,4,7,0,883,10.0,893.14,5,904.31
2026-01-14 04:00:00,B,4,7,0,517,10.26,605.13,6,562.6
2026-01-14 04:00:00,C,4,7,0,651,10.0,808.2,4,757.33
2026-01-14 04:00:00,D,4,7,0,711,10.0,778.97,4,677.4
2026-01-14 05:00:00,A,5,7,0,655,10.0,831.89,5,896.21
2026-01-14 05:00:00,B,5,7,0,612,23.31,567.04,6,615.98
2026-01-14 05:00:00,C,5,7,0,753,10.0,880.19,4,827.21
2026-01-14 05:00:00,D,5,7,0,647,10.0,794.23,4,669.96
2026-01-14 06:00:00,A,6,7,0,728,10.0,824.98,5,795.91
2026-01-14 06:00:00,B,6,7,0,630,10.0,735.8,6,585.41
2026-01-14 06:00:00,C,6,7,0,660,10.0,886.76,4,795.47
2026-01-14 06:00:00,D,6,7,0,720,10.0,784.1,4,733.14
2026-01-14 07:00:00,A,7,7,1,1175,10.0,1334.78,5,1236.09
2026-01-14 07:00:00,B,7,7,1,839,17.23,923.61,6,1033.12
2026-01-14 07:00:00,C,7,7,1,1093,28.99,1004.37,4,1170.4
2026-01-14 07:00:00,D,7,7,1,968,27.89,1066.29,4,1206.03
2026-01-14 08:00:00,A,8,7,1,1200,10.0,1347.16,5,1230.55
2026-01-14 08:00:00,B,8,7,1,828,10.0,809.19,6,946.72
2026-01-14 08:00:00,C,8,7,1,1010,10.0,1199.86,4,1161.15
2026-01-14 08:00:00,D,8,7,1,1062,10.7,1186.43,4,1175.07
2026-01-14 09:00:00,A,9,7,1,840,10.0,1361.73,5,1177.28
2026-01-14 09:00:00,B,9,7,1,727,10.0,985.0,6,929.82
2026-01-14 09:00:00,C,9,7,1,791,10.9,981.24,4,1187.45
2026-01-14 09:00:00,D,9,7,1,769,18.68,1051.52,4,1061.72
2026-01-14 10:00:00,A,10,7,0,670,10.0,704.26,5,660.25
2026-01-14 10:00:00,B,10,7,0,535,10.0,474.4,6,536.22
2026-01-14 10:00:00,C,10,7,0,661,28.17,714.38,4,606.95
2026-01-14 10:00:00,D,10,7,0,592,22.72,760.24,4,649.71
2026-01-14 11:00:00,A,11,7,0,534,15.75,693.12,5,662.09
2026-01-14 11:00:00,B,11,7,0,407,10.0,444.97,6,544.64
2026-01-14 11:00:00,C,11,7,0,448,10.0,721.85,4,631.99
2026-01-14 11:00:00,D,11,7,0,498,10.0,614.79,4,539.54
2026-01-14 12:00:00,A,12,7,0,551,10.0,592.75,5,594.93
2026-01-14 12:00:00,B,12,7,0,392,10.0,538.69,6,440.81
2026-01-14 12:00:00,C,12,7,0,487,10.0,546.01,4,497.04
2026-01-14 12:00:00,D,12,7,0,529,14.44,540.78,4,505.97
2026-01-14 13:00:00,A,13,7,0,520,10.0,650.24,5,509.88
2026-01-14 13:00:00,B,13,7,0,309,11.71,403.48,6,366.01
2026-01-14 13:00:00,C,13,7,0,410,10.0,484.21,4,534.81
2026-01-14 13:00:00,D,13,7,0,465,10.0,527.98,4,435.51
2026-01-14 14:00:00,A,14,7,0,417,10.0,597.63,5,501.96
2026-01-14 14:00:00,B,14,7,0,288,10.0,371.4,6,309.13
2026-01-14 14:00:00,C,14,7,0,429,10.0,391.15,4,465.35
2026-01-14 14:00:00,D,14,7,0,325,10.0,458.17,4,450.75
2026-01-14 15:00:00,A,15,7,0,439,10.0,501.66,5,490.16
2026-01-14 15:00:00,B,15,7,0,244,10.0,320.78,6,289.76
2026-01-14 15:00:00,C,15,7,0,361,10.0,383.18,4,398.46
2026-01-14 15:00:00,D,15,7,0,304,18.3,464.45,4,324.12
2026-01-14 16:00:00,A,16,7,1,597,11.69,568.49,5,663.84
2026-01-14 16:00:00,B,16,7,1,432,16.36,480.88,6,447.87
2026-01-14 16:00:00,C,16,7,1,442,26.31,608.33,4,609.33
2026-01-14 16:00:00,D,16,7,1,539,10.0,486.13,4,549.97
2026-01-14 17:00:00,A,17,7,1,515,28.61,549.82,5,662.57
2026-01-14 17:00:00,B,17,7,1,403,10.0,358.85,6,598.58
2026-01-14 17:00:00,C,17,7,1,472,10.0,584.9,4,631.23
2026-01-14 17:00:00,D,17,7,1,385,10.0,561.72,4,561.34
2026-01-14 18:00:00,A,18,7,1,503,10.0,543.6,5,604.93
2026-01-14 18:00:00,B,18,7,1,378,26.03,465.52,6,546.85
2026-01-14 18:00:00,C,18,7,1,419,10.44,425.22,4,518.96
2026-01-14 18:00:00,D,18,7,1,468,10.0,424.85,4,529.46
2026-01-14 19:00:00,A,19,7,1,405,11.27,645.1,5,616.37
2026-01-14 19:00:00,B,19,7,1,409,10.0,365.87,6,512.27
2026-01-14 19:00:00,C,19,7,1,469,10.0,584.4,4,654.25
2026-01-14 19:00:00,D,19,7,1,379,10.0,460.09,4,542.48
2026-01-14 20:00:00,A,20,7,0,296,10.0,360.34,5,411.04
2026-01-14 20:00:00,B,20,7,0,247,15.75,324.67,6,271.21
2026-01-14 20:00:00,C,20,7,0,281,10.0,331.84,4,284.13
2026-01-14 20:00:00,D,20,7,0,347,10.0,326.54,4,326.81
2026-01-14 21:00:00,A,21,7,0,440,10.0,443.46,5,460.14
2026-01-14 21:00:00,B,21,7,0,280,27.74,329.97,6,283.12
2026-01-14 21:00:00,C,21,7,0,306,10.05,483.31,4,447.99
2026-01-14 21:00:00,D,21,7,0,405,18.53,441.64,4,337.66
2026-01-14 22:00:00,A,22,7,0,376,18.52,497.42,5,423.86
2026-01-14 22:00:00,B,22,7,0,289,10.0,413.73,6,353.09
2026-01-14 22:00:00,C,22,7,0,397,10.0,402.13,4,505.2
2026-01-14 22:00:00,D,22,7,0,393,10.0,506.99,4,427.33
2026-01-14 23:00:00,A,23,7,0,553,16.81,595.19,5,452.0
2026-01-14 23:00:00,B,23,7,0,307,10.0,400.31,6,436.63
2026-01-14 23:00:00,C,23,7,0,470,10.0,524.76,4,484.04
2026-01-14 23:00:00,D,23,7,0,356,17.36,547.46,4,496.11
2026-01-15 00:00:00,A,0,1,0,575,10.0,630.38,5,680.46
2026-01-15 00:00:00,B,0,1,0,450,10.0,483.79,6,379.84
2026-01-15 00:00:00,C,0,1,0,523,10.0,622.45,4,536.89
2026-01-15 00:00:00,D,0,1,0,553,10.0,478.48,4,557.25
2026-01-15 01:00:00,A,1,1,0,513,10.0,727.45,5,648.45
2026-01-15 01:00:00,B,1,1,0,517,10.0,538.52,6,482.52
2026-01-15 01:00:00,C,1,1,0,628,10.0,678.72,4,632.82
2026-01-15 01:00:00,D,1,1,0,634,14.46,593.47,4,504.42
2026-01-15 02:00:00,A,2,1,0,629,10.0,647.35,5,728.13
2026-01-15 02:00:00,B,2,1,0,405,10.0,624.69,6,513.22
2026-01-15 02:00:00,C,2,1,0,683,10.0,647.24,4,640.93
2026-01-15 02:00:00,D,2,1,0,599,10.15,580.8,4,612.83
2026-01-15 03:00:00,A,3,1,0,766,10.0,720.67,5,759.65
2026-01-15 03:00:00,B,3,1,0,571,10.0,658.61,6,585.87
2026-01-15 03:00:00,C,3,1,0,714,23.12,700.0,4,640.94
2026-01-15 03:00:00,D,3,1,0,656,10.0,802.51,4,714.65
2026-01-15 04:00:00,A,4,1,0,699,10.0,924.72,5,722.14
2026-01-15 04:00:00,B,4,1,0,597,10.0,701.82,6,638.2
2026-01-15 04:00:00,C,4,1,0,608,10.0,833.11,4,737.82
2026-01-15 04:00:00,D,4,1,0,683,10.0,779.63,4,664.52
2026-01-15 05:00:00,A,5,1,0,863,18.03,994.32,5,802.09
2026-01-15 05:00:00,B,5,1,0,636,10.0,689.28,6,607.71
2026-01-15 05:00:00,C,5,1,0,706,10.0,864.51,4,866.57
2026-01-15 05:00:00,D,5,1,0,554,15.45,840.88,4,672.08
2026-01-15 06:00:00,A,6,1,0,842,10.0,1024.67,5,883.2
2026-01-15 06:00:00,B,6,1,0,616,10.0,709.19,6,628.69
2026-01-15 06:00:00,C,6,1,0,832,10.0,869.14,4,742.78
2026-01-15 06:00:00,D,6,1,0,803,18.46,745.75,4,691.98
2026-01-15 07:00:00,A,7,1,1,1256,25.16,1173.38,5,1304.92
2026-01-15 07:00:00,B,7,1,1,887,10.0,978.03,6,904.79
2026-01-15 07:00:00,C,7,1,1,968,10.0,1282.38,4,1160.81
2026-01-15 07:00:00,D,7,1,1,1008,10.0,1096.27,4,1184.4
2026-01-15 08:00:00,A,8,1,1,1149,17.49,1412.38,5,1292.03
2026-01-15 08:00:00,B,8,1,1,815,17.93,1042.59,6,933.42
2026-01-15 08:00:00,C,8,1,1,885,12.69,1066.66,4,1194.48
2026-01-15 08:00:00,D,8,1,1,884,14.58,1197.93,4,1142.42
2026-01-15 09:00:00,A,9,1,1,1209,24.95,1230.9,5,1194.18
2026-01-15 09:00:00,B,9,1,1,747,10.0,762.62,6,919.72
2026-01-15 09:00:00,C,9,1,1,904,10.0,1213.32,4,1108.21
2026-01-15 09:00:00,D,9,1,1,910,10.0,1147.61,4,1130.65
2026-01-15 10:00:00,A,10,1,0,673,10.0,788.37,5,607.86
2026-01-15 10:00:00,B,10,1,0,399,10.0,566.49,6,583.09
2026-01-15 10:00:00,C,10,1,0,544,10.0,634.65,4,650.59
2026-01-15 10:00:00,D,10,1,0,490,10.0,588.05,4,756.41
2026-01-15 11:00:00,A,11,1,0,618,10.0,653.21,5,636.8
2026-01-15 11:00:00,B,11,1,0,455,15.52,532.3,6,429.61
2026-01-15 11:00:00,C,11,1,0,639,18.3,674.17,4,586.94
2026-01-15 11:00:00,D,11,1,0,475,13.56,540.25,4,595.21
2026-01-15 12:00:00,A,12,1,0,472,10.0,710.48,5,527.95
2026-01-15 12:00:00,B,12,1,0,444,10.0,460.97,6,399.7
2026-01-15 12:00:00,C,12,1,0,538,10.0,504.83,4,578.83
2026-01-15 12:00:00,D,12,1,0,438,10.46,537.74,4,411.42
2026-01-15 13:00:00,A,13,1,0,447,10.0,542.2,5,506.33
2026-01-15 13:00:00,B,13,1,0,314,10.0,425.2,6,399.69
2026-01-15 13:00:00,C,13,1,0,377,10.0,500.71,4,446.6
2026-01-15 13:00:00,D,13,1,0,416,10.0,541.86,4,455.18
2026-01-15 14:00:00,A,14,1,0,368,13.19,521.23,5,515.4
2026-01-15 14:00:00,B,14,1,0,278,10.0,360.42,6,256.64
2026-01-15 14:00:00,C,14,1,0,445,10.0,517.77,4,497.34
2026-01-15 14:00:00,D,14,1,0,385,10.0,427.98,4,402.32
2026-01-15 15:00:00,A,15,1,0,422,12.91,392.73,5,340.7
2026-01-15 15:00:00,B,15,1,0,322,10.0,366.8,6,390.18
2026-01-15 15:00:00,C,15,1,0,313,21.98,352.47,4,458.35
2026-01-15 15:00:00,D,15,1,0,307,10.0,424.69,4,437.53
2026-01-15 16:00:00,A,16,1,1,483,10.0,560.94,5,631.19
2026-01-15 16:00:00,B,16,1,1,448,10.0,508.06,6,538.64
2026-01-15 16:00:00,C,16,1,1,489,10.0,469.58,4,608.87
2026-01-15 16:00:00,D,16,1,1,457,10.0,462.66,4,633.57
2026-01-15 17:00:00,A,17,1,1,435,10.0,566.8,5,629.07
2026-01-15 17:00:00,B,17,1,1,328,14.2,420.68,6,585.92
2026-01-15 17:00:00,C,17,1,1,448,10.0,582.3,4,643.69
2026-01-15 17:00:00,D,17,1,1,426,14.11,479.95,4,642.12
2026-01-15 18:00:00,A,18,1,1,418,10.0,625.61,5,535.41
2026-01-15 18:00:00,B,18,1,1,333,11.28,376.61,6,542.75
2026-01-15 18:00:00,C,18,1,1,349,10.0,432.96,4,560.11
2026-01-15 18:00:00,D,18,1,1,407,10.0,411.2,4,617.61
2026-01-15 19:00:00,A,19,1,1,575,10.0,495.71,5,540.11
2026-01-15 19:00:00,B,19,1,1,304,10.0,393.97,6,391.92
2026-01-15 19:00:00,C,19,1,1,389,10.0,498.93,4,521.94
2026-01-15 19:00:00,D,19,1,1,430,10.0,513.95,4,529.89
2026-01-15 20:00:00,A,20,1,0,345,10.0,466.82,5,371.36
2026-01-15 20:00:00,B,20,1,0,270,10.0,327.94,6,296.18
2026-01-15 20:00:00,C,20,1,0,387,10.0,440.14,4,331.29
2026-01-15 20:00:00,D,20,1,0,339,10.0,427.13,4,270.73
2026-01-15 21:00:00,A,21,1,0,383,17.52,533.5,5,389.37
2026-01-15 21:00:00,B,21,1,0,292,10.0,300.39,6,255.83
2026-01-15 21:00:00,C,21,1,0,385,11.07,473.44,4,388.82
2026-01-15 21:00:00,D,21,1,0,321,10.0,429.44,4,320.28
2026-01-15 22:00:00,A,22,1,0,386,10.0,431.05,5,390.18
2026-01-15 22:00:00,B,22,1,0,371,10.0,419.94,6,466.53
2026-01-15 22:00:00,C,22,1,0,392,10.0,506.44,4,432.88
2026-01-15 22:00:00,D,22,1,0,391,18.43,485.22,4,447.38
2026-01-15 23:00:00,A,23,1,0,405,22.27,630.45,5,538.54
2026-01-15 23:00:00,B,23,1,0,395,10.0,488.5,6,422.16
2026-01-15 23:00:00,C,23,1,0,387,16.06,524.51,4,529.03
2026-01-15 23:00:00,D,23,1,0,517,10.0,489.49,4,433.8
2026-01-16 00:00:00,A,0,2,0,502,15.6,650.25,5,691.39
2026-01-16 00:00:00,B,0,2,0,446,10.0,481.8,6,418.48
2026-01-16 00:00:00,C,0,2,0,592,11.0,588.73,4,542.01
2026-01-16 00:00:00,D,0,2,0,589,15.84,626.15,4,579.81
2026-01-16 01:00:00,A,1,2,0,743,18.83,804.98,5,672.95
2026-01-16 01:00:00,B,1,2,0,425,10.0,479.95,6,466.44
2026-01-16 01:00:00,C,1,2,0,533,22.79,730.68,4,563.24
2026-01-16 01:00:00,D,1,2,0,610,10.0,729.56,4,612.97
2026-01-16 02:00:00,A,2,2,0,755,10.0,765.35,5,794.3
2026-01-16 02:00:00,B,2,2,0,455,10.0,580.15,6,536.14
2026-01-16 02:00:00,C,2,2,0,709,10.0,641.29,4,658.44
2026-01-16 02:00:00,D,2,2,0,575,10.0,683.36,4,657.63
2026-01-16 03:00:00,A,3,2,0,844,10.0,874.57,5,828.78
2026-01-16 03:00:00,B,3,2,0,505,10.0,643.06,6,600.14
2026-01-16 03:00:00,C,3,2,0,772,10.0,802.54,4,705.89
2026-01-16 03:00:00,D,3,2,0,753,11.31,647.5,4,714.45
2026-01-16 04:00:00,A,4,2,0,705,11.83,977.83,5,928.0
2026-01-16 04:00:00,B,4,2,0,664,10.0,710.97,6,551.36
2026-01-16 04:00:00,C,4,2,0,814,10.0,812.8,4,824.92
2026-01-16 04:00:00,D,4,2,0,736,10.0,705.01,4,771.19
2026-01-16 05:00:00,A,5,2,0,942,10.0,861.81,5,813.29
2026-01-16 05:00:00,B,5,2,0,586,10.0,598.75,6,597.81
2026-01-16 05:00:00,C,5,2,0,810,10.0,871.02,4,777.28
2026-01-16 05:00:00,D,5,2,0,743,10.0,898.61,4,792.1
2026-01-16 06:00:00,A,6,2,0,913,10.0,905.26,5,907.01
2026-01-16 06:00:00,B,6,2,0,538,13.73,626.19,6,626.66
2026-01-16 06:00:00,C,6,2,0,851,10.0,812.12,4,805.26
2026-01-16 06:00:00,D,6,2,0,733,10.0,930.52,4,687.76
2026-01-16 07:00:00,A,7,2,1,955,11.65,1239.96,5,1380.36
2026-01-16 07:00:00,B,7,2,1,951,10.0,875.76,6,889.42
2026-01-16 07:00:00,C,7,2,1,914,18.87,1062.55,4,1160.66
2026-01-16 07:00:00,D,7,2,1,1168,10.0,1005.22,4,1185.91
2026-01-16 08:00:00,A,8,2,1,1043,10.0,1133.96,5,1257.92
2026-01-16 08:00:00,B,8,2,1,916,10.0,829.23,6,966.68
2026-01-16 08:00:00,C,8,2,1,1146,14.74,997.16,4,1149.25
2026-01-16 08:00:00,D,8,2,1,982,10.0,1172.58,4,1250.78
2026-01-16 09:00:00,A,9,2,1,1185,11.87,1380.27,5,1230.73
2026-01-16 09:00:00,B,9,2,1,680,10.0,885.12,6,1014.94
2026-01-16 09:00:00,C,9,2,1,1064,14.74,971.37,4,1100.74
2026-01-16 09:00:00,D,9,2,1,961,15.69,1114.39,4,1064.38
2026-01-16 10:00:00,A,10,2,0,622,10.0,715.16,5,802.15
2026-01-16 10:00:00,B,10,2,0,529,10.0,613.72,6,495.36
2026-01-16 10:00:00,C,10,2,0,641,10.0,741.06,4,729.76
2026-01-16 10:00:00,D,10,2,0,587,10.0,710.27,4,689.15
2026-01-16 11:00:00,A,11,2,0,704,20.62,774.72,5,703.25
2026-01-16 11:00:00,B,11,2,0,469,10.0,566.84,6,469.37
2026-01-16 11:00:00,C,11,2,0,627,10.0,732.51,4,608.69
2026-01-16 11:00:00,D,11,2,0,512,12.53,562.51,4,710.56
2026-01-16 12:00:00,A,12,2,0,654,10.0,594.45,5,645.54
2026-01-16 12:00:00,B,12,2,0,356,15.29,555.21,6,454.52
2026-01-16 12:00:00,C,12,2,0,504,10.0,579.76,4,496.44
2026-01-16 12:00:00,D,12,2,0,560,10.0,616.45,4,546.6
2026-01-16 13:00:00,A,13,2,0,507,10.0,640.35,5,572.01
2026-01-16 13:00:00,B,13,2,0,380,10.0,460.54,6,370.84
2026-01-16 13:00:00,C,13,2,0,436,10.0,624.06,4,571.06
2026-01-16 13:00:00,D,13,2,0,504,10.0,569.34,4,493.51
2026-01-16 14:00:00,A,14,2,0,528,10.0,585.07,5,451.98
2026-01-16 14:00:00,B,14,2,0,338,10.0,348.97,6,369.03
2026-01-16 14:00:00,C,14,2,0,389,10.0,490.15,4,467.41
2026-01-16 14:00:00,D,14,2,0,425,10.0,405.21,4,411.15
2026-01-16 15:00:00,A,15,2,0,381,10.0,525.09,5,504.85
2026-01-16 15:00:00,B,15,2,0,340,10.0,320.13,6,335.66
2026-01-16 15:00:00,C,15,2,0,321,10.0,447.72,4,301.85
2026-01-16 15:00:00,D,15,2,0,394,10.0,396.97,4,390.07
2026-01-16 16:00:00,A,16,2,1,450,10.39,661.94,5,704.96
2026-01-16 16:00:00,B,16,2,1,439,10.0,401.78,6,484.79
2026-01-16 16:00:00,C,16,2,1,444,10.0,527.96,4,649.0
2026-01-16 16:00:00,D,16,2,1,488,10.0,471.13,4,633.93
2026-01-16 17:00:00,A,17,2,1,523,10.0,618.55,5,638.07
2026-01-16 17:00:00,B,17,2,1,386,21.19,445.97,6,496.15
2026-01-16 17:00:00,C,17,2,1,425,10.0,508.29,4,631.23
2026-01-16 17:00:00,D,17,2,1,461,11.71,494.79,4,644.34
2026-01-16 18:00:00,A,18,2,1,547,11.29,571.7,5,664.28
2026-01-16 18:00:00,B,18,2,1,414,10.0,349.16,6,593.56
2026-01-16 18:00:00,C,18,2,1,519,10.0,544.07,4,607.49
2026-01-16 18:00:00,D,18,2,1,428,10.0,446.83,4,576.5
2026-01-16 19:00:00,A,19,2,1,529,10.0,608.41,5,649.64
2026-01-16 19:00:00,B,19,2,1,345,10.0,474.99,6,484.49
2026-01-16 19:00:00,C,19,2,1,451,32.5,570.22,4,602.34
2026-01-16 19:00:00,D,19,2,1,442,14.85,564.07,4,602.6
2026-01-16 20:00:00,A,20,2,0,389,27.16,433.48,5,421.09
2026-01-16 20:00:00,B,20,2,0,236,10.0,298.97,6,239.21
2026-01-16 20:00:00,C,20,2,0,327,10.0,353.65,4,339.66
2026-01-16 20:00:00,D,20,2,0,281,10.0,373.03,4,307.47
2026-01-16 21:00:00,A,21,2,0,433,10.0,511.98,5,447.71
2026-01-16 21:00:00,B,21,2,0,265,22.4,323.26,6,408.62
2026-01-16 21:00:00,C,21,2,0,421,11.64,416.54,4,436.87
2026-01-16 21:00:00,D,21,2,0,405,16.3,411.4,4,409.45
2026-01-16 22:00:00,A,22,2,0,501,17.89,520.42,5,436.82
2026-01-16 22:00:00,B,22,2,0,353,13.06,397.71,6,313.62
2026-01-16 22:00:00,C,22,2,0,369,10.0,415.52,4,499.31
2026-01-16 22:00:00,D,22,2,0,336,10.0,538.6,4,397.1
2026-01-16 23:00:00,A,23,2,0,489,10.0,668.81,5,521.9
2026-01-16 23:00:00,B,23,2,0,358,10.0,507.39,6,341.89
2026-01-16 23:00:00,C,23,2,0,549,10.0,573.74,4,536.14
2026-01-16 23:00:00,D,23,2,0,467,14.15,477.97,4,481.08
2026-01-17 00:00:00,A,0,3,0,562,24.57,583.36,5,643.36
2026-01-17 00:00:00,B,0,3,0,483,16.89,566.05,6,427.63
2026-01-17 00:00:00,C,0,3,0,609,10.0,543.03,4,552.81
2026-01-17 00:00:00,D,0,3,0,541,10.0,539.14,4,453.38
2026-01-17 01:00:00,A,1,3,0,730,10.0,624.66,5,701.44
2026-01-17 01:00:00,B,1,3,0,399,10.0,627.53,6,581.91
2026-01-17 01:00:00,C,1,3,0,604,27.35,749.03,4,543.59
2026-01-17 01:00:00,D,1,3,0,534,21.53,645.74,4,684.58
2026-01-17 02:00:00,A,2,3,0,617,10.0,729.04,5,777.4
2026-01-17 02:00:00,B,2,3,0,571,10.0,682.22,6,547.94
2026-01-17 02:00:00,C,2,3,0,523,24.98,638.26,4,745.64
2026-01-17 02:00:00,D,2,3,0,648,39.98,609.24,4,692.79
2026-01-17 03:00:00,A,3,3,0,758,12.37,949.49,5,762.79
2026-01-17 03:00:00,B,3,3,0,591,10.0,608.53,6,608.64
2026-01-17 03:00:00,C,3,3,0,795,10.0,872.28,4,723.95
2026-01-17 03:00:00,D,3,3,0,719,10.0,843.76,4,711.75
2026-01-17 04:00:00,A,4,3,0,924,10.0,848.16,5,776.45
2026-01-17 04:00:00,B,4,3,0,489,17.73,715.2,6,620.01
2026-01-17 04:00:00,C,4,3,0,574,10.0,874.89,4,750.68
2026-01-17 04:00:00,D,4,3,0,804,10.0,850.98,4,702.96
2026-01-17 05:00:00,A,5,3,0,947,10.0,874.89,5,845.05
2026-01-17 05:00:00,B,5,3,0,499,10.0,642.13,6,530.55
2026-01-17 05:00:00,C,5,3,0,616,20.19,710.41,4,834.23
2026-01-17 05:00:00,D,5,3,0,791,10.0,845.16,4,851.16
2026-01-17 06:00:00,A,6,3,0,902,10.0,1016.48,5,876.06
2026-01-17 06:00:00,B,6,3,0,624,10.84,737.64,6,639.56
2026-01-17 06:00:00,C,6,3,0,654,10.0,976.9,4,788.69
2026-01-17 06:00:00,D,6,3,0,737,10.0,807.67,4,732.73
2026-01-17 07:00:00,A,7,3,1,1254,21.07,1223.56,5,1452.43
2026-01-17 07:00:00,B,7,3,1,923,10.0,893.94,6,994.92
2026-01-17 07:00:00,C,7,3,1,1075,10.0,1223.58,4,1226.64
2026-01-17 07:00:00,D,7,3,1,1017,21.54,1109.26,4,1198.53
2026-01-17 08:00:00,A,8,3,1,1159,10.0,1374.37,5,1272.34
2026-01-17 08:00:00,B,8,3,1,678,11.3,1023.45,6,961.37
2026-01-17 08:00:00,C,8,3,1,808,10.0,1240.01,4,1170.28
2026-01-17 08:00:00,D,8,3,1,961,10.0,1254.11,4,1158.43
2026-01-17 09:00:00,A,9,3,1,1163,10.0,1359.44,5,1283.81
2026-01-17 09:00:00,B,9,3,1,894,10.0,821.79,6,952.86
2026-01-17 09:00:00,C,9,3,1,990,10.0,928.13,4,1135.9
2026-01-17 09:00:00,D,9,3,1,794,24.31,1158.27,4,1171.79
2026-01-17 10:00:00,A,10,3,0,578,18.4,812.65,5,817.81
2026-01-17 10:00:00,B,10,3,0,527,32.93,575.83,6,587.14
2026-01-17 10:00:00,C,10,3,0,700,11.15,689.32,4,634.14
2026-01-17 10:00:00,D,10,3,0,639,13.15,657.09,4,665.75
2026-01-17 11:00:00,A,11,3,0,660,27.03,807.48,5,724.1
2026-01-17 11:00:00,B,11,3,0,538,10.0,543.52,6,515.72
2026-01-17 11:00:00,C,11,3,0,501,16.31,685.42,4,624.86
2026-01-17 11:00:00,D,11,3,0,612,32.98,663.95,4,642.67
2026-01-17 12:00:00,A,12,3,0,576,10.0,727.27,5,579.61
2026-01-17 12:00:00,B,12,3,0,349,10.0,475.69,6,433.01
2026-01-17 12:00:00,C,12,3,0,469,10.0,670.76,4,579.82
2026-01-17 12:00:00,D,12,3,0,448,20.57,526.89,4,592.22
2026-01-17 13:00:00,A,13,3,0,612,10.0,657.36,5,544.34
2026-01-17 13:00:00,B,13,3,0,331,13.41,490.9,6,385.39
2026-01-17 13:00:00,C,13,3,0,482,10.66,457.16,4,439.49
2026-01-17 13:00:00,D,13,3,0,464,10.0,588.16,4,506.24
2026-01-17 14:00:00,A,14,3,0,510,10.0,474.76,5,442.87
2026-01-17 14:00:00,B,14,3,0,284,10.0,356.62,6,372.82
2026-01-17 14:00:00,C,14,3,0,437,10.0,464.5,4,367.0
2026-01-17 14:00:00,D,14,3,0,370,10.0,510.8,4,392.94
2026-01-17 15:00:00,A,15,3,0,376,10.0,427.48,5,414.36
2026-01-17 15:00:00,B,15,3,0,340,10.0,328.76,6,372.9
2026-01-17 15:00:00,C,15,3,0,314,15.82,410.38,4,433.67
2026-01-17 15:00:00,D,15,3,0,403,15.13,425.55,4,354.32
2026-01-17 16:00:00,A,16,3,1,456,12.26,703.57,5,721.99
2026-01-17 16:00:00,B,16,3,1,392,10.0,451.86,6,592.74
2026-01-17 16:00:00,C,16,3,1,416,14.09,650.61,4,604.25
2026-01-17 16:00:00,D,16,3,1,555,10.0,524.13,4,628.22
2026-01-17 17:00:00,A,17,3,1,513,10.0,492.01,5,594.69
2026-01-17 17:00:00,B,17,3,1,334,10.0,402.78,6,483.84
2026-01-17 17:00:00,C,17,3,1,447,13.92,507.47,4,513.61
2026-01-17 17:00:00,D,17,3,1,381,15.18,439.87,4,585.88
2026-01-17 18:00:00,A,18,3,1,400,12.0,522.01,5,705.42
2026-01-17 18:00:00,B,18,3,1,394,10.0,479.33,6,538.7
2026-01-17 18:00:00,C,18,3,1,499,10.0,485.01,4,527.22
2026-01-17 18:00:00,D,18,3,1,489,10.0,443.27,4,548.78
2026-01-17 19:00:00,A,19,3,1,501,10.0,636.96,5,672.84
2026-01-17 19:00:00,B,19,3,1,384,17.34,464.32,6,502.09
2026-01-17 19:00:00,C,19,3,1,400,10.0,479.38,4,653.52
2026-01-17 19:00:00,D,19,3,1,442,17.52,562.53,4,574.14
2026-01-17 20:00:00,A,20,3,0,384,10.0,509.51,5,460.05
2026-01-17 20:00:00,B,20,3,0,323,10.0,366.04,6,285.52
2026-01-17 20:00:00,C,20,3,0,372,10.0,453.42,4,408.45
2026-01-17 20:00:00,D,20,3,0,285,10.0,352.95,4,406.81
2026-01-17 21:00:00,A,21,3,0,386,10.0,465.69,5,541.36
2026-01-17 21:00:00,B,21,3,0,259,10.0,366.83,6,305.75
2026-01-17 21:00:00,C,21,3,0,439,12.99,453.88,4,420.99
2026-01-17 21:00:00,D,21,3,0,365,10.0,385.45,4,373.17
2026-01-17 22:00:00,A,22,3,0,528,24.12,597.53,5,492.28
2026-01-17 22:00:00,B,22,3,0,382,10.0,452.09,6,311.47
2026-01-17 22:00:00,C,22,3,0,454,20.38,489.01,4,409.32
2026-01-17 22:00:00,D,22,3,0,350,10.0,527.75,4,483.93
2026-01-17 23:00:00,A,23,3,0,473,10.0,570.8,5,565.56
2026-01-17 23:00:00,B,23,3,0,307,10.0,422.06,6,397.67
2026-01-17 23:00:00,C,23,3,0,518,10.0,499.42,4,475.26
2026-01-17 23:00:00,D,23,3,0,449,10.0,512.87,4,530.99
2026-01-18 00:00:00,A,0,4,0,548,10.0,632.42,5,670.12
2026-01-18 00:00:00,B,0,4,0,446,30.89,552.08,6,403.93
2026-01-18 00:00:00,C,0,4,0,578,11.58,523.92,4,516.8
2026-01-18 00:00:00,D,0,4,0,540,10.0,574.13,4,544.73
2026-01-18 01:00:00,A,1,4,0,564,30.13,629.45,5,669.26
2026-01-18 01:00:00,B,1,4,0,397,10.0,486.72,6,509.49
2026-01-18 01:00:00,C,1,4,0,504,10.0,643.97,4,570.16
2026-01-18 01:00:00,D,1,4,0,574,18.52,653.83,4,585.16
2026-01-18 02:00:00,A,2,4,0,677,10.0,916.0,5,759.19
2026-01-18 02:00:00,B,2,4,0,545,18.87,642.19,6,506.18
2026-01-18 02:00:00,C,2,4,0,566,10.0,713.16,4,671.29
2026-01-18 02:00:00,D,2,4,0,714,10.0,623.52,4,658.51
2026-01-18 03:00:00,A,3,4,0,764,26.11,849.43,5,797.55
2026-01-18 03:00:00,B,3,4,0,624,10.22,585.05,6,563.8
2026-01-18 03:00:00,C,3,4,0,697,10.0,764.64,4,738.52
2026-01-18 03:00:00,D,3,4,0,699,14.7,662.88,4,682.6
2026-01-18 04:00:00,A,4,4,0,808,10.0,858.99,5,878.23
2026-01-18 04:00:00,B,4,4,0,595,10.0,647.98,6,561.58
2026-01-18 04:00:00,C,4,4,0,793,10.0,752.54,4,795.79
2026-01-18 04:00:00,D,4,4,0,593,17.88,828.43,4,770.4
2026-01-18 05:00:00,A,5,4,0,722,21.09,925.09,5,933.54
2026-01-18 05:00:00,B,5,4,0,665,31.29,775.05,6,661.96
2026-01-18 05:00:00,C,5,4,0,615,10.0,928.22,4,717.04
2026-01-18 05:00:00,D,5,4,0,738,10.0,835.89,4,726.95
2026-01-18 06:00:00,A,6,4,0,825,19.49,819.31,5,838.21
2026-01-18 06:00:00,B,6,4,0,689,10.0,596.47,6,606.96
2026-01-18 06:00:00,C,6,4,0,623,10.0,830.86,4,800.01
2026-01-18 06:00:00,D,6,4,0,743,10.0,754.66,4,742.68
2026-01-18 07:00:00,A,7,4,1,1128,21.53,1339.07,5,1328.1
2026-01-18 07:00:00,B,7,4,1,826,16.86,957.98,6,1004.34
2026-01-18 07:00:00,C,7,4,1,877,10.0,1261.25,4,1197.79
2026-01-18 07:00:00,D,7,4,1,1004,10.0,1264.18,4,1125.12
2026-01-18 08:00:00,A,8,4,1,1035,10.98,1238.17,5,1253.3
2026-01-18 08:00:00,B,8,4,1,847,10.0,1015.9,6,1012.53
2026-01-18 08:00:00,C,8,4,1,963,23.74,1239.77,4,1150.19
2026-01-18 08:00:00,D,8,4,1,954,48.26,1003.79,4,1194.17
2026-01-18 09:00:00,A,9,4,1,871,10.4,1243.48,5,1159.87
2026-01-18 09:00:00,B,9,4,1,721,12.04,1017.28,6,886.71
2026-01-18 09:00:00,C,9,4,1,942,10.0,1073.43,4,1159.14
2026-01-18 09:00:00,D,9,4,1,1066,31.33,1172.6,4,1118.77
2026-01-18 10:00:00,A,10,4,0,772,17.41,809.85,5,833.84
2026-01-18 10:00:00,B,10,4,0,536,10.0,556.86,6,572.1
2026-01-18 10:00:00,C,10,4,0,648,20.89,795.6,4,725.49
2026-01-18 10:00:00,D,10,4,0,563,19.72,706.8,4,636.98
2026-01-18 11:00:00,A,11,4,0,627,10.0,638.39,5,746.4
2026-01-18 11:00:00,B,11,4,0,532,10.36,525.57,6,446.09
2026-01-18 11:00:00,C,11,4,0,603,10.0,751.12,4,672.65
2026-01-18 11:00:00,D,11,4,0,662,10.0,651.22,4,635.3
2026-01-18 12:00:00,A,12,4,0,482,14.61,632.09,5,641.18
2026-01-18 12:00:00,B,12,4,0,440,13.28,557.99,6,491.09
2026-01-18 12:00:00,C,12,4,0,511,10.0,582.55,4,482.71
2026-01-18 12:00:00,D,12,4,0,546,10.0,594.26,4,568.99
2026-01-18 13:00:00,A,13,4,0,603,10.0,660.58,5,510.87
2026-01-18 13:00:00,B,13,4,0,370,10.0,471.62,6,469.42
2026-01-18 13:00:00,C,13,4,0,381,30.96,582.82,4,540.68
2026-01-18 13:00:00,D,13,4,0,505,10.0,457.05,4,512.62
2026-01-18 14:00:00,A,14,4,0,510,10.0,537.5,5,440.05
2026-01-18 14:00:00,B,14,4,0,362,14.57,356.64,6,399.39
2026-01-18 14:00:00,C,14,4,0,434,15.44,417.75,4,466.48
2026-01-18 14:00:00,D,14,4,0,462,10.0,488.42,4,376.77
2026-01-18 15:00:00,A,15,4,0,362,10.0,416.09,5,515.56
2026-01-18 15:00:00,B,15,4,0,342,10.0,297.6,6,318.52
2026-01-18 15:00:00,C,15,4,0,385,10.0,414.5,4,341.03
2026-01-18 15:00:00,D,15,4,0,334,10.0,368.46,4,465.72
2026-01-18 16:00:00,A,16,4,1,564,10.0,570.0,5,612.53
2026-01-18 16:00:00,B,16,4,1,435,10.0,520.54,6,503.11
2026-01-18 16:00:00,C,16,4,1,465,10.0,497.41,4,620.92
2026-01-18 16:00:00,D,16,4,1,534,25.3,597.44,4,639.23
2026-01-18 17:00:00,A,17,4,1,569,10.0,558.83,5,622.47
2026-01-18 17:00:00,B,17,4,1,357,14.37,410.45,6,554.26
2026-01-18 17:00:00,C,17,4,1,410,11.37,587.84,4,623.01
2026-01-18 17:00:00,D,17,4,1,424,10.0,539.69,4,605.81
2026-01-18 18:00:00,A,18,4,1,406,21.66,489.97,5,658.67
2026-01-18 18:00:00,B,18,4,1,387,12.4,450.87,6,481.63
2026-01-18 18:00:00,C,18,4,1,477,10.0,476.87,4,537.35
2026-01-18 18:00:00,D,18,4,1,513,18.7,495.58,4,572.27
2026-01-18 19:00:00,A,19,4,1,547,17.42,549.06,5,630.89
2026-01-18 19:00:00,B,19,4,1,400,17.14,391.99,6,508.61
2026-01-18 19:00:00,C,19,4,1,458,10.0,603.35,4,584.28
2026-01-18 19:00:00,D,19,4,1,466,14.55,535.56,4,608.01
2026-01-18 20:00:00,A,20,4,0,440,14.03,483.26,5,471.71
2026-01-18 20:00:00,B,20,4,0,291,10.0,341.87,6,326.25
2026-01-18 20:00:00,C,20,4,0,364,10.0,379.19,4,349.06
2026-01-18 20:00:00,D,20,4,0,373,10.0,390.7,4,241.58
2026-01-18 21:00:00,A,21,4,0,429,10.0,497.37,5,492.68
2026-01-18 21:00:00,B,21,4,0,287,10.0,385.11,6,295.52
2026-01-18 21:00:00,C,21,4,0,352,10.0,458.01,4,326.84
2026-01-18 21:00:00,D,21,4,0,429,10.0,419.75,4,342.73
2026-01-18 22:00:00,A,22,4,0,408,10.0,464.7,5,490.16
2026-01-18 22:00:00,B,22,4,0,331,10.0,404.69,6,486.57
2026-01-18 22:00:00,C,22,4,0,367,17.88,500.58,4,363.07
2026-01-18 22:00:00,D,22,4,0,406,25.12,434.25,4,410.66
2026-01-18 23:00:00,A,23,4,0,507,11.19,676.86,5,551.66
2026-01-18 23:00:00,B,23,4,0,377,35.99,509.37,6,492.9
2026-01-18 23:00:00,C,23,4,0,394,17.11,580.1,4,581.05
2026-01-18 23:00:00,D,23,4,0,486,11.37,605.48,4,473.08
2026-01-19 00:00:00,A,0,5,0,544,14.35,714.79,5,687.9
2026-01-19 00:00:00,B,0,5,0,483,10.0,483.11,6,476.84
2026-01-19 00:00:00,C,0,5,0,425,16.0,562.57,4,538.14
2026-01-19 00:00:00,D,0,5,0,449,10.0,590.06,4,548.16
2026-01-19 01:00:00,A,1,5,0,630,11.42,701.84,5,690.87
2026-01-19 01:00:00,B,1,5,0,509,10.0,533.92,6,593.53
2026-01-19 01:00:00,C,1,5,0,660,10.0,743.9,4,693.57
2026-01-19 01:00:00,D,1,5,0,669,35.74,575.83,4,574.91
2026-01-19 02:00:00,A,2,5,0,584,19.52,926.63,5,729.91
2026-01-19 02:00:00,B,2,5,0,553,17.2,653.21,6,526.77
2026-01-19 02:00:00,C,2,5,0,632,10.0,754.99,4,716.13
2026-01-19 02:00:00,D,2,5,0,516,10.0,608.65,4,728.47
2026-01-19 03:00:00,A,3,5,0,741,10.0,836.13,5,800.48
2026-01-19 03:00:00,B,3,5,0,580,10.0,689.47,6,530.28
2026-01-19 03:00:00,C,3,5,0,735,11.21,816.21,4,723.74
2026-01-19 03:00:00,D,3,5,0,742,10.0,822.38,4,776.09
2026-01-19 04:00:00,A,4,5,0,703,10.0,778.43,5,815.5
2026-01-19 04:00:00,B,4,5,0,674,15.8,704.4,6,505.37
2026-01-19 04:00:00,C,4,5,0,804,20.85,749.13,4,708.94
2026-01-19 04:00:00,D,4,5,0,671,10.0,735.92,4,727.56
2026-01-19 05:00:00,A,5,5,0,808,13.25,864.55,5,942.62
2026-01-19 05:00:00,B,5,5,0,496,10.0,593.59,6,726.49
2026-01-19 05:00:00,C,5,5,0,674,10.0,840.82,4,845.65
2026-01-19 05:00:00,D,5,5,0,695,22.33,780.18,4,765.55
2026-01-19 06:00:00,A,6,5,0,699,10.0,1081.65,5,899.71
2026-01-19 06:00:00,B,6,5,0,699,10.0,735.52,6,611.21
2026-01-19 06:00:00,C,6,5,0,849,10.0,769.44,4,777.35
2026-01-19 06:00:00,D,6,5,0,778,10.0,697.34,4,827.13
2026-01-19 07:00:00,A,7,5,1,1263,10.0,1516.35,5,1352.38
2026-01-19 07:00:00,B,7,5,1,680,10.0,859.6,6,1004.51
2026-01-19 07:00:00,C,7,5,1,1025,10.0,1208.81,4,1245.25
2026-01-19 07:00:00,D,7,5,1,1014,10.0,1027.59,4,1222.5
2026-01-19 08:00:00,A,8,5,1,1302,13.56,1390.31,5,1310.69
2026-01-19 08:00:00,B,8,5,1,704,16.69,1086.5,6,905.17
2026-01-19 08:00:00,C,8,5,1,1088,22.98,1144.74,4,1176.34
2026-01-19 08:00:00,D,8,5,1,997,10.0,992.53,4,1125.83
2026-01-19 09:00:00,A,9,5,1,1053,10.0,1104.77,5,1167.92
2026-01-19 09:00:00,B,9,5,1,875,10.0,873.16,6,917.29
2026-01-19 09:00:00,C,9,5,1,945,20.2,979.96,4,1154.34
2026-01-19 09:00:00,D,9,5,1,1061,11.6,992.79,4,1096.35
2026-01-19 10:00:00,A,10,5,0,678,10.0,837.38,5,824.39
2026-01-19 10:00:00,B,10,5,0,503,10.0,515.81,6,436.67
2026-01-19 10:00:00,C,10,5,0,720,10.0,827.29,4,634.11
2026-01-19 10:00:00,D,10,5,0,719,10.0,600.58,4,666.44
2026-01-19 11:00:00,A,11,5,0,540,10.0,773.02,5,609.66
2026-01-19 11:00:00,B,11,5,0,493,10.0,467.07,6,570.86
2026-01-19 11:00:00,C,11,5,0,677,10.0,610.01,4,637.46
2026-01-19 11:00:00,D,11,5,0,633,10.0,554.84,4,632.44
2026-01-19 12:00:00,A,12,5,0,520,14.82,753.45,5,681.02
2026-01-19 12:00:00,B,12,5,0,435,23.07,543.61,6,474.1
2026-01-19 12:00:00,C,12,5,0,440,20.32,603.84,4,608.01
2026-01-19 12:00:00,D,12,5,0,514,11.13,550.87,4,552.62
2026-01-19 13:00:00,A,13,5,0,519,10.0,587.89,5,661.59
2026-01-19 13:00:00,B,13,5,0,396,10.0,368.0,6,390.32
2026-01-19 13:00:00,C,13,5,0,401,10.0,565.13,4,540.99
2026-01-19 13:00:00,D,13,5,0,508,10.0,582.0,4,562.35
2026-01-19 14:00:00,A,14,5,0,490,10.0,492.9,5,471.22
2026-01-19 14:00:00,B,14,5,0,283,10.63,392.57,6,404.48
2026-01-19 14:00:00,C,14,5,0,352,10.0,458.35,4,477.93
2026-01-19 14:00:00,D,14,5,0,483,10.0,548.66,4,506.61
2026-01-19 15:00:00,A,15,5,0,367,10.0,432.8,5,439.66
2026-01-19 15:00:00,B,15,5,0,287,10.0,317.78,6,379.78
2026-01-19 15:00:00,C,15,5,0,445,10.0,434.99,4,391.32
2026-01-19 15:00:00,D,15,5,0,435,19.27,400.99,4,308.16
2026-01-19 16:00:00,A,16,5,1,542,10.59,681.3,5,653.11
2026-01-19 16:00:00,B,16,5,1,372,10.0,471.45,6,555.51
2026-01-19 16:00:00,C,16,5,1,503,10.0,611.64,4,717.44
2026-01-19 16:00:00,D,16,5,1,388,10.0,469.33,4,623.29
2026-01-19 17:00:00,A,17,5,1,480,10.0,578.88,5,688.79
2026-01-19 17:00:00,B,17,5,1,348,10.0,383.33,6,549.16
2026-01-19 17:00:00,C,17,5,1,457,32.92,463.56,4,538.26
2026-01-19 17:00:00,D,17,5,1,429,10.0,499.95,4,521.87
2026-01-19 18:00:00,A,18,5,1,546,10.0,605.01,5,603.17
2026-01-19 18:00:00,B,18,5,1,364,10.0,451.46,6,537.56
2026-01-19 18:00:00,C,18,5,1,470,19.59,543.05,4,604.01
2026-01-19 18:00:00,D,18,5,1,382,17.73,554.83,4,614.7
2026-01-19 19:00:00,A,19,5,1,590,10.0,590.69,5,672.84
2026-01-19 19:00:00,B,19,5,1,344,10.0,432.73,6,508.58
2026-01-19 19:00:00,C,19,5,1,369,10.0,575.19,4,629.9
2026-01-19 19:00:00,D,19,5,1,363,25.02,579.91,4,535.03
2026-01-19 20:00:00,A,20,5,0,383,10.0,377.12,5,476.11
2026-01-19 20:00:00,B,20,5,0,310,10.0,349.79,6,257.26
2026-01-19 20:00:00,C,20,5,0,333,12.26,414.04,4,395.24
2026-01-19 20:00:00,D,20,5,0,299,10.0,327.04,4,338.21
2026-01-19 21:00:00,A,21,5,0,365,10.0,488.32,5,400.09
2026-01-19 21:00:00,B,21,5,0,267,10.0,387.04,6,349.96
2026-01-19 21:00:00,C,21,5,0,322,10.0,465.01,4,349.06
2026-01-19 21:00:00,D,21,5,0,323,10.0,415.07,4,414.76
2026-01-19 22:00:00,A,22,5,0,381,10.0,543.25,5,418.92
2026-01-19 22:00:00,B,22,5,0,368,10.0,373.24,6,366.22
2026-01-19 22:00:00,C,22,5,0,456,10.0,505.75,4,472.16
2026-01-19 22:00:00,D,22,5,0,416,10.0,453.21,4,391.64
2026-01-19 23:00:00,A,23,5,0,520,10.0,691.74,5,470.02
2026-01-19 23:00:00,B,23,5,0,445,10.0,409.69,6,394.94
2026-01-19 23:00:00,C,23,5,0,447,10.0,508.96,4,513.05
2026-01-19 23:00:00,D,23,5,0,536,13.96,505.92,4,494.17
2026-01-20 00:00:00,A,0,6,0,631,10.0,713.2,5,583.39
2026-01-20 00:00:00,B,0,6,0,349,37.15,538.12,6,381.07
2026-01-20 00:00:00,C,0,6,0,495,29.89,648.89,4,649.41
2026-01-20 00:00:00,D,0,6,0,488,10.0,670.52,4,597.75
2026-01-20 01:00:00,A,1,6,0,586,11.13,793.35,5,743.51
2026-01-20 01:00:00,B,1,6,0,477,10.0,599.95,6,523.65
2026-01-20 01:00:00,C,1,6,0,555,10.0,595.03,4,573.14
2026-01-20 01:00:00,D,1,6,0,525,10.0,710.27,4,644.3
2026-01-20 02:00:00,A,2,6,0,727,14.36,703.34,5,798.27
2026-01-20 02:00:00,B,2,6,0,538,10.0,632.34,6,632.19
2026-01-20 02:00:00,C,2,6,0,641,10.0,798.69,4,625.33
2026-01-20 02:00:00,D,2,6,0,697,17.65,781.43,4,659.65
2026-01-20 03:00:00,A,3,6,0,709,10.0,999.93,5,776.07
2026-01-20 03:00:00,B,3,6,0,565,10.0,598.02,6,503.38
2026-01-20 03:00:00,C,3,6,0,657,25.45,760.19,4,749.5
2026-01-20 03:00:00,D,3,6,0,757,10.0,697.05,4,694.98
2026-01-20 04:00:00,A,4,6,0,777,20.88,895.15,5,916.25
2026-01-20 04:00:00,B,4,6,0,629,10.0,754.66,6,617.67
2026-01-20 04:00:00,C,4,6,0,780,10.93,945.69,4,810.94
2026-01-20 04:00:00,D,4,6,0,809,15.03,826.64,4,763.59
2026-01-20 05:00:00,A,5,6,0,831,10.0,802.47,5,803.79
2026-01-20 05:00:00,B,5,6,0,692,10.0,684.02,6,620.99
2026-01-20 05:00:00,C,5,6,0,695,10.0,917.71,4,858.15
2026-01-20 05:00:00,D,5,6,0,640,10.0,761.06,4,797.04
2026-01-20 06:00:00,A,6,6,0,783,10.0,902.21,5,828.68
2026-01-20 06:00:00,B,6,6,0,618,14.76,638.26,6,718.47
2026-01-20 06:00:00,C,6,6,0,645,20.13,800.72,4,812.04
2026-01-20 06:00:00,D,6,6,0,634,10.0,853.85,4,785.77
2026-01-20 07:00:00,A,7,6,1,1248,19.22,1391.05,5,1321.03
2026-01-20 07:00:00,B,7,6,1,950,16.29,1102.72,6,998.42
2026-01-20 07:00:00,C,7,6,1,894,10.0,1311.36,4,1175.11
2026-01-20 07:00:00,D,7,6,1,1006,10.0,1302.94,4,1201.01
2026-01-20 08:00:00,A,8,6,1,1056,10.0,1414.76,5,1345.72
2026-01-20 08:00:00,B,8,6,1,879,11.48,829.33,6,907.58
2026-01-20 08:00:00,C,8,6,1,1181,17.96,1326.62,4,1172.98
2026-01-20 08:00:00,D,8,6,1,1039,10.0,1093.83,4,1196.18
2026-01-20 09:00:00,A,9,6,1,1062,20.38,1035.19,5,1253.47
2026-01-20 09:00:00,B,9,6,1,743,11.76,987.59,6,946.6
2026-01-20 09:00:00,C,9,6,1,1045,16.98,1011.24,4,1129.03
2026-01-20 09:00:00,D,9,6,1,852,10.0,1114.73,4,1071.25
2026-01-20 10:00:00,A,10,6,0,823,10.0,896.72,5,736.26
2026-01-20 10:00:00,B,10,6,0,422,10.0,661.39,6,617.7
2026-01-20 10:00:00,C,10,6,0,716,10.0,794.52,4,694.97
2026-01-20 10:00:00,D,10,6,0,577,10.0,816.12,4,670.36
2026-01-20 11:00:00,A,11,6,0,554,10.44,701.52,5,739.61
2026-01-20 11:00:00,B,11,6,0,538,17.47,521.51,6,440.18
2026-01-20 11:00:00,C,11,6,0,664,10.0,731.82,4,609.53
2026-01-20 11:00:00,D,11,6,0,477,17.25,641.68,4,622.32
2026-01-20 12:00:00,A,12,6,0,553,10.0,687.41,5,570.93
2026-01-20 12:00:00,B,12,6,0,362,13.35,553.19,6,509.36
2026-01-20 12:00:00,C,12,6,0,518,10.0,679.6,4,490.44
2026-01-20 12:00:00,D,12,6,0,551,10.0,522.81,4,551.64
2026-01-20 13:00:00,A,13,6,0,433,22.68,511.04,5,534.0
2026-01-20 13:00:00,B,13,6,0,418,10.0,496.88,6,374.26
2026-01-20 13:00:00,C,13,6,0,408,10.0,474.65,4,498.73
2026-01-20 13:00:00,D,13,6,0,532,14.47,566.82,4,535.8
2026-01-20 14:00:00,A,14,6,0,486,10.0,474.9,5,547.0
2026-01-20 14:00:00,B,14,6,0,387,10.0,397.55,6,280.66
2026-01-20 14:00:00,C,14,6,0,495,12.55,446.95,4,501.76
2026-01-20 14:00:00,D,14,6,0,384,10.0,424.25,4,443.52
2026-01-20 15:00:00,A,15,6,0,461,10.0,453.23,5,453.54
2026-01-20 15:00:00,B,15,6,0,300,10.0,387.92,6,337.55
2026-01-20 15:00:00,C,15,6,0,385,10.0,418.77,4,380.01
2026-01-20 15:00:00,D,15,6,0,421,10.0,394.64,4,422.95
2026-01-20 16:00:00,A,16,6,1,450,10.0,616.71,5,738.59
2026-01-20 16:00:00,B,16,6,1,348,10.0,465.71,6,578.71
2026-01-20 16:00:00,C,16,6,1,563,10.0,573.53,4,695.61
2026-01-20 16:00:00,D,16,6,1,499,10.0,566.64,4,550.01
2026-01-20 17:00:00,A,17,6,1,438,12.35,598.56,5,659.08
2026-01-20 17:00:00,B,17,6,1,379,10.0,480.35,6,515.04
2026-01-20 17:00:00,C,17,6,1,519,10.0,443.69,4,611.42
2026-01-20 17:00:00,D,17,6,1,389,10.0,550.97,4,658.42
2026-01-20 18:00:00,A,18,6,1,497,14.11,541.12,5,639.73
2026-01-20 18:00:00,B,18,6,1,404,10.0,371.5,6,562.58
2026-01-20 18:00:00,C,18,6,1,388,10.0,520.02,4,529.58
2026-01-20 18:00:00,D,18,6,1,374,21.3,475.76,4,559.38
2026-01-20 19:00:00,A,19,6,1,534,10.0,670.34,5,592.22
2026-01-20 19:00:00,B,19,6,1,426,10.0,473.13,6,476.54
2026-01-20 19:00:00,C,19,6,1,507,10.0,566.17,4,619.09
2026-01-20 19:00:00,D,19,6,1,425,10.0,462.1,4,595.58
2026-01-20 20:00:00,A,20,6,0,378,17.55,381.69,5,351.34
2026-01-20 20:00:00,B,20,6,0,228,10.0,337.7,6,336.11
2026-01-20 20:00:00,C,20,6,0,311,10.0,363.67,4,393.01
2026-01-20 20:00:00,D,20,6,0,361,10.0,344.01,4,371.07
2026-01-20 21:00:00,A,21,6,0,434,21.29,451.49,5,472.6
2026-01-20 21:00:00,B,21,6,0,357,10.0,379.38,6,375.69
2026-01-20 21:00:00,C,21,6,0,321,10.0,373.81,4,311.27
2026-01-20 21:00:00,D,21,6,0,348,10.0,458.59,4,348.91
2026-01-20 22:00:00,A,22,6,0,446,10.0,492.13,5,549.33
2026-01-20 22:00:00,B,22,6,0,386,12.57,453.4,6,336.53
2026-01-20 22:00:00,C,22,6,0,479,10.0,477.04,4,428.65
2026-01-20 22:00:00,D,22,6,0,448,10.0,472.74,4,455.7
2026-01-20 23:00:00,A,23,6,0,528,10.0,624.85,5,549.8
2026-01-20 23:00:00,B,23,6,0,342,10.0,458.79,6,375.3
2026-01-20 23:00:00,C,23,6,0,539,10.0,488.71,4,525.68
2026-01-20 23:00:00,D,23,6,0,396,10.0,518.23,4,436.76
2026-01-21 00:00:00,A,0,7,0,519,10.0,738.98,5,558.99
2026-01-21 00:00:00,B,0,7,0,344,10.0,437.87,6,311.1
2026-01-21 00:00:00,C,0,7,0,466,10.0,671.53,4,523.95
2026-01-21 00:00:00,D,0,7,0,450,10.0,590.72,4,561.87
2026-01-21 01:00:00,A,1,7,0,693,10.0,787.88,5,662.42
2026-01-21 01:00:00,B,1,7,0,454,12.09,516.66,6,504.88
2026-01-21 01:00:00,C,1,7,0,543,10.0,576.26,4,601.09
2026-01-21 01:00:00,D,1,7,0,630,10.0,587.12,4,629.73
2026-01-21 02:00:00,A,2,7,0,578,26.55,773.03,5,770.15
2026-01-21 02:00:00,B,2,7,0,513,12.86,591.86,6,519.38
2026-01-21 02:00:00,C,2,7,0,575,14.98,656.74,4,569.06
2026-01-21 02:00:00,D,2,7,0,586,10.0,579.25,4,655.39
2026-01-21 03:00:00,A,3,7,0,800,10.0,820.26,5,717.77
2026-01-21 03:00:00,B,3,7,0,480,10.0,607.16,6,622.84
2026-01-21 03:00:00,C,3,7,0,630,21.11,747.93,4,664.48
2026-01-21 03:00:00,D,3,7,0,681,24.68,752.29,4,657.11
2026-01-21 04:00:00,A,4,7,0,777,10.0,860.75,5,848.57
2026-01-21 04:00:00,B,4,7,0,538,10.0,688.53,6,591.39
2026-01-21 04:00:00,C,4,7,0,732,10.0,686.6,4,711.41
2026-01-21 04:00:00,D,4,7,0,595,17.51,875.2,4,690.45
2026-01-21 05:00:00,A,5,7,0,658,10.0,761.99,5,826.58
2026-01-21 05:00:00,B,5,7,0,499,12.78,653.85,6,646.07
2026-01-21 05:00:00,C,5,7,0,815,10.0,748.91,4,731.58
2026-01-21 05:00:00,D,5,7,0,594,10.0,688.5,4,713.74
2026-01-21 06:00:00,A,6,7,0,886,27.22,1028.77,5,832.47
2026-01-21 06:00:00,B,6,7,0,514,18.75,709.86,6,663.33
2026-01-21 06:00:00,C,6,7,0,580,10.0,901.93,4,774.27
2026-01-21 06:00:00,D,6,7,0,687,10.9,681.08,4,767.2
2026-01-21 07:00:00,A,7,7,1,1204,10.0,1342.52,5,1398.77
2026-01-21 07:00:00,B,7,7,1,746,10.0,917.24,6,1041.21
2026-01-21 07:00:00,C,7,7,1,995,11.19,1011.34,4,1196.14
2026-01-21 07:00:00,D,7,7,1,1066,10.0,1105.29,4,1141.37
2026-01-21 08:00:00,A,8,7,1,1100,10.0,1232.41,5,1352.83
2026-01-21 08:00:00,B,8,7,1,700,21.13,800.28,6,927.1
2026-01-21 08:00:00,C,8,7,1,991,10.0,1225.35,4,1181.42
2026-01-21 08:00:00,D,8,7,1,773,10.0,1054.58,4,1100.7
2026-01-21 09:00:00,A,9,7,1,1087,10.0,1319.94,5,1276.33
2026-01-21 09:00:00,B,9,7,1,752,10.0,725.03,6,942.95
2026-01-21 09:00:00,C,9,7,1,767,30.85,1035.35,4,1158.35
2026-01-21 09:00:00,D,9,7,1,806,10.0,1000.71,4,1064.24
2026-01-21 10:00:00,A,10,7,0,666,10.0,732.34,5,683.24
2026-01-21 10:00:00,B,10,7,0,477,10.0,643.11,6,569.27
2026-01-21 10:00:00,C,10,7,0,512,10.0,710.23,4,621.16
2026-01-21 10:00:00,D,10,7,0,545,10.0,785.78,4,636.08
2026-01-21 11:00:00,A,11,7,0,578,10.0,686.95,5,731.41
2026-01-21 11:00:00,B,11,7,0,490,10.0,569.55,6,519.66
2026-01-21 11:00:00,C,11,7,0,643,11.64,658.13,4,624.28
2026-01-21 11:00:00,D,11,7,0,620,10.0,535.59,4,582.14
2026-01-21 12:00:00,A,12,7,0,569,10.0,631.84,5,617.38
2026-01-21 12:00:00,B,12,7,0,329,10.0,446.65,6,465.9
2026-01-21 12:00:00,C,12,7,0,433,10.0,509.83,4,503.51
2026-01-21 12:00:00,D,12,7,0,410,10.0,509.55,4,550.61
2026-01-21 13:00:00,A,13,7,0,535,10.0,634.08,5,568.71
2026-01-21 13:00:00,B,13,7,0,335,10.0,384.7,6,341.49
2026-01-21 13:00:00,C,13,7,0,480,27.63,470.17,4,545.43
2026-01-21 13:00:00,D,13,7,0,446,10.0,592.46,4,453.2
2026-01-21 14:00:00,A,14,7,0,457,12.92,572.29,5,579.22
2026-01-21 14:00:00,B,14,7,0,326,10.0,318.34,6,435.63
2026-01-21 14:00:00,C,14,7,0,458,10.0,460.75,4,369.37
2026-01-21 14:00:00,D,14,7,0,430,10.0,487.92,4,352.75
2026-01-21 15:00:00,A,15,7,0,446,11.83,496.54,5,375.77
2026-01-21 15:00:00,B,15,7,0,264,10.0,285.69,6,354.84
2026-01-21 15:00:00,C,15,7,0,300,24.7,457.01,4,325.08
2026-01-21 15:00:00,D,15,7,0,396,10.0,381.2,4,365.72
2026-01-21 16:00:00,A,16,7,1,546,11.74,545.43,5,666.16
2026-01-21 16:00:00,B,16,7,1,420,10.0,479.67,6,498.13
2026-01-21 16:00:00,C,16,7,1,532,10.0,595.64,4,600.24
2026-01-21 16:00:00,D,16,7,1,506,23.4,593.88,4,625.06
2026-01-21 17:00:00,A,17,7,1,516,10.0,480.44,5,636.13
2026-01-21 17:00:00,B,17,7,1,422,11.04,360.12,6,509.5
2026-01-21 17:00:00,C,17,7,1,366,10.0,499.89,4,578.43
2026-01-21 17:00:00,D,17,7,1,372,10.0,430.58,4,622.77
2026-01-21 18:00:00,A,18,7,1,398,12.48,570.42,5,561.2
2026-01-21 18:00:00,B,18,7,1,296,21.67,392.06,6,571.88
2026-01-21 18:00:00,C,18,7,1,422,10.0,483.05,4,599.18
2026-01-21 18:00:00,D,18,7,1,380,36.33,426.34,4,567.49
2026-01-21 19:00:00,A,19,7,1,552,10.0,606.96,5,670.69
2026-01-21 19:00:00,B,19,7,1,339,19.81,452.06,6,418.62
2026-01-21 19:00:00,C,19,7,1,488,10.0,470.53,4,647.96
2026-01-21 19:00:00,D,19,7,1,361,13.43,564.46,4,594.96
2026-01-21 20:00:00,A,20,7,0,312,10.0,464.28,5,450.23
2026-01-21 20:00:00,B,20,7,0,288,10.33,336.16,6,366.9
2026-01-21 20:00:00,C,20,7,0,290,10.0,372.84,4,261.03
2026-01-21 20:00:00,D,20,7,0,375,16.95,387.3,4,335.86
2026-01-21 21:00:00,A,21,7,0,427,10.0,503.41,5,443.39
2026-01-21 21:00:00,B,21,7,0,265,10.0,290.86,6,258.85
2026-01-21 21:00:00,C,21,7,0,302,16.39,428.83,4,265.96
2026-01-21 21:00:00,D,21,7,0,413,30.62,354.52,4,385.75
2026-01-21 22:00:00,A,22,7,0,364,10.0,478.73,5,535.36
2026-01-21 22:00:00,B,22,7,0,284,10.0,346.92,6,327.69
2026-01-21 22:00:00,C,22,7,0,363,26.92,420.55,4,458.32
2026-01-21 22:00:00,D,22,7,0,338,10.0,514.98,4,448.17
2026-01-21 23:00:00,A,23,7,0,556,10.0,593.06,5,435.67
2026-01-21 23:00:00,B,23,7,0,408,10.62,366.56,6,412.99
2026-01-21 23:00:00,C,23,7,0,469,10.0,494.95,4,554.77
2026-01-21 23:00:00,D,23,7,0,451,15.09,429.01,4,426.04
2026-01-22 00:00:00,A,0,1,0,509,10.0,727.89,5,575.42
2026-01-22 00:00:00,B,0,1,0,435,10.0,497.76,6,500.36
2026-01-22 00:00:00,C,0,1,0,483,10.0,521.06,4,583.2
2026-01-22 00:00:00,D,0,1,0,490,12.08,501.52,4,479.74
2026-01-22 01:00:00,A,1,1,0,605,22.39,758.67,5,662.04
2026-01-22 01:00:00,B,1,1,0,514,10.0,520.3,6,421.47
2026-01-22 01:00:00,C,1,1,0,530,10.0,714.24,4,553.55
2026-01-22 01:00:00,D,1,1,0,618,10.0,562.81,4,608.93
2026-01-22 02:00:00,A,2,1,0,653,10.0,770.07,5,726.71
2026-01-22 02:00:00,B,2,1,0,521,19.75,497.28,6,561.13
2026-01-22 02:00:00,C,2,1,0,640,10.0,602.16,4,560.71
2026-01-22 02:00:00,D,2,1,0,649,10.0,769.54,4,610.05
2026-01-22 03:00:00,A,3,1,0,654,11.68,823.04,5,725.26
2026-01-22 03:00:00,B,3,1,0,606,10.0,697.93,6,615.62
2026-01-22 03:00:00,C,3,1,0,600,10.0,640.78,4,624.38
2026-01-22 03:00:00,D,3,1,0,509,11.26,627.66,4,623.21
2026-01-22 04:00:00,A,4,1,0,837,11.98,771.24,5,789.88
2026-01-22 04:00:00,B,4,1,0,494,10.0,582.27,6,544.18
2026-01-22 04:00:00,C,4,1,0,579,10.0,666.56,4,703.37
2026-01-22 04:00:00,D,4,1,0,667,10.0,828.25,4,695.82
2026-01-22 05:00:00,A,5,1,0,811,10.0,939.53,5,862.63
2026-01-22 05:00:00,B,5,1,0,654,13.23,645.14,6,592.02
2026-01-22 05:00:00,C,5,1,0,569,10.0,836.33,4,731.25
2026-01-22 05:00:00,D,5,1,0,715,15.03,727.96,4,706.76
2026-01-22 06:00:00,A,6,1,0,794,18.89,896.65,5,777.59
2026-01-22 06:00:00,B,6,1,0,550,17.09,742.52,6,512.8
2026-01-22 06:00:00,C,6,1,0,596,10.0,887.79,4,791.12
2026-01-22 06:00:00,D,6,1,0,725,17.4,751.27,4,682.71
2026-01-22 07:00:00,A,7,1,1,1127,15.85,1072.38,5,1316.56
2026-01-22 07:00:00,B,7,1,1,875,13.9,991.09,6,1093.83
2026-01-22 07:00:00,C,7,1,1,883,41.33,1183.9,4,1242.34
2026-01-22 07:00:00,D,7,1,1,888,10.0,1237.81,4,1139.94
2026-01-22 08:00:00,A,8,1,1,1084,11.4,1051.1,5,1245.76
2026-01-22 08:00:00,B,8,1,1,756,10.0,969.05,6,997.17
2026-01-22 08:00:00,C,8,1,1,985,10.0,1098.98,4,1058.0
2026-01-22 08:00:00,D,8,1,1,980,16.78,1052.12,4,1161.16
2026-01-22 09:00:00,A,9,1,1,915,10.0,1020.38,5,1140.43
2026-01-22 09:00:00,B,9,1,1,738,10.0,947.58,6,924.58
2026-01-22 09:00:00,C,9,1,1,1031,10.0,1088.38,4,1077.39
2026-01-22 09:00:00,D,9,1,1,737,10.0,963.93,4,1110.75
2026-01-22 10:00:00,A,10,1,0,578,10.0,763.97,5,720.26
2026-01-22 10:00:00,B,10,1,0,479,10.0,604.71,6,630.59
2026-01-22 10:00:00,C,10,1,0,492,10.0,708.43,4,715.7
2026-01-22 10:00:00,D,10,1,0,643,11.79,752.38,4,721.14
2026-01-22 11:00:00,A,11,1,0,594,10.0,675.51,5,659.74
2026-01-22 11:00:00,B,11,1,0,523,10.0,457.44,6,446.91
2026-01-22 11:00:00,C,11,1,0,646,10.0,585.02,4,607.01
2026-01-22 11:00:00,D,11,1,0,639,15.83,715.68,4,514.95
2026-01-22 12:00:00,A,12,1,0,616,10.0,685.64,5,572.94
2026-01-22 12:00:00,B,12,1,0,372,21.02,518.82,6,386.25
2026-01-22 12:00:00,C,12,1,0,476,10.0,580.61,4,572.04
2026-01-22 12:00:00,D,12,1,0,530,10.0,647.16,4,527.37
2026-01-22 13:00:00,A,13,1,0,514,15.93,520.11,5,493.84
2026-01-22 13:00:00,B,13,1,0,393,10.1,354.68,6,314.89
2026-01-22 13:00:00,C,13,1,0,466,10.0,524.07,4,535.91
2026-01-22 13:00:00,D,13,1,0,486,11.33,555.02,4,528.88
2026-01-22 14:00:00,A,14,1,0,469,10.0,574.04,5,371.66
2026-01-22 14:00:00,B,14,1,0,366,10.0,435.95,6,311.16
2026-01-22 14:00:00,C,14,1,0,401,10.0,514.19,4,477.85
2026-01-22 14:00:00,D,14,1,0,391,22.78,441.65,4,519.7
2026-01-22 15:00:00,A,15,1,0,383,10.0,478.33,5,346.58
2026-01-22 15:00:00,B,15,1,0,282,10.0,390.71,6,220.38
2026-01-22 15:00:00,C,15,1,0,365,10.0,474.41,4,427.76
2026-01-22 15:00:00,D,15,1,0,415,10.0,424.27,4,451.8
2026-01-22 16:00:00,A,16,1,1,590,10.47,558.49,5,664.18
2026-01-22 16:00:00,B,16,1,1,375,10.0,383.7,6,584.16
2026-01-22 16:00:00,C,16,1,1,475,10.0,500.64,4,560.3
2026-01-22 16:00:00,D,16,1,1,443,12.06,534.9,4,586.67
2026-01-22 17:00:00,A,17,1,1,522,14.56,610.02,5,669.28
2026-01-22 17:00:00,B,17,1,1,414,10.43,410.12,6,519.16
2026-01-22 17:00:00,C,17,1,1,417,15.46,575.01,4,629.02
2026-01-22 17:00:00,D,17,1,1,478,10.0,485.4,4,562.29
2026-01-22 18:00:00,A,18,1,1,428,10.0,476.34,5,681.53
2026-01-22 18:00:00,B,18,1,1,339,10.0,380.06,6,476.32
2026-01-22 18:00:00,C,18,1,1,448,10.0,575.56,4,549.31
2026-01-22 18:00:00,D,18,1,1,430,10.0,430.73,4,543.4
2026-01-22 19:00:00,A,19,1,1,462,10.0,522.44,5,568.81
2026-01-22 19:00:00,B,19,1,1,329,24.13,350.99,6,444.24
2026-01-22 19:00:00,C,19,1,1,417,11.07,567.62,4,682.22
2026-01-22 19:00:00,D,19,1,1,458,17.79,486.66,4,600.45
2026-01-22 20:00:00,A,20,1,0,408,12.09,363.21,5,365.63
2026-01-22 20:00:00,B,20,1,0,234,16.62,305.58,6,369.38
2026-01-22 20:00:00,C,20,1,0,325,10.0,397.23,4,283.92
2026-01-22 20:00:00,D,20,1,0,335,13.83,336.58,4,459.13
2026-01-22 21:00:00,A,21,1,0,404,10.0,457.74,5,318.07
2026-01-22 21:00:00,B,21,1,0,258,10.0,359.5,6,284.97
2026-01-22 21:00:00,C,21,1,0,307,10.0,394.37,4,352.22
2026-01-22 21:00:00,D,21,1,0,359,10.0,424.19,4,330.02
2026-01-22 22:00:00,A,22,1,0,368,10.0,523.75,5,472.53
2026-01-22 22:00:00,B,22,1,0,276,10.97,387.78,6,289.14
2026-01-22 22:00:00,C,22,1,0,407,30.98,398.27,4,453.62
2026-01-22 22:00:00,D,22,1,0,416,10.0,457.54,4,484.98
2026-01-22 23:00:00,A,23,1,0,425,15.96,541.33,5,563.85
2026-01-22 23:00:00,B,23,1,0,420,10.0,394.05,6,367.85
2026-01-22 23:00:00,C,23,1,0,466,10.0,481.48,4,490.67
2026-01-22 23:00:00,D,23,1,0,508,19.64,558.56,4,498.17
2026-01-23 00:00:00,A,0,2,0,536,10.0,621.9,5,607.65
2026-01-23 00:00:00,B,0,2,0,344,10.0,448.91,6,464.72
2026-01-23 00:00:00,C,0,2,0,578,10.0,652.65,4,507.6
2026-01-23 00:00:00,D,0,2,0,497,14.84,508.67,4,526.05
2026-01-23 01:00:00,A,1,2,0,592,10.0,833.41,5,758.51
2026-01-23 01:00:00,B,1,2,0,546,16.47,544.41,6,526.42
2026-01-23 01:00:00,C,1,2,0,651,10.0,753.46,4,704.35
2026-01-23 01:00:00,D,1,2,0,575,10.0,695.67,4,573.61
2026-01-23 02:00:00,A,2,2,0,723,21.86,916.9,5,772.11
2026-01-23 02:00:00,B,2,2,0,566,10.0,573.18,6,570.61
2026-01-23 02:00:00,C,2,2,0,578,10.0,635.9,4,724.25
2026-01-23 02:00:00,D,2,2,0,545,10.0,705.09,4,679.47
2026-01-23 03:00:00,A,3,2,0,768,12.03,872.95,5,823.19
2026-01-23 03:00:00,B,3,2,0,507,10.0,557.23,6,586.16
2026-01-23 03:00:00,C,3,2,0,680,10.0,684.86,4,731.92
2026-01-23 03:00:00,D,3,2,0,676,10.0,879.42,4,712.02
2026-01-23 04:00:00,A,4,2,0,634,10.0,781.01,5,810.36
2026-01-23 04:00:00,B,4,2,0,588,10.0,723.31,6,605.75
2026-01-23 04:00:00,C,4,2,0,617,10.0,698.24,4,679.61
2026-01-23 04:00:00,D,4,2,0,608,10.0,750.13,4,696.91
2026-01-23 05:00:00,A,5,2,0,879,10.0,947.81,5,880.97
2026-01-23 05:00:00,B,5,2,0,500,14.97,768.66,6,611.34
2026-01-23 05:00:00,C,5,2,0,829,19.16,813.69,4,842.04
2026-01-23 05:00:00,D,5,2,0,817,10.0,923.37,4,759.44
2026-01-23 06:00:00,A,6,2,0,793,10.0,922.47,5,878.58
2026-01-23 06:00:00,B,6,2,0,620,15.09,655.19,6,694.61
2026-01-23 06:00:00,C,6,2,0,738,10.0,858.9,4,786.87
2026-01-23 06:00:00,D,6,2,0,787,13.76,881.93,4,694.85
2026-01-23 07:00:00,A,7,2,1,1182,10.0,1108.39,5,1330.93
2026-01-23 07:00:00,B,7,2,1,977,25.18,1118.97,6,962.41
2026-01-23 07:00:00,C,7,2,1,907,10.0,1135.69,4,1176.74
2026-01-23 07:00:00,D,7,2,1,1062,10.0,1143.09,4,1209.11
2026-01-23 08:00:00,A,8,2,1,1260,10.0,1108.24,5,1311.71
2026-01-23 08:00:00,B,8,2,1,930,10.0,946.34,6,914.84
2026-01-23 08:00:00,C,8,2,1,985,15.18,1314.94,4,1199.85
2026-01-23 08:00:00,D,8,2,1,1129,10.0,991.88,4,1070.32
2026-01-23 09:00:00,A,9,2,1,884,14.85,1172.6,5,1296.25
2026-01-23 09:00:00,B,9,2,1,696,10.0,793.98,6,890.18
2026-01-23 09:00:00,C,9,2,1,974,10.0,1197.61,4,1166.61
2026-01-23 09:00:00,D,9,2,1,1070,10.0,949.16,4,1090.81
2026-01-23 10:00:00,A,10,2,0,779,13.76,690.89,5,719.46
2026-01-23 10:00:00,B,10,2,0,421,12.32,648.53,6,490.37
2026-01-23 10:00:00,C,10,2,0,669,10.0,838.52,4,714.52
2026-01-23 10:00:00,D,10,2,0,581,10.0,645.29,4,622.15
2026-01-23 11:00:00,A,11,2,0,579,10.0,678.5,5,765.1
2026-01-23 11:00:00,B,11,2,0,442,10.0,504.28,6,439.53
2026-01-23 11:00:00,C,11,2,0,531,27.98,690.81,4,693.65
2026-01-23 11:00:00,D,11,2,0,499,10.0,690.55,4,710.6
2026-01-23 12:00:00,A,12,2,0,573,10.0,697.53,5,607.3
2026-01-23 12:00:00,B,12,2,0,493,10.0,471.41,6,484.55
2026-01-23 12:00:00,C,12,2,0,493,29.07,602.94,4,608.54
2026-01-23 12:00:00,D,12,2,0,428,10.0,626.31,4,522.49
2026-01-23 13:00:00,A,13,2,0,445,10.0,690.77,5,597.51
2026-01-23 13:00:00,B,13,2,0,315,10.0,502.27,6,403.63
2026-01-23 13:00:00,C,13,2,0,452,10.0,603.44,4,488.27
2026-01-23 13:00:00,D,13,2,0,507,10.0,569.36,4,502.35
2026-01-23 14:00:00,A,14,2,0,434,10.21,481.36,5,566.52
2026-01-23 14:00:00,B,14,2,0,376,15.78,434.64,6,408.19
2026-01-23 14:00:00,C,14,2,0,339,13.26,501.35,4,459.27
2026-01-23 14:00:00,D,14,2,0,352,10.0,478.63,4,492.2
2026-01-23 15:00:00,A,15,2,0,414,10.0,553.05,5,484.93
2026-01-23 15:00:00,B,15,2,0,315,10.0,380.15,6,353.69
2026-01-23 15:00:00,C,15,2,0,341,10.0,376.09,4,423.58
2026-01-23 15:00:00,D,15,2,0,416,18.75,446.4,4,363.33
2026-01-23 16:00:00,A,16,2,1,473,10.0,663.38,5,701.02
2026-01-23 16:00:00,B,16,2,1,363,10.0,515.75,6,463.81
2026-01-23 16:00:00,C,16,2,1,393,10.0,511.55,4,734.02
2026-01-23 16:00:00,D,16,2,1,538,10.0,481.59,4,649.12
2026-01-23 17:00:00,A,17,2,1,462,10.0,508.61,5,705.12
2026-01-23 17:00:00,B,17,2,1,403,10.0,439.14,6,582.32
2026-01-23 17:00:00,C,17,2,1,424,10.0,609.96,4,571.6
2026-01-23 17:00:00,D,17,2,1,418,21.98,586.24,4,614.68
2026-01-23 18:00:00,A,18,2,1,531,10.0,583.14,5,576.51
2026-01-23 18:00:00,B,18,2,1,295,10.0,446.43,6,507.08
2026-01-23 18:00:00,C,18,2,1,436,10.0,597.8,4,554.86
2026-01-23 18:00:00,D,18,2,1,477,10.0,513.67,4,525.97
2026-01-23 19:00:00,A,19,2,1,480,10.0,537.68,5,685.54
2026-01-23 19:00:00,B,19,2,1,298,26.83,441.61,6,496.12
2026-01-23 19:00:00,C,19,2,1,378,10.0,576.27,4,544.76
2026-01-23 19:00:00,D,19,2,1,491,10.0,541.11,4,639.36
2026-01-23 20:00:00,A,20,2,0,371,10.0,420.34,5,433.16
2026-01-23 20:00:00,B,20,2,0,225,10.0,342.51,6,349.12
2026-01-23 20:00:00,C,20,2,0,368,10.0,340.74,4,302.35
2026-01-23 20:00:00,D,20,2,0,353,19.69,382.05,4,338.16
2026-01-23 21:00:00,A,21,2,0,429,19.3,497.44,5,493.72
2026-01-23 21:00:00,B,21,2,0,327,10.0,305.14,6,373.76
2026-01-23 21:00:00,C,21,2,0,381,21.99,434.49,4,429.6
2026-01-23 21:00:00,D,21,2,0,432,14.13,386.79,4,355.9
2026-01-23 22:00:00,A,22,2,0,512,13.94,475.75,5,458.3
2026-01-23 22:00:00,B,22,2,0,375,10.0,429.3,6,336.59
2026-01-23 22:00:00,C,22,2,0,486,10.0,476.72,4,528.16
2026-01-23 22:00:00,D,22,2,0,462,10.0,484.63,4,454.01
2026-01-23 23:00:00,A,23,2,0,580,15.04,638.21,5,568.42
2026-01-23 23:00:00,B,23,2,0,416,12.94,461.97,6,449.31
2026-01-23 23:00:00,C,23,2,0,527,10.0,485.98,4,457.26
2026-01-23 23:00:00,D,23,2,0,393,10.0,519.84,4,476.88
2026-01-24 00:00:00,A,0,3,0,469,17.15,625.63,5,607.4
2026-01-24 00:00:00,B,0,3,0,482,22.31,507.79,6,527.56
2026-01-24 00:00:00,C,0,3,0,544,21.89,630.73,4,595.35
2026-01-24 00:00:00,D,0,3,0,521,10.0,544.97,4,540.97
2026-01-24 01:00:00,A,1,3,0,612,13.86,649.09,5,686.3
2026-01-24 01:00:00,B,1,3,0,392,10.0,475.51,6,570.38
2026-01-24 01:00:00,C,1,3,0,670,10.0,567.37,4,655.88
2026-01-24 01:00:00,D,1,3,0,631,12.35,588.05,4,620.67
2026-01-24 02:00:00,A,2,3,0,642,10.0,736.47,5,738.58
2026-01-24 02:00:00,B,2,3,0,434,10.0,493.06,6,499.71
2026-01-24 02:00:00,C,2,3,0,551,20.59,779.47,4,682.23
2026-01-24 02:00:00,D,2,3,0,525,10.0,665.13,4,698.79
2026-01-24 03:00:00,A,3,3,0,839,27.58,731.31,5,789.09
2026-01-24 03:00:00,B,3,3,0,519,10.0,578.77,6,670.15
2026-01-24 03:00:00,C,3,3,0,677,10.19,662.03,4,829.91
2026-01-24 03:00:00,D,3,3,0,563,24.69,713.12,4,676.47
2026-01-24 04:00:00,A,4,3,0,670,10.0,916.63,5,735.58
2026-01-24 04:00:00,B,4,3,0,660,10.0,674.3,6,555.65
2026-01-24 04:00:00,C,4,3,0,605,10.0,731.27,4,685.64
2026-01-24 04:00:00,D,4,3,0,734,10.0,822.23,4,718.55
2026-01-24 05:00:00,A,5,3,0,754,10.0,865.74,5,799.87
2026-01-24 05:00:00,B,5,3,0,664,10.0,783.15,6,690.59
2026-01-24 05:00:00,C,5,3,0,772,10.0,934.92,4,800.23
2026-01-24 05:00:00,D,5,3,0,815,10.0,829.66,4,769.89
2026-01-24 06:00:00,A,6,3,0,925,10.0,803.26,5,934.44
2026-01-24 06:00:00,B,6,3,0,583,10.0,749.02,6,633.31
2026-01-24 06:00:00,C,6,3,0,599,10.0,843.47,4,715.33
2026-01-24 06:00:00,D,6,3,0,741,10.55,889.13,4,789.31
2026-01-24 07:00:00,A,7,3,1,1175,13.09,1353.8,5,1382.35
2026-01-24 07:00:00,B,7,3,1,796,10.0,1061.05,6,988.98
2026-01-24 07:00:00,C,7,3,1,847,11.81,1375.97,4,1211.27
2026-01-24 07:00:00,D,7,3,1,1128,10.0,1339.04,4,1246.15
2026-01-24 08:00:00,A,8,3,1,968,10.0,1076.62,5,1296.71
2026-01-24 08:00:00,B,8,3,1,901,10.0,789.18,6,1040.12
2026-01-24 08:00:00,C,8,3,1,837,10.0,1253.26,4,1254.35
2026-01-24 08:00:00,D,8,3,1,1118,10.0,1287.75,4,1196.51
2026-01-24 09:00:00,A,9,3,1,1205,10.0,1223.72,5,1176.21
2026-01-24 09:00:00,B,9,3,1,639,24.69,840.0,6,903.43
2026-01-24 09:00:00,C,9,3,1,838,10.0,1012.06,4,1149.33
2026-01-24 09:00:00,D,9,3,1,1086,10.0,1238.69,4,1084.07
2026-01-24 10:00:00,A,10,3,0,572,10.0,748.98,5,678.25
2026-01-24 10:00:00,B,10,3,0,581,10.0,624.72,6,491.73
2026-01-24 10:00:00,C,10,3,0,575,14.33,667.37,4,729.67
2026-01-24 10:00:00,D,10,3,0,531,15.05,621.64,4,704.68
2026-01-24 11:00:00,A,11,3,0,639,10.0,770.78,5,628.95
2026-01-24 11:00:00,B,11,3,0,543,17.63,498.51,6,475.06
2026-01-24 11:00:00,C,11,3,0,655,10.0,690.03,4,581.5
2026-01-24 11:00:00,D,11,3,0,601,10.0,561.16,4,622.26
2026-01-24 12:00:00,A,12,3,0,669,10.0,738.77,5,554.38
2026-01-24 12:00:00,B,12,3,0,438,10.0,532.3,6,542.49
2026-01-24 12:00:00,C,12,3,0,535,11.79,542.75,4,533.24
2026-01-24 12:00:00,D,12,3,0,480,10.0,592.2,4,554.99
2026-01-24 13:00:00,A,13,3,0,459,10.0,574.88,5,622.44
2026-01-24 13:00:00,B,13,3,0,437,10.0,486.56,6,290.76
2026-01-24 13:00:00,C,13,3,0,397,13.77,612.89,4,546.55
2026-01-24 13:00:00,D,13,3,0,433,10.35,456.38,4,524.81
2026-01-24 14:00:00,A,14,3,0,516,20.35,491.42,5,531.56
2026-01-24 14:00:00,B,14,3,0,289,10.0,428.52,6,443.74
2026-01-24 14:00:00,C,14,3,0,409,10.0,460.22,4,472.73
2026-01-24 14:00:00,D,14,3,0,472,10.0,549.83,4,449.11
2026-01-24 15:00:00,A,15,3,0,486,10.0,506.92,5,488.68
2026-01-24 15:00:00,B,15,3,0,279,10.0,301.67,6,351.27
2026-01-24 15:00:00,C,15,3,0,343,10.0,365.94,4,454.44
2026-01-24 15:00:00,D,15,3,0,305,15.38,466.84,4,397.77
2026-01-24 16:00:00,A,16,3,1,518,10.0,619.89,5,741.3
2026-01-24 16:00:00,B,16,3,1,348,10.0,461.87,6,536.46
2026-01-24 16:00:00,C,16,3,1,539,10.0,621.31,4,652.28
2026-01-24 16:00:00,D,16,3,1,458,10.0,630.49,4,663.65
2026-01-24 17:00:00,A,17,3,1,568,10.0,653.19,5,706.4
2026-01-24 17:00:00,B,17,3,1,367,10.0,410.6,6,484.37
2026-01-24 17:00:00,C,17,3,1,517,10.0,580.67,4,639.95
2026-01-24 17:00:00,D,17,3,1,484,10.0,568.56,4,585.78
2026-01-24 18:00:00,A,18,3,1,508,10.0,588.85,5,561.42
2026-01-24 18:00:00,B,18,3,1,357,10.0,398.3,6,500.09
2026-01-24 18:00:00,C,18,3,1,439,10.0,537.25,4,574.61
2026-01-24 18:00:00,D,18,3,1,426,10.0,552.27,4,535.19
2026-01-24 19:00:00,A,19,3,1,565,10.0,669.27,5,656.08
2026-01-24 19:00:00,B,19,3,1,402,10.0,391.69,6,511.88
2026-01-24 19:00:00,C,19,3,1,450,10.32,579.52,4,555.65
2026-01-24 19:00:00,D,19,3,1,438,10.0,556.18,4,568.47
2026-01-24 20:00:00,A,20,3,0,338,10.0,374.88,5,340.57
2026-01-24 20:00:00,B,20,3,0,252,10.0,273.11,6,300.26
2026-01-24 20:00:00,C,20,3,0,302,10.0,425.11,4,336.89
2026-01-24 20:00:00,D,20,3,0,365,10.0,435.79,4,382.47
2026-01-24 21:00:00,A,21,3,0,456,14.0,414.92,5,371.33
2026-01-24 21:00:00,B,21,3,0,329,10.0,322.56,6,334.93
2026-01-24 21:00:00,C,21,3,0,436,10.0,458.81,4,438.58
2026-01-24 21:00:00,D,21,3,0,318,10.0,427.86,4,365.66
2026-01-24 22:00:00,A,22,3,0,468,10.0,458.14,5,500.41
2026-01-24 22:00:00,B,22,3,0,358,10.0,430.17,6,329.83
2026-01-24 22:00:00,C,22,3,0,354,10.0,467.33,4,485.42
2026-01-24 22:00:00,D,22,3,0,351,10.0,547.66,4,528.09
2026-01-24 23:00:00,A,23,3,0,506,10.0,512.35,5,556.69
2026-01-24 23:00:00,B,23,3,0,403,10.0,419.82,6,452.15
2026-01-24 23:00:00,C,23,3,0,383,10.0,575.67,4,481.01
2026-01-24 23:00:00,D,23,3,0,540,10.0,535.79,4,535.66
2026-01-25 00:00:00,A,0,4,0,660,18.45,727.78,5,606.45
2026-01-25 00:00:00,B,0,4,0,439,10.0,565.6,6,416.36
2026-01-25 00:00:00,C,0,4,0,592,10.0,555.01,4,619.07
2026-01-25 00:00:00,D,0,4,0,591,10.0,678.55,4,590.25
2026-01-25 01:00:00,A,1,4,0,709,10.0,624.2,5,783.65
2026-01-25 01:00:00,B,1,4,0,433,12.21,492.14,6,515.71
2026-01-25 01:00:00,C,1,4,0,479,10.92,763.75,4,579.04
2026-01-25 01:00:00,D,1,4,0,557,10.0,703.53,4,646.7
2026-01-25 02:00:00,A,2,4,0,633,10.0,887.76,5,773.19
2026-01-25 02:00:00,B,2,4,0,436,10.0,554.72,6,540.34
2026-01-25 02:00:00,C,2,4,0,709,19.25,806.13,4,683.36
2026-01-25 02:00:00,D,2,4,0,568,10.0,761.27,4,657.9
2026-01-25 03:00:00,A,3,4,0,684,10.0,806.89,5,788.6
2026-01-25 03:00:00,B,3,4,0,511,10.0,565.59,6,638.7
2026-01-25 03:00:00,C,3,4,0,545,10.0,723.75,4,767.26
2026-01-25 03:00:00,D,3,4,0,631,10.0,704.77,4,726.67
2026-01-25 04:00:00,A,4,4,0,868,10.0,916.74,5,806.99
2026-01-25 04:00:00,B,4,4,0,474,10.0,732.48,6,591.64
2026-01-25 04:00:00,C,4,4,0,681,17.95,815.11,4,682.23
2026-01-25 04:00:00,D,4,4,0,764,19.47,763.16,4,661.75
2026-01-25 05:00:00,A,5,4,0,817,10.0,926.91,5,850.71
2026-01-25 05:00:00,B,5,4,0,638,22.73,646.13,6,660.01
2026-01-25 05:00:00,C,5,4,0,682,28.48,770.26,4,872.74
2026-01-25 05:00:00,D,5,4,0,739,17.91,786.91,4,730.82
2026-01-25 06:00:00,A,6,4,0,921,11.6,799.4,5,876.59
2026-01-25 06:00:00,B,6,4,0,556,10.0,578.58,6,678.76
2026-01-25 06:00:00,C,6,4,0,709,10.0,935.02,4,749.6
2026-01-25 06:00:00,D,6,4,0,770,10.0,892.41,4,727.84
2026-01-25 07:00:00,A,7,4,1,1273,10.0,1170.0,5,1327.12
2026-01-25 07:00:00,B,7,4,1,701,19.27,833.09,6,981.93
2026-01-25 07:00:00,C,7,4,1,1000,21.32,1099.88,4,1307.4
2026-01-25 07:00:00,D,7,4,1,960,22.94,1325.55,4,1151.72
2026-01-25 08:00:00,A,8,4,1,1052,10.0,1263.85,5,1345.83
2026-01-25 08:00:00,B,8,4,1,728,10.0,1018.98,6,981.89
2026-01-25 08:00:00,C,8,4,1,810,14.16,1160.88,4,1216.99
2026-01-25 08:00:00,D,8,4,1,832,10.98,1292.38,4,1110.31
2026-01-25 09:00:00,A,9,4,1,944,10.0,1026.59,5,1296.08
2026-01-25 09:00:00,B,9,4,1,837,10.0,757.88,6,1015.24
2026-01-25 09:00:00,C,9,4,1,1125,11.41,1133.02,4,1075.62
2026-01-25 09:00:00,D,9,4,1,983,10.0,1235.03,4,1138.01
2026-01-25 10:00:00,A,10,4,0,636,20.82,898.76,5,753.63
2026-01-25 10:00:00,B,10,4,0,596,10.0,592.88,6,563.13
2026-01-25 10:00:00,C,10,4,0,638,11.26,645.45,4,647.37
2026-01-25 10:00:00,D,10,4,0,711,10.0,732.1,4,689.68
2026-01-25 11:00:00,A,11,4,0,622,10.0,653.68,5,705.26
2026-01-25 11:00:00,B,11,4,0,530,10.0,558.82,6,520.63
2026-01-25 11:00:00,C,11,4,0,600,10.0,616.66,4,605.01
2026-01-25 11:00:00,D,11,4,0,664,10.0,635.72,4,592.74
2026-01-25 12:00:00,A,12,4,0,541,10.0,706.08,5,655.89
2026-01-25 12:00:00,B,12,4,0,473,20.71,564.31,6,399.37
2026-01-25 12:00:00,C,12,4,0,580,10.0,620.52,4,554.95
2026-01-25 12:00:00,D,12,4,0,465,22.08,633.64,4,554.53
2026-01-25 13:00:00,A,13,4,0,430,17.88,694.26,5,588.12
2026-01-25 13:00:00,B,13,4,0,442,10.0,466.56,6,383.81
2026-01-25 13:00:00,C,13,4,0,465,10.0,564.33,4,461.66
2026-01-25 13:00:00,D,13,4,0,413,10.0,488.98,4,413.81
2026-01-25 14:00:00,A,14,4,0,382,19.56,519.69,5,505.42
2026-01-25 14:00:00,B,14,4,0,281,18.04,379.34,6,369.07
2026-01-25 14:00:00,C,14,4,0,461,10.0,541.6,4,477.08
2026-01-25 14:00:00,D,14,4,0,393,10.0,499.75,4,432.15
2026-01-25 15:00:00,A,15,4,0,476,10.0,433.3,5,406.28
2026-01-25 15:00:00,B,15,4,0,275,10.0,389.54,6,371.67
2026-01-25 15:00:00,C,15,4,0,386,10.0,481.32,4,491.88
2026-01-25 15:00:00,D,15,4,0,382,10.0,440.11,4,442.69
2026-01-25 16:00:00,A,16,4,1,447,10.0,579.89,5,708.03
2026-01-25 16:00:00,B,16,4,1,384,10.0,386.59,6,462.78
2026-01-25 16:00:00,C,16,4,1,470,14.14,498.3,4,688.46
2026-01-25 16:00:00,D,16,4,1,455,10.0,477.59,4,602.08
2026-01-25 17:00:00,A,17,4,1,468,10.0,522.42,5,649.45
2026-01-25 17:00:00,B,17,4,1,346,10.0,461.22,6,511.57
2026-01-25 17:00:00,C,17,4,1,468,10.15,505.33,4,619.0
2026-01-25 17:00:00,D,17,4,1,363,10.0,538.1,4,578.74
2026-01-25 18:00:00,A,18,4,1,520,10.0,498.69,5,657.76
2026-01-25 18:00:00,B,18,4,1,389,10.0,349.41,6,400.05
2026-01-25 18:00:00,C,18,4,1,518,10.0,462.32,4,609.0
2026-01-25 18:00:00,D,18,4,1,378,10.0,496.99,4,625.06
2026-01-25 19:00:00,A,19,4,1,513,30.34,612.42,5,651.19
2026-01-25 19:00:00,B,19,4,1,346,10.0,402.23,6,510.69
2026-01-25 19:00:00,C,19,4,1,408,10.0,561.05,4,549.64
2026-01-25 19:00:00,D,19,4,1,484,10.0,531.45,4,583.75
2026-01-25 20:00:00,A,20,4,0,335,19.62,440.0,5,387.44
2026-01-25 20:00:00,B,20,4,0,252,10.46,351.99,6,349.11
2026-01-25 20:00:00,C,20,4,0,377,10.87,383.49,4,403.08
2026-01-25 20:00:00,D,20,4,0,310,10.0,360.38,4,348.37
2026-01-25 21:00:00,A,21,4,0,490,10.0,418.64,5,419.47
2026-01-25 21:00:00,B,21,4,0,276,10.0,341.78,6,347.01
2026-01-25 21:00:00,C,21,4,0,306,10.0,415.93,4,350.8
2026-01-25 21:00:00,D,21,4,0,357,10.0,397.3,4,316.21
2026-01-25 22:00:00,A,22,4,0,385,28.51,481.61,5,485.88
2026-01-25 22:00:00,B,22,4,0,397,16.33,453.18,6,313.11
2026-01-25 22:00:00,C,22,4,0,489,10.0,500.12,4,472.93
2026-01-25 22:00:00,D,22,4,0,387,10.0,417.8,4,474.05
2026-01-25 23:00:00,A,23,4,0,588,10.0,569.27,5,538.73
2026-01-25 23:00:00,B,23,4,0,441,10.0,407.38,6,443.69
2026-01-25 23:00:00,C,23,4,0,468,10.0,608.61,4,514.28
2026-01-25 23:00:00,D,23,4,0,505,10.0,587.15,4,505.1
2026-01-26 00:00:00,A,0,5,0,655,10.0,615.35,5,652.7
2026-01-26 00:00:00,B,0,5,0,390,10.0,438.76,6,464.12
2026-01-26 00:00:00,C,0,5,0,619,10.0,624.08,4,540.92
2026-01-26 00:00:00,D,0,5,0,579,10.0,685.29,4,560.61
2026-01-26 01:00:00,A,1,5,0,542,13.34,625.28,5,689.67
2026-01-26 01:00:00,B,1,5,0,537,14.95,463.39,6,474.39
2026-01-26 01:00:00,C,1,5,0,647,10.0,696.03,4,643.42
2026-01-26 01:00:00,D,1,5,0,650,10.0,559.81,4,714.36
2026-01-26 02:00:00,A,2,5,0,698,15.34,861.09,5,700.06
2026-01-26 02:00:00,B,2,5,0,588,24.97,632.04,6,518.86
2026-01-26 02:00:00,C,2,5,0,556,24.75,825.25,4,707.21
2026-01-26 02:00:00,D,2,5,0,530,10.0,619.2,4,623.1
2026-01-26 03:00:00,A,3,5,0,642,10.0,939.05,5,786.31
2026-01-26 03:00:00,B,3,5,0,558,15.5,591.42,6,649.58
2026-01-26 03:00:00,C,3,5,0,723,10.0,726.82,4,673.65
2026-01-26 03:00:00,D,3,5,0,538,10.0,791.88,4,649.84
2026-01-26 04:00:00,A,4,5,0,821,17.41,969.08,5,866.29
2026-01-26 04:00:00,B,4,5,0,611,10.0,682.09,6,651.05
2026-01-26 04:00:00,C,4,5,0,631,15.8,724.45,4,719.55
2026-01-26 04:00:00,D,4,5,0,806,10.0,854.87,4,739.67
2026-01-26 05:00:00,A,5,5,0,712,17.4,818.53,5,823.17
2026-01-26 05:00:00,B,5,5,0,691,10.0,694.21,6,585.53
2026-01-26 05:00:00,C,5,5,0,649,10.0,942.03,4,672.38
2026-01-26 05:00:00,D,5,5,0,692,10.0,924.85,4,783.88
2026-01-26 06:00:00,A,6,5,0,677,17.4,840.5,5,965.26
2026-01-26 06:00:00,B,6,5,0,488,10.0,645.82,6,612.35
2026-01-26 06:00:00,C,6,5,0,725,27.64,912.0,4,647.2
2026-01-26 06:00:00,D,6,5,0,597,10.0,941.11,4,773.7
2026-01-26 07:00:00,A,7,5,1,1130,24.64,1335.88,5,1266.98
2026-01-26 07:00:00,B,7,5,1,727,10.0,1048.36,6,950.82
2026-01-26 07:00:00,C,7,5,1,1197,10.0,1190.02,4,1178.33
2026-01-26 07:00:00,D,7,5,1,1040,27.3,1336.72,4,1125.81
2026-01-26 08:00:00,A,8,5,1,977,10.0,1465.78,5,1333.74
2026-01-26 08:00:00,B,8,5,1,886,10.0,1037.24,6,1070.52
2026-01-26 08:00:00,C,8,5,1,1125,10.0,1074.96,4,1113.69
2026-01-26 08:00:00,D,8,5,1,876,10.0,992.47,4,1093.44
2026-01-26 09:00:00,A,9,5,1,1037,10.0,1392.42,5,1229.79
2026-01-26 09:00:00,B,9,5,1,697,16.11,846.76,6,1041.02
2026-01-26 09:00:00,C,9,5,1,1091,10.0,1213.75,4,1161.6
2026-01-26 09:00:00,D,9,5,1,970,10.0,1080.74,4,1070.79
2026-01-26 10:00:00,A,10,5,0,587,10.0,830.05,5,812.27
2026-01-26 10:00:00,B,10,5,0,420,10.0,560.76,6,620.31
2026-01-26 10:00:00,C,10,5,0,601,10.0,842.45,4,682.38
2026-01-26 10:00:00,D,10,5,0,669,19.44,771.26,4,671.23
2026-01-26 11:00:00,A,11,5,0,734,10.0,747.93,5,654.12
2026-01-26 11:00:00,B,11,5,0,382,10.0,594.13,6,513.49
2026-01-26 11:00:00,C,11,5,0,632,10.0,698.11,4,617.1
2026-01-26 11:00:00,D,11,5,0,458,10.0,705.93,4,666.3
2026-01-26 12:00:00,A,12,5,0,679,10.0,650.63,5,618.84
2026-01-26 12:00:00,B,12,5,0,424,14.54,471.47,6,498.25
2026-01-26 12:00:00,C,12,5,0,445,10.0,570.7,4,478.48
2026-01-26 12:00:00,D,12,5,0,527,12.98,670.82,4,568.95
2026-01-26 13:00:00,A,13,5,0,581,10.0,533.96,5,595.25
2026-01-26 13:00:00,B,13,5,0,309,10.0,441.66,6,423.76
2026-01-26 13:00:00,C,13,5,0,418,10.0,624.14,4,470.19
2026-01-26 13:00:00,D,13,5,0,475,10.0,577.43,4,427.75
2026-01-26 14:00:00,A,14,5,0,447,10.0,595.92,5,496.45
2026-01-26 14:00:00,B,14,5,0,397,10.0,339.57,6,415.97
2026-01-26 14:00:00,C,14,5,0,359,10.0,419.0,4,414.65
2026-01-26 14:00:00,D,14,5,0,372,10.0,425.52,4,488.82
2026-01-26 15:00:00,A,15,5,0,459,10.0,467.53,5,440.13
2026-01-26 15:00:00,B,15,5,0,350,10.0,357.95,6,363.43
2026-01-26 15:00:00,C,15,5,0,439,20.9,417.45,4,343.85
2026-01-26 15:00:00,D,15,5,0,323,10.0,382.97,4,427.93
2026-01-26 16:00:00,A,16,5,1,592,10.0,582.26,5,772.12
2026-01-26 16:00:00,B,16,5,1,449,10.0,396.7,6,624.52
2026-01-26 16:00:00,C,16,5,1,408,10.0,608.88,4,677.59
2026-01-26 16:00:00,D,16,5,1,531,10.0,463.33,4,621.13
2026-01-26 17:00:00,A,17,5,1,565,11.63,576.52,5,693.62
2026-01-26 17:00:00,B,17,5,1,426,10.0,463.04,6,504.15
2026-01-26 17:00:00,C,17,5,1,426,10.0,552.94,4,723.02
2026-01-26 17:00:00,D,17,5,1,408,17.11,589.49,4,546.78
2026-01-26 18:00:00,A,18,5,1,577,10.0,659.87,5,662.0
2026-01-26 18:00:00,B,18,5,1,312,10.0,388.65,6,552.85
2026-01-26 18:00:00,C,18,5,1,425,10.0,505.77,4,562.66
2026-01-26 18:00:00,D,18,5,1,503,10.0,566.16,4,625.02
2026-01-26 19:00:00,A,19,5,1,434,12.27,607.6,5,701.0
2026-01-26 19:00:00,B,19,5,1,321,21.96,481.72,6,517.39
2026-01-26 19:00:00,C,19,5,1,399,10.0,598.71,4,612.09
2026-01-26 19:00:00,D,19,5,1,389,10.0,589.72,4,615.59
2026-01-26 20:00:00,A,20,5,0,394,18.61,444.58,5,371.49
2026-01-26 20:00:00,B,20,5,0,315,10.0,357.44,6,294.68
2026-01-26 20:00:00,C,20,5,0,402,10.0,366.23,4,413.49
2026-01-26 20:00:00,D,20,5,0,366,10.0,348.02,4,350.01
2026-01-26 21:00:00,A,21,5,0,461,10.0,518.2,5,453.24
2026-01-26 21:00:00,B,21,5,0,310,10.0,298.06,6,332.69
2026-01-26 21:00:00,C,21,5,0,326,13.01,367.49,4,352.5
2026-01-26 21:00:00,D,21,5,0,309,10.0,382.5,4,423.93
2026-01-26 22:00:00,A,22,5,0,535,27.86,561.76,5,496.75
2026-01-26 22:00:00,B,22,5,0,375,10.0,424.15,6,409.26
2026-01-26 22:00:00,C,22,5,0,363,10.0,471.3,4,368.29
2026-01-26 22:00:00,D,22,5,0,428,10.0,478.71,4,435.13
2026-01-26 23:00:00,A,23,5,0,548,10.0,677.22,5,575.74
2026-01-26 23:00:00,B,23,5,0,409,34.79,505.67,6,353.77
2026-01-26 23:00:00,C,23,5,0,530,12.11,540.73,4,451.17
2026-01-26 23:00:00,D,23,5,0,441,10.0,486.64,4,452.38
2026-01-27 00:00:00,A,0,6,0,485,10.0,743.23,5,651.11
2026-01-27 00:00:00,B,0,6,0,487,15.73,468.29,6,422.93
2026-01-27 00:00:00,C,0,6,0,537,10.0,564.01,4,573.34
2026-01-27 00:00:00,D,0,6,0,435,10.0,543.85,4,495.33
2026-01-27 01:00:00,A,1,6,0,663,13.9,793.37,5,769.25
2026-01-27 01:00:00,B,1,6,0,396,10.0,456.58,6,421.1
2026-01-27 01:00:00,C,1,6,0,640,10.0,611.56,4,627.73
2026-01-27 01:00:00,D,1,6,0,487,10.0,592.21,4,534.38
2026-01-27 02:00:00,A,2,6,0,601,10.0,852.17,5,778.1
2026-01-27 02:00:00,B,2,6,0,435,11.29,496.14,6,579.46
2026-01-27 02:00:00,C,2,6,0,524,10.0,739.56,4,657.75
2026-01-27 02:00:00,D,2,6,0,567,18.34,791.75,4,649.03
2026-01-27 03:00:00,A,3,6,0,741,10.0,799.22,5,766.66
2026-01-27 03:00:00,B,3,6,0,600,13.69,691.26,6,603.86
2026-01-27 03:00:00,C,3,6,0,723,10.0,857.74,4,653.93
2026-01-27 03:00:00,D,3,6,0,545,10.84,790.63,4,692.57
2026-01-27 04:00:00,A,4,6,0,770,10.0,771.22,5,872.03
2026-01-27 04:00:00,B,4,6,0,560,10.0,562.87,6,617.1
2026-01-27 04:00:00,C,4,6,0,687,21.16,812.71,4,773.5
2026-01-27 04:00:00,D,4,6,0,797,13.73,674.41,4,743.34
2026-01-27 05:00:00,A,5,6,0,872,17.23,890.17,5,815.48
2026-01-27 05:00:00,B,5,6,0,552,10.0,643.8,6,578.2
2026-01-27 05:00:00,C,5,6,0,848,10.0,934.47,4,810.1
2026-01-27 05:00:00,D,5,6,0,812,10.0,921.64,4,792.04
2026-01-27 06:00:00,A,6,6,0,887,10.0,908.3,5,963.74
2026-01-27 06:00:00,B,6,6,0,655,10.0,793.22,6,609.76
2026-01-27 06:00:00,C,6,6,0,705,12.42,907.31,4,791.77
2026-01-27 06:00:00,D,6,6,0,616,10.0,894.4,4,765.0
2026-01-27 07:00:00,A,7,6,1,936,10.0,1243.37,5,1329.35
2026-01-27 07:00:00,B,7,6,1,836,10.0,1086.7,6,1087.06
2026-01-27 07:00:00,C,7,6,1,1166,10.0,1167.24,4,1274.28
2026-01-27 07:00:00,D,7,6,1,1082,10.0,1147.21,4,1153.96
2026-01-27 08:00:00,A,8,6,1,998,29.19,1470.25,5,1186.82
2026-01-27 08:00:00,B,8,6,1,857,10.0,798.54,6,969.06
2026-01-27 08:00:00,C,8,6,1,840,10.0,1114.43,4,1180.1
2026-01-27 08:00:00,D,8,6,1,997,15.31,1151.93,4,1106.02
2026-01-27 09:00:00,A,9,6,1,873,11.89,1021.97,5,1273.03
2026-01-27 09:00:00,B,9,6,1,779,10.0,1028.95,6,944.16
2026-01-27 09:00:00,C,9,6,1,777,10.0,984.44,4,1089.92
2026-01-27 09:00:00,D,9,6,1,1014,10.0,1064.79,4,1072.21
2026-01-27 10:00:00,A,10,6,0,818,10.0,716.78,5,726.79
2026-01-27 10:00:00,B,10,6,0,470,20.15,632.84,6,559.56
2026-01-27 10:00:00,C,10,6,0,709,10.0,780.64,4,679.95
2026-01-27 10:00:00,D,10,6,0,660,10.0,733.49,4,679.18
2026-01-27 11:00:00,A,11,6,0,658,10.0,702.41,5,681.39
2026-01-27 11:00:00,B,11,6,0,419,10.0,466.87,6,543.58
2026-01-27 11:00:00,C,11,6,0,582,10.0,608.21,4,639.76
2026-01-27 11:00:00,D,11,6,0,622,11.85,636.76,4,618.78
2026-01-27 12:00:00,A,12,6,0,592,10.0,678.81,5,621.84
2026-01-27 12:00:00,B,12,6,0,375,11.17,505.98,6,419.27
2026-01-27 12:00:00,C,12,6,0,425,10.0,536.96,4,486.94
2026-01-27 12:00:00,D,12,6,0,581,10.0,584.07,4,528.75
2026-01-27 13:00:00,A,13,6,0,587,10.0,683.16,5,564.29
2026-01-27 13:00:00,B,13,6,0,436,10.0,453.69,6,458.73
2026-01-27 13:00:00,C,13,6,0,427,10.0,486.37,4,529.88
2026-01-27 13:00:00,D,13,6,0,440,15.17,462.18,4,513.31
2026-01-27 14:00:00,A,14,6,0,441,10.0,592.55,5,496.83
2026-01-27 14:00:00,B,14,6,0,393,10.0,359.52,6,389.83
2026-01-27 14:00:00,C,14,6,0,438,28.41,552.96,4,488.57
2026-01-27 14:00:00,D,14,6,0,460,10.0,511.39,4,424.69
2026-01-27 15:00:00,A,15,6,0,475,14.24,443.24,5,355.24
2026-01-27 15:00:00,B,15,6,0,321,10.0,330.16,6,294.89
2026-01-27 15:00:00,C,15,6,0,380,10.0,447.23,4,324.99
2026-01-27 15:00:00,D,15,6,0,392,10.0,426.13,4,375.71
2026-01-27 16:00:00,A,16,6,1,580,10.0,656.67,5,690.64
2026-01-27 16:00:00,B,16,6,1,375,10.0,459.53,6,525.78
2026-01-27 16:00:00,C,16,6,1,429,10.0,598.27,4,647.52
2026-01-27 16:00:00,D,16,6,1,525,16.46,636.57,4,645.9
2026-01-27 17:00:00,A,17,6,1,424,10.0,530.27,5,672.11
2026-01-27 17:00:00,B,17,6,1,306,10.0,412.29,6,506.97
2026-01-27 17:00:00,C,17,6,1,436,10.0,445.28,4,482.65
2026-01-27 17:00:00,D,17,6,1,383,10.0,551.21,4,578.66
2026-01-27 18:00:00,A,18,6,1,455,10.0,645.06,5,635.25
2026-01-27 18:00:00,B,18,6,1,422,10.0,396.8,6,400.84
2026-01-27 18:00:00,C,18,6,1,503,10.0,463.56,4,571.3
2026-01-27 18:00:00,D,18,6,1,369,10.0,459.73,4,586.39
2026-01-27 19:00:00,A,19,6,1,528,12.61,667.98,5,585.64
2026-01-27 19:00:00,B,19,6,1,305,10.75,424.72,6,519.24
2026-01-27 19:00:00,C,19,6,1,405,10.59,535.73,4,647.19
2026-01-27 19:00:00,D,19,6,1,388,10.0,588.33,4,629.19
2026-01-27 20:00:00,A,20,6,0,324,16.12,477.54,5,345.49
2026-01-27 20:00:00,B,20,6,0,282,10.0,277.19,6,298.41
2026-01-27 20:00:00,C,20,6,0,293,16.61,425.85,4,476.13
2026-01-27 20:00:00,D,20,6,0,396,10.0,442.26,4,445.57
2026-01-27 21:00:00,A,21,6,0,346,25.8,500.09,5,412.19
2026-01-27 21:00:00,B,21,6,0,325,10.0,400.12,6,320.91
2026-01-27 21:00:00,C,21,6,0,366,10.0,481.24,4,430.18
2026-01-27 21:00:00,D,21,6,0,383,12.22,490.54,4,378.47
2026-01-27 22:00:00,A,22,6,0,393,10.0,606.6,5,528.82
2026-01-27 22:00:00,B,22,6,0,314,10.0,415.82,6,333.38
2026-01-27 22:00:00,C,22,6,0,370,10.0,510.18,4,494.01
2026-01-27 22:00:00,D,22,6,0,485,10.0,415.47,4,437.2
2026-01-27 23:00:00,A,23,6,0,551,10.0,587.44,5,606.49
2026-01-27 23:00:00,B,23,6,0,332,32.9,462.07,6,468.63
2026-01-27 23:00:00,C,23,6,0,515,10.0,508.95,4,480.36
2026-01-27 23:00:00,D,23,6,0,493,15.96,521.14,4,533.03
2026-01-28 00:00:00,A,0,7,0,561,22.91,742.83,5,595.79
2026-01-28 00:00:00,B,0,7,0,390,10.0,507.57,6,435.81
2026-01-28 00:00:00,C,0,7,0,557,10.0,568.88,4,637.7
2026-01-28 00:00:00,D,0,7,0,435,11.44,486.07,4,453.0
2026-01-28 01:00:00,A,1,7,0,640,13.01,655.59,5,707.49
2026-01-28 01:00:00,B,1,7,0,427,14.6,516.31,6,519.03
2026-01-28 01:00:00,C,1,7,0,530,10.0,706.68,4,586.61
2026-01-28 01:00:00,D,1,7,0,451,10.0,633.75,4,654.56
2026-01-28 02:00:00,A,2,7,0,543,11.86,785.93,5,693.48
2026-01-28 02:00:00,B,2,7,0,452,10.0,640.87,6,473.51
2026-01-28 02:00:00,C,2,7,0,618,10.0,790.81,4,703.26
2026-01-28 02:00:00,D,2,7,0,665,12.86,658.71,4,680.65
2026-01-28 03:00:00,A,3,7,0,681,17.62,887.99,5,785.24
2026-01-28 03:00:00,B,3,7,0,480,10.0,568.78,6,544.01
2026-01-28 03:00:00,C,3,7,0,706,23.63,798.97,4,717.08
2026-01-28 03:00:00,D,3,7,0,720,11.04,841.87,4,702.05
2026-01-28 04:00:00,A,4,7,0,870,10.0,761.88,5,822.54
2026-01-28 04:00:00,B,4,7,0,457,10.0,608.43,6,568.05
2026-01-28 04:00:00,C,4,7,0,771,14.15,679.86,4,749.78
2026-01-28 04:00:00,D,4,7,0,620,10.0,762.63,4,744.08
2026-01-28 05:00:00,A,5,7,0,859,17.17,914.39,5,817.1
2026-01-28 05:00:00,B,5,7,0,608,10.0,598.72,6,634.06
2026-01-28 05:00:00,C,5,7,0,669,10.0,698.43,4,636.01
2026-01-28 05:00:00,D,5,7,0,557,10.0,783.12,4,711.43
2026-01-28 06:00:00,A,6,7,0,880,10.0,897.5,5,852.79
2026-01-28 06:00:00,B,6,7,0,547,18.0,756.88,6,603.0
2026-01-28 06:00:00,C,6,7,0,738,10.0,923.09,4,705.58
2026-01-28 06:00:00,D,6,7,0,705,10.0,691.12,4,710.1
2026-01-28 07:00:00,A,7,7,1,943,11.57,1169.87,5,1269.19
2026-01-28 07:00:00,B,7,7,1,808,10.0,804.01,6,961.47
2026-01-28 07:00:00,C,7,7,1,993,10.0,1229.97,4,1210.85
2026-01-28 07:00:00,D,7,7,1,1005,13.38,1227.27,4,1124.31
2026-01-28 08:00:00,A,8,7,1,1058,10.0,1212.35,5,1299.5
2026-01-28 08:00:00,B,8,7,1,841,19.11,992.17,6,897.67
2026-01-28 08:00:00,C,8,7,1,1009,10.0,1106.51,4,1222.78
2026-01-28 08:00:00,D,8,7,1,897,10.0,923.68,4,1098.36
2026-01-28 09:00:00,A,9,7,1,1108,10.0,1239.53,5,1175.56
2026-01-28 09:00:00,B,9,7,1,670,10.0,739.87,6,881.72
2026-01-28 09:00:00,C,9,7,1,793,10.0,909.31,4,1035.46
2026-01-28 09:00:00,D,9,7,1,1004,17.26,1172.63,4,974.76
2026-01-28 10:00:00,A,10,7,0,735,10.0,690.0,5,780.08
2026-01-28 10:00:00,B,10,7,0,575,10.0,619.48,6,597.57
2026-01-28 10:00:00,C,10,7,0,613,10.0,595.3,4,571.15
2026-01-28 10:00:00,D,10,7,0,599,10.0,660.94,4,631.26
2026-01-28 11:00:00,A,11,7,0,569,10.0,654.55,5,625.63
2026-01-28 11:00:00,B,11,7,0,519,10.21,475.92,6,487.19
2026-01-28 11:00:00,C,11,7,0,535,10.0,714.0,4,596.92
2026-01-28 11:00:00,D,11,7,0,474,11.35,565.96,4,561.28
2026-01-28 12:00:00,A,12,7,0,470,13.77,666.01,5,594.39
2026-01-28 12:00:00,B,12,7,0,481,15.17,411.88,6,437.06
2026-01-28 12:00:00,C,12,7,0,583,10.0,576.08,4,505.28
2026-01-28 12:00:00,D,12,7,0,535,10.0,625.7,4,636.63
2026-01-28 13:00:00,A,13,7,0,435,10.0,524.68,5,628.46
2026-01-28 13:00:00,B,13,7,0,368,13.3,406.72,6,431.6
2026-01-28 13:00:00,C,13,7,0,448,10.58,465.76,4,571.73
2026-01-28 13:00:00,D,13,7,0,404,10.0,527.94,4,510.25
2026-01-28 14:00:00,A,14,7,0,489,10.0,505.98,5,446.97
2026-01-28 14:00:00,B,14,7,0,312,10.38,332.01,6,390.54
2026-01-28 14:00:00,C,14,7,0,326,10.0,433.72,4,348.33
2026-01-28 14:00:00,D,14,7,0,333,10.0,467.25,4,361.81
2026-01-28 15:00:00,A,15,7,0,403,10.0,487.21,5,366.76
2026-01-28 15:00:00,B,15,7,0,247,10.0,292.82,6,282.38
2026-01-28 15:00:00,C,15,7,0,405,17.24,382.45,4,360.9
2026-01-28 15:00:00,D,15,7,0,410,27.31,371.18,4,358.43
2026-01-28 16:00:00,A,16,7,1,566,10.33,554.46,5,679.0
2026-01-28 16:00:00,B,16,7,1,422,10.0,376.09,6,556.48
2026-01-28 16:00:00,C,16,7,1,385,10.0,559.59,4,586.92
2026-01-28 16:00:00,D,16,7,1,488,11.73,499.11,4,559.46
2026-01-28 17:00:00,A,17,7,1,475,10.0,574.95,5,673.05
2026-01-28 17:00:00,B,17,7,1,350,10.0,436.19,6,511.82
2026-01-28 17:00:00,C,17,7,1,478,10.0,457.88,4,558.57
2026-01-28 17:00:00,D,17,7,1,433,10.0,577.88,4,527.23
2026-01-28 18:00:00,A,18,7,1,392,16.16,596.14,5,607.19
2026-01-28 18:00:00,B,18,7,1,328,16.0,465.67,6,474.6
2026-01-28 18:00:00,C,18,7,1,416,10.0,427.75,4,527.36
2026-01-28 18:00:00,D,18,7,1,462,14.6,457.91,4,448.15
2026-01-28 19:00:00,A,19,7,1,409,10.0,565.26,5,612.27
2026-01-28 19:00:00,B,19,7,1,316,10.0,461.21,6,614.76
2026-01-28 19:00:00,C,19,7,1,369,10.0,554.31,4,674.73
2026-01-28 19:00:00,D,19,7,1,357,22.51,507.93,4,513.19
2026-01-28 20:00:00,A,20,7,0,422,10.0,369.04,5,381.22
2026-01-28 20:00:00,B,20,7,0,284,10.0,356.95,6,281.37
2026-01-28 20:00:00,C,20,7,0,295,10.0,427.52,4,402.38
2026-01-28 20:00:00,D,20,7,0,271,10.0,402.35,4,336.51
2026-01-28 21:00:00,A,21,7,0,431,10.0,512.05,5,400.39
2026-01-28 21:00:00,B,21,7,0,250,10.0,318.11,6,299.69
2026-01-28 21:00:00,C,21,7,0,331,10.0,447.03,4,397.57
2026-01-28 21:00:00,D,21,7,0,390,10.0,409.88,4,422.76
2026-01-28 22:00:00,A,22,7,0,416,10.0,521.71,5,461.07
2026-01-28 22:00:00,B,22,7,0,348,10.0,423.02,6,360.93
2026-01-28 22:00:00,C,22,7,0,349,10.0,439.48,4,429.94
2026-01-28 22:00:00,D,22,7,0,385,10.0,516.25,4,447.58
2026-01-28 23:00:00,A,23,7,0,467,10.0,613.05,5,601.87
2026-01-28 23:00:00,B,23,7,0,303,10.0,477.43,6,400.39
2026-01-28 23:00:00,C,23,7,0,529,10.0,568.38,4,440.89
2026-01-28 23:00:00,D,23,7,0,442,10.0,566.93,4,364.95
2026-01-01 00:00:00,A,0,1,0,537,10.74,561.7,5,593.26
2026-01-01 00:00:00,B,0,1,0,338,10.45,426.11,6,499.08
2026-01-01 00:00:00,C,0,1,0,442,10.0,556.82,4,478.96
2026-01-01 00:00:00,D,0,1,0,493,14.79,486.05,4,516.0
2026-01-01 01:00:00,A,1,1,0,497,10.0,651.09,5,626.34
2026-01-01 01:00:00,B,1,1,0,459,10.0,564.45,6,502.57
2026-01-01 01:00:00,C,1,1,0,598,18.42,542.4,4,545.28
2026-01-01 01:00:00,D,1,1,0,509,10.0,574.71,4,588.24
2026-01-01 02:00:00,A,2,1,0,716,10.0,835.45,5,760.89
2026-01-01 02:00:00,B,2,1,0,460,16.87,505.05,6,527.05
2026-01-01 02:00:00,C,2,1,0,587,18.79,783.7,4,642.14
2026-01-01 02:00:00,D,2,1,0,673,10.0,684.92,4,620.42
2026-01-01 03:00:00,A,3,1,0,786,10.0,706.74,5,695.26
2026-01-01 03:00:00,B,3,1,0,581,10.0,606.17,6,600.48
2026-01-01 03:00:00,C,3,1,0,712,10.0,641.8,4,739.41
2026-01-01 03:00:00,D,3,1,0,590,21.61,726.06,4,659.53
2026-01-01 04:00:00,A,4,1,0,671,10.0,753.63,5,790.53
2026-01-01 04:00:00,B,4,1,0,530,10.0,635.88,6,628.59
2026-01-01 04:00:00,C,4,1,0,671,10.0,714.19,4,646.46
2026-01-01 04:00:00,D,4,1,0,544,10.5,658.87,4,755.76
2026-01-01 05:00:00,A,5,1,0,768,10.0,770.84,5,805.52
2026-01-01 05:00:00,B,5,1,0,464,10.0,586.56,6,677.08
2026-01-01 05:00:00,C,5,1,0,729,19.98,779.67,4,690.5
2026-01-01 05:00:00,D,5,1,0,740,10.0,865.57,4,686.56
2026-01-01 06:00:00,A,6,1,0,761,10.0,846.4,5,892.57
2026-01-01 06:00:00,B,6,1,0,596,10.0,639.15,6,568.47
2026-01-01 06:00:00,C,6,1,0,586,10.0,914.54,4,786.53
2026-01-01 06:00:00,D,6,1,0,795,10.0,852.17,4,748.03
2026-01-01 07:00:00,A,7,1,1,1114,10.0,1157.23,5,1279.93
2026-01-01 07:00:00,B,7,1,1,926,37.4,1067.52,6,1039.77
2026-01-01 07:00:00,C,7,1,1,1025,10.0,1216.21,4,1206.61
2026-01-01 07:00:00,D,7,1,1,1126,10.0,1256.01,4,1096.19
2026-01-01 08:00:00,A,8,1,1,978,10.0,1216.56,5,1325.46
2026-01-01 08:00:00,B,8,1,1,710,21.57,804.61,6,955.37
2026-01-01 08:00:00,C,8,1,1,931,10.0,1283.73,4,1080.16
2026-01-01 08:00:00,D,8,1,1,1103,34.19,1051.14,4,1078.98
2026-01-01 09:00:00,A,9,1,1,950,10.0,1192.95,5,1183.15
2026-01-01 09:00:00,B,9,1,1,642,10.0,782.15,6,911.66
2026-01-01 09:00:00,C,9,1,1,873,32.06,895.79,4,1095.41
2026-01-01 09:00:00,D,9,1,1,956,10.99,1163.85,4,1108.5
2026-01-01 10:00:00,A,10,1,0,651,15.55,847.66,5,718.81
2026-01-01 10:00:00,B,10,1,0,533,10.0,515.65,6,549.79
2026-01-01 10:00:00,C,10,1,0,702,24.35,592.59,4,573.26
2026-01-01 10:00:00,D,10,1,0,503,10.0,729.99,4,648.1
2026-01-01 11:00:00,A,11,1,0,706,12.76,655.17,5,639.23
2026-01-01 11:00:00,B,11,1,0,414,13.49,485.68,6,532.34
2026-01-01 11:00:00,C,11,1,0,632,10.0,705.68,4,630.11
2026-01-01 11:00:00,D,11,1,0,576,10.0,659.86,4,528.76
2026-01-01 12:00:00,A,12,1,0,472,10.0,606.61,5,679.17
2026-01-01 12:00:00,B,12,1,0,377,17.15,506.26,6,391.0
2026-01-01 12:00:00,C,12,1,0,412,10.0,645.38,4,566.98
2026-01-01 12:00:00,D,12,1,0,475,36.9,476.6,4,531.69
2026-01-01 13:00:00,A,13,1,0,434,10.0,608.35,5,574.42
2026-01-01 13:00:00,B,13,1,0,338,18.75,376.15,6,418.29
2026-01-01 13:00:00,C,13,1,0,521,10.0,580.22,4,437.8
2026-01-01 13:00:00,D,13,1,0,369,14.43,505.22,4,501.64
2026-01-01 14:00:00,A,14,1,0,417,10.0,441.9,5,419.28
2026-01-01 14:00:00,B,14,1,0,372,10.0,406.68,6,348.89
2026-01-01 14:00:00,C,14,1,0,475,11.75,435.13,4,489.31
2026-01-01 14:00:00,D,14,1,0,406,13.93,518.13,4,417.96
2026-01-01 15:00:00,A,15,1,0,434,10.0,442.22,5,476.33
2026-01-01 15:00:00,B,15,1,0,344,10.0,368.93,6,261.16
2026-01-01 15:00:00,C,15,1,0,305,10.0,477.94,4,414.44
2026-01-01 15:00:00,D,15,1,0,309,10.0,415.88,4,425.83
2026-01-01 16:00:00,A,16,1,1,457,15.74,700.69,5,643.51
2026-01-01 16:00:00,B,16,1,1,365,27.09,399.22,6,468.44
2026-01-01 16:00:00,C,16,1,1,415,10.0,598.35,4,562.11
2026-01-01 16:00:00,D,16,1,1,442,10.39,539.62,4,658.78
2026-01-01 17:00:00,A,17,1,1,457,11.61,481.44,5,618.33
2026-01-01 17:00:00,B,17,1,1,377,10.0,357.44,6,476.12
2026-01-01 17:00:00,C,17,1,1,507,11.54,462.36,4,542.85
2026-01-01 17:00:00,D,17,1,1,507,10.0,439.52,4,483.43
2026-01-01 18:00:00,A,18,1,1,457,10.0,484.82,5,571.28
2026-01-01 18:00:00,B,18,1,1,338,10.0,412.13,6,481.08
2026-01-01 18:00:00,C,18,1,1,432,10.0,510.84,4,671.18
2026-01-01 18:00:00,D,18,1,1,495,10.0,473.31,4,487.95
2026-01-01 19:00:00,A,19,1,1,526,10.0,580.24,5,724.04
2026-01-01 19:00:00,B,19,1,1,320,10.0,381.41,6,478.89
2026-01-01 19:00:00,C,19,1,1,449,10.0,575.64,4,536.22
2026-01-01 19:00:00,D,19,1,1,448,10.0,570.52,4,620.7
2026-01-01 20:00:00,A,20,1,0,358,10.0,360.68,5,367.05
2026-01-01 20:00:00,B,20,1,0,241,10.0,265.69,6,322.74
2026-01-01 20:00:00,C,20,1,0,363,10.0,330.21,4,440.96
2026-01-01 20:00:00,D,20,1,0,274,23.82,395.05,4,335.32
2026-01-01 21:00:00,A,21,1,0,372,10.38,501.59,5,411.26
2026-01-01 21:00:00,B,21,1,0,274,10.0,329.73,6,286.54
2026-01-01 21:00:00,C,21,1,0,363,10.0,411.62,4,432.96
2026-01-01 21:00:00,D,21,1,0,366,10.0,413.95,4,362.88
2026-01-01 22:00:00,A,22,1,0,525,10.0,490.74,5,487.39
2026-01-01 22:00:00,B,22,1,0,345,10.0,370.48,6,403.39
2026-01-01 22:00:00,C,22,1,0,369,10.0,501.18,4,400.98
2026-01-01 22:00:00,D,22,1,0,434,10.0,439.54,4,449.94
2026-01-01 23:00:00,A,23,1,0,472,11.18,553.13,5,585.04
2026-01-01 23:00:00,B,23,1,0,337,10.0,453.85,6,387.62
2026-01-01 23:00:00,C,23,1,0,461,15.56,528.4,4,465.48
2026-01-01 23:00:00,D,23,1,0,502,10.0,485.74,4,316.84
2026-01-02 00:00:00,A,0,2,0,546,19.29,734.39,5,647.71
2026-01-02 00:00:00,B,0,2,0,495,10.0,500.95,6,498.09
2026-01-02 00:00:00,C,0,2,0,499,10.0,676.44,4,607.21
2026-01-02 00:00:00,D,0,2,0,499,10.0,604.54,4,531.22
2026-01-02 01:00:00,A,1,2,0,687,10.0,653.31,5,723.14
2026-01-02 01:00:00,B,1,2,0,461,14.65,526.1,6,562.84
2026-01-02 01:00:00,C,1,2,0,580,12.73,573.69,4,615.06
2026-01-02 01:00:00,D,1,2,0,513,10.0,624.18,4,612.96
2026-01-02 02:00:00,A,2,2,0,613,10.0,744.25,5,697.76
2026-01-02 02:00:00,B,2,2,0,411,10.0,674.91,6,583.38
2026-01-02 02:00:00,C,2,2,0,716,10.0,788.81,4,665.73
2026-01-02 02:00:00,D,2,2,0,632,10.0,767.95,4,597.53
2026-01-02 03:00:00,A,3,2,0,632,10.0,850.77,5,834.89
2026-01-02 03:00:00,B,3,2,0,492,14.78,729.08,6,594.43
2026-01-02 03:00:00,C,3,2,0,791,10.0,837.0,4,813.85
2026-01-02 03:00:00,D,3,2,0,582,23.18,804.64,4,696.32
2026-01-02 04:00:00,A,4,2,0,807,25.57,947.34,5,858.72
2026-01-02 04:00:00,B,4,2,0,511,17.25,700.24,6,659.74
2026-01-02 04:00:00,C,4,2,0,680,10.0,847.5,4,712.68
2026-01-02 04:00:00,D,4,2,0,699,10.0,907.62,4,710.54
2026-01-02 05:00:00,A,5,2,0,824,12.9,869.5,5,890.17
2026-01-02 05:00:00,B,5,2,0,482,10.0,760.18,6,608.72
2026-01-02 05:00:00,C,5,2,0,774,17.67,943.53,4,759.18
2026-01-02 05:00:00,D,5,2,0,640,19.86,820.23,4,775.92
2026-01-02 06:00:00,A,6,2,0,787,10.17,866.28,5,832.54
2026-01-02 06:00:00,B,6,2,0,582,13.67,594.68,6,590.82
2026-01-02 06:00:00,C,6,2,0,737,14.91,879.31,4,814.47
2026-01-02 06:00:00,D,6,2,0,675,13.36,721.55,4,797.52
2026-01-02 07:00:00,A,7,2,1,957,21.32,1479.43,5,1355.41
2026-01-02 07:00:00,B,7,2,1,725,10.0,1039.28,6,1020.65
2026-01-02 07:00:00,C,7,2,1,1176,10.0,1119.03,4,1158.76
2026-01-02 07:00:00,D,7,2,1,1138,10.0,1117.44,4,1167.32
2026-01-02 08:00:00,A,8,2,1,1196,17.18,1382.49,5,1289.0
2026-01-02 08:00:00,B,8,2,1,709,18.11,841.56,6,949.51
2026-01-02 08:00:00,C,8,2,1,843,10.0,1139.88,4,1157.39
2026-01-02 08:00:00,D,8,2,1,999,10.0,992.91,4,1164.95
2026-01-02 09:00:00,A,9,2,1,1099,39.68,1121.38,5,1186.43
2026-01-02 09:00:00,B,9,2,1,709,15.34,981.31,6,980.71
2026-01-02 09:00:00,C,9,2,1,853,10.0,1181.36,4,1081.67
2026-01-02 09:00:00,D,9,2,1,835,33.48,991.24,4,1137.21
2026-01-02 10:00:00,A,10,2,0,690,24.78,829.95,5,678.35
2026-01-02 10:00:00,B,10,2,0,513,10.0,523.36,6,490.33
2026-01-02 10:00:00,C,10,2,0,645,18.19,771.13,4,606.32
2026-01-02 10:00:00,D,10,2,0,499,10.0,806.67,4,652.08
2026-01-02 11:00:00,A,11,2,0,523,10.0,704.19,5,716.83
2026-01-02 11:00:00,B,11,2,0,435,10.0,610.75,6,475.89
2026-01-02 11:00:00,C,11,2,0,467,23.7,723.81,4,547.66
2026-01-02 11:00:00,D,11,2,0,521,10.0,604.87,4,615.58
2026-01-02 12:00:00,A,12,2,0,576,10.0,745.3,5,620.26
2026-01-02 12:00:00,B,12,2,0,480,18.25,463.88,6,396.68
2026-01-02 12:00:00,C,12,2,0,458,17.41,587.9,4,507.64
2026-01-02 12:00:00,D,12,2,0,419,10.0,567.93,4,610.27
2026-01-02 13:00:00,A,13,2,0,487,12.46,570.31,5,520.12
2026-01-02 13:00:00,B,13,2,0,319,10.0,491.54,6,385.81
2026-01-02 13:00:00,C,13,2,0,521,10.0,500.86,4,495.66
2026-01-02 13:00:00,D,13,2,0,453,10.04,511.03,4,498.3
2026-01-02 14:00:00,A,14,2,0,383,10.0,622.62,5,490.47
2026-01-02 14:00:00,B,14,2,0,378,10.0,444.15,6,232.16
2026-01-02 14:00:00,C,14,2,0,476,10.0,495.84,4,452.43
2026-01-02 14:00:00,D,14,2,0,339,10.0,456.03,4,452.42
2026-01-02 15:00:00,A,15,2,0,466,10.0,447.62,5,459.6
2026-01-02 15:00:00,B,15,2,0,356,13.54,346.78,6,298.71
2026-01-02 15:00:00,C,15,2,0,429,10.0,382.39,4,466.93
2026-01-02 15:00:00,D,15,2,0,300,10.0,432.29,4,382.85
2026-01-02 16:00:00,A,16,2,1,444,10.0,585.51,5,631.65
2026-01-02 16:00:00,B,16,2,1,453,10.0,396.5,6,510.6
2026-01-02 16:00:00,C,16,2,1,440,10.0,529.53,4,707.12
2026-01-02 16:00:00,D,16,2,1,506,10.0,550.72,4,619.31
2026-01-02 17:00:00,A,17,2,1,445,10.0,641.33,5,736.28
2026-01-02 17:00:00,B,17,2,1,412,12.88,392.28,6,483.87
2026-01-02 17:00:00,C,17,2,1,429,20.39,568.99,4,574.19
2026-01-02 17:00:00,D,17,2,1,527,14.68,497.63,4,542.11
2026-01-02 18:00:00,A,18,2,1,415,22.9,622.44,5,643.97
2026-01-02 18:00:00,B,18,2,1,364,10.0,448.21,6,416.08
2026-01-02 18:00:00,C,18,2,1,483,10.0,468.45,4,627.34
2026-01-02 18:00:00,D,18,2,1,423,37.52,436.3,4,634.45
2026-01-02 19:00:00,A,19,2,1,463,10.0,516.48,5,602.39
2026-01-02 19:00:00,B,19,2,1,368,10.0,458.36,6,580.56
2026-01-02 19:00:00,C,19,2,1,400,29.2,523.95,4,573.72
2026-01-02 19:00:00,D,19,2,1,502,10.0,487.05,4,654.58
2026-01-02 20:00:00,A,20,2,0,388,19.77,451.65,5,383.13
2026-01-02 20:00:00,B,20,2,0,276,10.85,326.52,6,275.95
2026-01-02 20:00:00,C,20,2,0,294,16.41,350.33,4,368.37
2026-01-02 20:00:00,D,20,2,0,332,10.0,365.51,4,396.57
2026-01-02 21:00:00,A,21,2,0,466,10.0,446.46,5,481.99
2026-01-02 21:00:00,B,21,2,0,284,10.0,304.72,6,289.85
2026-01-02 21:00:00,C,21,2,0,376,10.0,396.54,4,371.62
2026-01-02 21:00:00,D,21,2,0,320,10.0,412.54,4,392.79
2026-01-02 22:00:00,A,22,2,0,531,10.0,527.05,5,571.41
2026-01-02 22:00:00,B,22,2,0,365,10.0,344.67,6,359.18
2026-01-02 22:00:00,C,22,2,0,339,10.0,483.32,4,456.22
2026-01-02 22:00:00,D,22,2,0,478,10.0,420.68,4,481.64
2026-01-02 23:00:00,A,23,2,0,514,16.18,594.61,5,532.77
2026-01-02 23:00:00,B,23,2,0,348,15.99,502.97,6,380.17
2026-01-02 23:00:00,C,23,2,0,450,10.0,498.41,4,505.16
2026-01-02 23:00:00,D,23,2,0,467,10.0,616.8,4,464.07
2026-01-03 00:00:00,A,0,3,0,683,10.0,736.4,5,540.26
2026-01-03 00:00:00,B,0,3,0,441,10.0,453.92,6,406.95
2026-01-03 00:00:00,C,0,3,0,529,22.74,557.68,4,542.44
2026-01-03 00:00:00,D,0,3,0,449,13.42,553.65,4,581.88
2026-01-03 01:00:00,A,1,3,0,752,10.0,732.55,5,668.18
2026-01-03 01:00:00,B,1,3,0,421,10.0,464.33,6,514.06
2026-01-03 01:00:00,C,1,3,0,671,36.2,597.91,4,631.07
2026-01-03 01:00:00,D,1,3,0,519,10.0,622.78,4,621.66
2026-01-03 02:00:00,A,2,3,0,735,10.0,777.39,5,713.55
2026-01-03 02:00:00,B,2,3,0,482,22.83,590.19,6,535.26
2026-01-03 02:00:00,C,2,3,0,699,10.0,646.5,4,621.44
2026-01-03 02:00:00,D,2,3,0,502,10.0,672.5,4,609.64
2026-01-03 03:00:00,A,3,3,0,601,20.25,851.86,5,830.18
2026-01-03 03:00:00,B,3,3,0,518,10.0,561.98,6,665.16
2026-01-03 03:00:00,C,3,3,0,682,10.0,844.89,4,711.52
2026-01-03 03:00:00,D,3,3,0,627,10.0,643.59,4,733.7
2026-01-03 04:00:00,A,4,3,0,779,10.0,949.93,5,816.45
2026-01-03 04:00:00,B,4,3,0,558,10.0,759.0,6,622.37
2026-01-03 04:00:00,C,4,3,0,720,10.0,833.65,4,751.27
2026-01-03 04:00:00,D,4,3,0,613,19.74,707.54,4,689.44
2026-01-03 05:00:00,A,5,3,0,737,14.74,812.39,5,902.88
2026-01-03 05:00:00,B,5,3,0,558,10.0,708.16,6,541.29
2026-01-03 05:00:00,C,5,3,0,722,13.53,939.46,4,831.0
2026-01-03 05:00:00,D,5,3,0,614,26.54,919.78,4,766.46
2026-01-03 06:00:00,A,6,3,0,667,10.0,981.58,5,899.08
2026-01-03 06:00:00,B,6,3,0,670,10.0,617.96,6,656.67
2026-01-03 06:00:00,C,6,3,0,776,15.49,979.07,4,841.94
2026-01-03 06:00:00,D,6,3,0,646,10.0,884.21,4,729.31
2026-01-03 07:00:00,A,7,3,1,942,10.72,1166.96,5,1275.66
2026-01-03 07:00:00,B,7,3,1,905,10.0,951.51,6,974.75
2026-01-03 07:00:00,C,7,3,1,1202,20.52,1053.58,4,1281.51
2026-01-03 07:00:00,D,7,3,1,817,14.91,1061.85,4,1230.15
2026-01-03 08:00:00,A,8,3,1,1295,10.51,1391.19,5,1298.87
2026-01-03 08:00:00,B,8,3,1,916,10.0,819.06,6,993.25
2026-01-03 08:00:00,C,8,3,1,900,17.68,1188.77,4,1172.16
2026-01-03 08:00:00,D,8,3,1,834,10.0,1246.07,4,1074.78
2026-01-03 09:00:00,A,9,3,1,1009,10.0,1344.08,5,1286.79
2026-01-03 09:00:00,B,9,3,1,721,10.0,916.19,6,932.97
2026-01-03 09:00:00,C,9,3,1,977,10.0,1234.26,4,1110.97
2026-01-03 09:00:00,D,9,3,1,910,10.0,1205.57,4,1066.97
2026-01-03 10:00:00,A,10,3,0,690,10.0,681.01,5,726.39
2026-01-03 10:00:00,B,10,3,0,451,14.63,601.43,6,541.91
2026-01-03 10:00:00,C,10,3,0,643,27.63,675.59,4,653.6
2026-01-03 10:00:00,D,10,3,0,691,18.77,734.11,4,722.43
2026-01-03 11:00:00,A,11,3,0,540,10.0,642.76,5,679.8
2026-01-03 11:00:00,B,11,3,0,515,10.0,614.59,6,474.19
2026-01-03 11:00:00,C,11,3,0,634,11.63,596.77,4,651.87
2026-01-03 11:00:00,D,11,3,0,534,10.0,654.83,4,575.68
2026-01-03 12:00:00,A,12,3,0,625,10.0,606.27,5,618.67
2026-01-03 12:00:00,B,12,3,0,391,10.0,549.92,6,481.24
2026-01-03 12:00:00,C,12,3,0,581,10.0,511.32,4,526.61
2026-01-03 12:00:00,D,12,3,0,429,10.0,569.74,4,576.58
2026-01-03 13:00:00,A,13,3,0,605,10.0,687.01,5,549.29
2026-01-03 13:00:00,B,13,3,0,317,10.0,430.99,6,296.8
2026-01-03 13:00:00,C,13,3,0,430,10.0,560.98,4,457.8
2026-01-03 13:00:00,D,13,3,0,476,10.0,491.56,4,441.18
2026-01-03 14:00:00,A,14,3,0,513,10.0,587.91,5,489.02
2026-01-03 14:00:00,B,14,3,0,368,10.0,419.86,6,350.23
2026-01-03 14:00:00,C,14,3,0,457,16.42,433.76,4,457.89
2026-01-03 14:00:00,D,14,3,0,360,10.0,497.55,4,432.51
2026-01-03 15:00:00,A,15,3,0,363,10.0,433.9,5,390.28
2026-01-03 15:00:00,B,15,3,0,311,10.0,333.98,6,311.71
2026-01-03 15:00:00,C,15,3,0,326,18.84,377.29,4,409.08
2026-01-03 15:00:00,D,15,3,0,409,12.65,458.83,4,352.41
2026-01-03 16:00:00,A,16,3,1,590,10.0,671.46,5,735.79
2026-01-03 16:00:00,B,16,3,1,362,13.1,432.86,6,502.29
2026-01-03 16:00:00,C,16,3,1,554,10.0,516.43,4,671.35
2026-01-03 16:00:00,D,16,3,1,487,10.0,548.37,4,609.16
2026-01-03 17:00:00,A,17,3,1,493,10.0,495.7,5,683.53
2026-01-03 17:00:00,B,17,3,1,326,10.8,461.61,6,426.6
2026-01-03 17:00:00,C,17,3,1,530,10.0,474.47,4,643.35
2026-01-03 17:00:00,D,17,3,1,465,10.0,479.41,4,599.01
2026-01-03 18:00:00,A,18,3,1,526,10.0,549.48,5,682.63
2026-01-03 18:00:00,B,18,3,1,300,10.0,394.3,6,414.03
2026-01-03 18:00:00,C,18,3,1,486,10.0,565.53,4,586.45
2026-01-03 18:00:00,D,18,3,1,481,10.0,565.78,4,503.75
2026-01-03 19:00:00,A,19,3,1,412,10.0,622.82,5,676.47
2026-01-03 19:00:00,B,19,3,1,405,10.0,373.34,6,549.78
2026-01-03 19:00:00,C,19,3,1,450,10.0,567.11,4,576.37
2026-01-03 19:00:00,D,19,3,1,413,19.52,465.81,4,656.43
2026-01-03 20:00:00,A,20,3,0,387,10.0,380.79,5,365.34
2026-01-03 20:00:00,B,20,3,0,252,13.55,356.47,6,238.38
2026-01-03 20:00:00,C,20,3,0,370,10.0,442.69,4,403.52
2026-01-03 20:00:00,D,20,3,0,371,10.0,347.52,4,414.22
2026-01-03 21:00:00,A,21,3,0,399,10.0,477.73,5,430.49
2026-01-03 21:00:00,B,21,3,0,348,10.0,390.81,6,350.75
2026-01-03 21:00:00,C,21,3,0,418,10.0,466.46,4,382.06
2026-01-03 21:00:00,D,21,3,0,385,10.0,438.17,4,399.56
2026-01-03 22:00:00,A,22,3,0,477,11.36,486.8,5,519.53
2026-01-03 22:00:00,B,22,3,0,393,10.0,413.03,6,418.54
2026-01-03 22:00:00,C,22,3,0,416,10.0,521.8,4,433.87
2026-01-03 22:00:00,D,22,3,0,440,10.0,523.7,4,435.24
2026-01-03 23:00:00,A,23,3,0,464,10.0,508.33,5,541.15
2026-01-03 23:00:00,B,23,3,0,386,10.0,417.03,6,456.62
2026-01-03 23:00:00,C,23,3,0,464,10.0,561.93,4,495.53
2026-01-03 23:00:00,D,23,3,0,403,10.0,536.79,4,516.42
2026-01-04 00:00:00,A,0,4,0,670,10.0,707.86,5,700.07
2026-01-04 00:00:00,B,0,4,0,441,10.0,442.1,6,445.2
2026-01-04 00:00:00,C,0,4,0,515,10.0,592.3,4,601.68
2026-01-04 00:00:00,D,0,4,0,490,10.0,589.79,4,523.93
2026-01-04 01:00:00,A,1,4,0,544,10.0,740.21,5,655.14
2026-01-04 01:00:00,B,1,4,0,444,10.0,603.25,6,562.9
2026-01-04 01:00:00,C,1,4,0,478,10.0,747.14,4,528.09
2026-01-04 01:00:00,D,1,4,0,624,10.0,559.8,4,546.79
2026-01-04 02:00:00,A,2,4,0,570,11.5,854.48,5,720.63
2026-01-04 02:00:00,B,2,4,0,472,15.99,606.22,6,531.37
2026-01-04 02:00:00,C,2,4,0,633,10.0,829.24,4,713.37
2026-01-04 02:00:00,D,2,4,0,610,10.0,731.03,4,567.75
2026-01-04 03:00:00,A,3,4,0,749,10.0,906.1,5,765.09
2026-01-04 03:00:00,B,3,4,0,642,10.0,683.43,6,504.26
2026-01-04 03:00:00,C,3,4,0,759,13.83,810.22,4,727.98
2026-01-04 03:00:00,D,3,4,0,576,10.0,680.9,4,746.38
2026-01-04 04:00:00,A,4,4,0,806,10.0,778.96,5,853.43
2026-01-04 04:00:00,B,4,4,0,661,11.0,589.91,6,610.0
2026-01-04 04:00:00,C,4,4,0,620,13.84,702.05,4,764.2
2026-01-04 04:00:00,D,4,4,0,729,10.0,859.25,4,771.57
2026-01-04 05:00:00,A,5,4,0,770,10.0,854.09,5,898.81
2026-01-04 05:00:00,B,5,4,0,693,18.95,718.4,6,646.99
2026-01-04 05:00:00,C,5,4,0,837,14.36,759.17,4,778.14
2026-01-04 05:00:00,D,5,4,0,737,20.3,749.91,4,773.38
2026-01-04 06:00:00,A,6,4,0,851,14.03,933.8,5,813.03
2026-01-04 06:00:00,B,6,4,0,686,11.02,638.54,6,638.12
2026-01-04 06:00:00,C,6,4,0,848,11.82,816.39,4,813.79
2026-01-04 06:00:00,D,6,4,0,630,14.08,721.82,4,794.74
2026-01-04 07:00:00,A,7,4,1,1262,10.0,1232.8,5,1404.97
2026-01-04 07:00:00,B,7,4,1,804,18.91,1107.09,6,996.27
2026-01-04 07:00:00,C,7,4,1,999,10.0,1043.51,4,1094.46
2026-01-04 07:00:00,D,7,4,1,1190,10.0,1168.51,4,1157.51
2026-01-04 08:00:00,A,8,4,1,1288,10.0,1140.14,5,1350.63
2026-01-04 08:00:00,B,8,4,1,947,10.0,894.55,6,929.1
2026-01-04 08:00:00,C,8,4,1,1033,13.99,1180.77,4,1207.93
2026-01-04 08:00:00,D,8,4,1,823,10.0,1156.05,4,1207.06
2026-01-04 09:00:00,A,9,4,1,901,22.09,1352.12,5,1166.67
2026-01-04 09:00:00,B,9,4,1,816,12.9,872.43,6,841.31
2026-01-04 09:00:00,C,9,4,1,781,10.0,1250.5,4,1228.1
2026-01-04 09:00:00,D,9,4,1,890,13.76,1059.07,4,1081.54
2026-01-04 10:00:00,A,10,4,0,630,12.87,727.77,5,713.84
2026-01-04 10:00:00,B,10,4,0,468,10.0,511.33,6,504.29
2026-01-04 10:00:00,C,10,4,0,524,10.0,756.14,4,720.14
2026-01-04 10:00:00,D,10,4,0,692,23.64,635.89,4,670.69
2026-01-04 11:00:00,A,11,4,0,606,13.72,674.37,5,661.92
2026-01-04 11:00:00,B,11,4,0,482,10.0,469.93,6,506.82
2026-01-04 11:00:00,C,11,4,0,664,10.0,681.94,4,718.45
2026-01-04 11:00:00,D,11,4,0,505,10.0,619.38,4,596.09
2026-01-04 12:00:00,A,12,4,0,547,10.55,730.04,5,596.25
2026-01-04 12:00:00,B,12,4,0,448,10.0,498.56,6,469.17
2026-01-04 12:00:00,C,12,4,0,511,10.0,667.68,4,581.44
2026-01-04 12:00:00,D,12,4,0,445,10.0,574.83,4,579.63
2026-01-04 13:00:00,A,13,4,0,436,18.89,628.81,5,521.98
2026-01-04 13:00:00,B,13,4,0,391,10.0,380.21,6,448.97
2026-01-04 13:00:00,C,13,4,0,384,10.0,618.47,4,574.68
2026-01-04 13:00:00,D,13,4,0,433,10.0,537.59,4,545.69
2026-01-04 14:00:00,A,14,4,0,470,10.0,510.34,5,460.39
2026-01-04 14:00:00,B,14,4,0,398,19.58,362.82,6,325.15
2026-01-04 14:00:00,C,14,4,0,361,20.46,474.95,4,417.61
2026-01-04 14:00:00,D,14,4,0,449,10.0,454.68,4,429.96
2026-01-04 15:00:00,A,15,4,0,358,10.0,542.48,5,470.98
2026-01-04 15:00:00,B,15,4,0,312,10.0,323.65,6,408.69
2026-01-04 15:00:00,C,15,4,0,325,10.0,496.44,4,430.45
2026-01-04 15:00:00,D,15,4,0,424,11.79,385.14,4,401.33
2026-01-04 16:00:00,A,16,4,1,465,10.0,692.7,5,670.1
2026-01-04 16:00:00,B,16,4,1,440,11.96,472.95,6,435.0
2026-01-04 16:00:00,C,16,4,1,516,23.36,490.27,4,613.05
2026-01-04 16:00:00,D,16,4,1,492,14.26,586.9,4,666.77
2026-01-04 17:00:00,A,17,4,1,578,10.0,568.21,5,648.57
2026-01-04 17:00:00,B,17,4,1,348,10.0,359.86,6,495.52
2026-01-04 17:00:00,C,17,4,1,442,10.0,550.09,4,598.1
2026-01-04 17:00:00,D,17,4,1,496,10.0,447.94,4,645.21
2026-01-04 18:00:00,A,18,4,1,430,10.0,514.91,5,611.57
2026-01-04 18:00:00,B,18,4,1,414,18.82,474.03,6,545.92
2026-01-04 18:00:00,C,18,4,1,479,10.0,512.39,4,595.56
2026-01-04 18:00:00,D,18,4,1,472,18.84,471.89,4,614.63
2026-01-04 19:00:00,A,19,4,1,586,10.0,615.75,5,610.29
2026-01-04 19:00:00,B,19,4,1,321,10.0,474.34,6,486.18
2026-01-04 19:00:00,C,19,4,1,515,10.0,484.61,4,615.3
2026-01-04 19:00:00,D,19,4,1,407,10.0,590.4,4,636.56
2026-01-04 20:00:00,A,20,4,0,437,26.02,506.43,5,388.43
2026-01-04 20:00:00,B,20,4,0,288,14.94,298.25,6,307.12
2026-01-04 20:00:00,C,20,4,0,384,10.0,388.56,4,399.16
2026-01-04 20:00:00,D,20,4,0,333,10.0,331.15,4,355.71
2026-01-04 21:00:00,A,21,4,0,431,10.0,507.85,5,504.07
2026-01-04 21:00:00,B,21,4,0,247,10.0,360.89,6,331.09
2026-01-04 21:00:00,C,21,4,0,330,31.7,422.24,4,451.67
2026-01-04 21:00:00,D,21,4,0,341,10.0,443.81,4,395.89
2026-01-04 22:00:00,A,22,4,0,448,10.0,553.53,5,447.97
2026-01-04 22:00:00,B,22,4,0,356,10.0,426.76,6,384.77
2026-01-04 22:00:00,C,22,4,0,404,10.0,431.7,4,486.79
2026-01-04 22:00:00,D,22,4,0,444,10.0,541.72,4,433.43
2026-01-04 23:00:00,A,23,4,0,471,12.99,625.86,5,644.93
2026-01-04 23:00:00,B,23,4,0,435,20.37,473.79,6,460.57
2026-01-04 23:00:00,C,23,4,0,504,10.0,521.67,4,543.87
2026-01-04 23:00:00,D,23,4,0,467,10.0,506.65,4,522.91
2026-01-05 00:00:00,A,0,5,0,578,10.0,705.03,5,639.02
2026-01-05 00:00:00,B,0,5,0,388,10.0,442.07,6,504.48
2026-01-05 00:00:00,C,0,5,0,504,14.25,550.78,4,632.64
2026-01-05 00:00:00,D,0,5,0,460,10.0,598.02,4,657.61
2026-01-05 01:00:00,A,1,5,0,757,10.0,799.34,5,741.19
2026-01-05 01:00:00,B,1,5,0,467,16.93,586.62,6,464.21
2026-01-05 01:00:00,C,1,5,0,569,10.16,764.07,4,616.99
2026-01-05 01:00:00,D,1,5,0,603,14.62,643.95,4,532.65
2026-01-05 02:00:00,A,2,5,0,638,10.0,700.01,5,801.92
2026-01-05 02:00:00,B,2,5,0,429,10.0,535.13,6,542.58
2026-01-05 02:00:00,C,2,5,0,575,10.0,758.26,4,690.5
2026-01-05 02:00:00,D,2,5,0,724,10.0,741.86,4,720.02
2026-01-05 03:00:00,A,3,5,0,738,10.58,882.5,5,863.67
2026-01-05 03:00:00,B,3,5,0,624,14.3,542.29,6,596.85
2026-01-05 03:00:00,C,3,5,0,721,10.0,753.47,4,751.12
2026-01-05 03:00:00,D,3,5,0,663,13.12,864.97,4,770.29
2026-01-05 04:00:00,A,4,5,0,754,10.0,984.51,5,713.82
2026-01-05 04:00:00,B,4,5,0,489,10.0,767.01,6,644.3
2026-01-05 04:00:00,C,4,5,0,706,10.0,704.19,4,740.89
2026-01-05 04:00:00,D,4,5,0,658,16.57,897.28,4,660.25
2026-01-05 05:00:00,A,5,5,0,903,10.0,1079.26,5,849.65
2026-01-05 05:00:00,B,5,5,0,650,10.0,618.52,6,645.2
2026-01-05 05:00:00,C,5,5,0,694,24.95,963.38,4,745.01
2026-01-05 05:00:00,D,5,5,0,629,13.75,883.71,4,785.75
2026-01-05 06:00:00,A,6,5,0,839,10.0,803.07,5,893.6
2026-01-05 06:00:00,B,6,5,0,486,10.0,580.4,6,611.17
2026-01-05 06:00:00,C,6,5,0,597,10.0,852.38,4,899.81
2026-01-05 06:00:00,D,6,5,0,778,10.0,890.31,4,823.62
2026-01-05 07:00:00,A,7,5,1,1042,10.0,1291.54,5,1295.38
2026-01-05 07:00:00,B,7,5,1,811,10.0,1029.15,6,1060.28
2026-01-05 07:00:00,C,7,5,1,1124,24.43,1062.77,4,1176.27
2026-01-05 07:00:00,D,7,5,1,989,14.01,1311.81,4,1209.75
2026-01-05 08:00:00,A,8,5,1,1003,10.0,1401.51,5,1323.54
2026-01-05 08:00:00,B,8,5,1,704,16.38,1068.29,6,936.17
2026-01-05 08:00:00,C,8,5,1,835,10.0,1136.12,4,1135.01
2026-01-05 08:00:00,D,8,5,1,845,10.0,980.95,4,1153.41
2026-01-05 09:00:00,A,9,5,1,1161,19.84,1322.29,5,1241.03
2026-01-05 09:00:00,B,9,5,1,753,10.0,849.32,6,863.33
2026-01-05 09:00:00,C,9,5,1,1115,22.66,1186.82,4,1093.48
2026-01-05 09:00:00,D,9,5,1,1020,23.63,1062.33,4,1091.08
2026-01-05 10:00:00,A,10,5,0,788,10.0,726.58,5,749.74
2026-01-05 10:00:00,B,10,5,0,583,10.0,649.0,6,534.66
2026-01-05 10:00:00,C,10,5,0,533,10.0,692.07,4,710.41
2026-01-05 10:00:00,D,10,5,0,637,27.63,711.67,4,520.27
2026-01-05 11:00:00,A,11,5,0,591,10.0,729.7,5,693.44
2026-01-05 11:00:00,B,11,5,0,450,10.0,542.68,6,528.7
2026-01-05 11:00:00,C,11,5,0,495,10.0,728.15,4,546.28
2026-01-05 11:00:00,D,11,5,0,523,10.0,728.8,4,571.82
2026-01-05 12:00:00,A,12,5,0,616,10.0,761.93,5,692.72
2026-01-05 12:00:00,B,12,5,0,495,10.0,425.61,6,485.59
2026-01-05 12:00:00,C,12,5,0,551,10.0,609.38,4,513.07
2026-01-05 12:00:00,D,12,5,0,486,10.0,553.77,4,497.47
2026-01-05 13:00:00,A,13,5,0,540,41.84,676.83,5,655.46
2026-01-05 13:00:00,B,13,5,0,328,10.0,435.52,6,350.54
2026-01-05 13:00:00,C,13,5,0,548,10.0,516.64,4,467.14
2026-01-05 13:00:00,D,13,5,0,446,10.0,545.6,4,501.57
2026-01-05 14:00:00,A,14,5,0,544,10.0,450.25,5,514.57
2026-01-05 14:00:00,B,14,5,0,351,14.46,416.44,6,434.63
2026-01-05 14:00:00,C,14,5,0,368,10.44,530.85,4,451.11
2026-01-05 14:00:00,D,14,5,0,460,10.0,412.41,4,446.25
2026-01-05 15:00:00,A,15,5,0,486,10.0,453.4,5,432.69
2026-01-05 15:00:00,B,15,5,0,346,11.55,330.21,6,341.53
2026-01-05 15:00:00,C,15,5,0,408,10.0,415.44,4,375.92
2026-01-05 15:00:00,D,15,5,0,307,16.81,488.31,4,310.51
2026-01-05 16:00:00,A,16,5,1,448,10.0,701.13,5,638.47
2026-01-05 16:00:00,B,16,5,1,343,30.21,494.88,6,548.41
2026-01-05 16:00:00,C,16,5,1,558,10.0,508.23,4,649.14
2026-01-05 16:00:00,D,16,5,1,460,10.0,532.23,4,620.7
2026-01-05 17:00:00,A,17,5,1,528,10.0,675.56,5,667.69
2026-01-05 17:00:00,B,17,5,1,357,10.0,426.24,6,478.12
2026-01-05 17:00:00,C,17,5,1,370,10.0,580.62,4,580.79
2026-01-05 17:00:00,D,17,5,1,508,10.0,494.57,4,524.8
2026-01-05 18:00:00,A,18,5,1,417,10.0,538.76,5,759.34
2026-01-05 18:00:00,B,18,5,1,360,10.0,379.44,6,480.72
2026-01-05 18:00:00,C,18,5,1,405,10.0,536.8,4,638.07
2026-01-05 18:00:00,D,18,5,1,416,10.0,505.85,4,582.03
2026-01-05 19:00:00,A,19,5,1,451,10.0,540.9,5,641.42
2026-01-05 19:00:00,B,19,5,1,319,10.0,383.74,6,459.89
2026-01-05 19:00:00,C,19,5,1,372,10.0,493.62,4,530.28
2026-01-05 19:00:00,D,19,5,1,440,10.0,500.41,4,484.34
2026-01-05 20:00:00,A,20,5,0,418,10.0,380.73,5,378.91
2026-01-05 20:00:00,B,20,5,0,270,10.0,350.84,6,298.03
2026-01-05 20:00:00,C,20,5,0,324,10.0,420.43,4,367.56
2026-01-05 20:00:00,D,20,5,0,285,10.0,390.34,4,370.72
2026-01-05 21:00:00,A,21,5,0,363,10.0,494.74,5,478.34
2026-01-05 21:00:00,B,21,5,0,252,10.0,366.43,6,304.08
2026-01-05 21:00:00,C,21,5,0,326,10.0,470.99,4,425.03
2026-01-05 21:00:00,D,21,5,0,323,14.52,410.63,4,398.37
2026-01-05 22:00:00,A,22,5,0,536,10.0,492.76,5,530.1
2026-01-05 22:00:00,B,22,5,0,387,10.0,445.5,6,434.12
2026-01-05 22:00:00,C,22,5,0,368,10.0,542.47,4,361.09
2026-01-05 22:00:00,D,22,5,0,396,10.0,482.21,4,420.18
2026-01-05 23:00:00,A,23,5,0,544,29.66,643.26,5,514.37
2026-01-05 23:00:00,B,23,5,0,398,21.71,477.19,6,410.8
2026-01-05 23:00:00,C,23,5,0,529,10.0,590.74,4,487.93
2026-01-05 23:00:00,D,23,5,0,403,13.7,456.86,4,482.11
2026-01-06 00:00:00,A,0,6,0,638,10.0,766.16,5,603.21
2026-01-06 00:00:00,B,0,6,0,407,16.25,475.15,6,566.81
2026-01-06 00:00:00,C,0,6,0,561,13.58,668.28,4,636.49
2026-01-06 00:00:00,D,0,6,0,479,13.14,641.36,4,583.6
2026-01-06 01:00:00,A,1,6,0,645,11.18,763.58,5,700.75
2026-01-06 01:00:00,B,1,6,0,402,10.0,460.55,6,500.9
2026-01-06 01:00:00,C,1,6,0,536,14.03,612.62,4,634.79
2026-01-06 01:00:00,D,1,6,0,513,10.0,549.11,4,655.34
2026-01-06 02:00:00,A,2,6,0,715,12.38,905.64,5,792.09
2026-01-06 02:00:00,B,2,6,0,587,10.0,572.77,6,477.78
2026-01-06 02:00:00,C,2,6,0,691,10.0,820.51,4,691.38
2026-01-06 02:00:00,D,2,6,0,689,22.53,597.6,4,670.9
2026-01-06 03:00:00,A,3,6,0,679,29.43,966.48,5,777.45
2026-01-06 03:00:00,B,3,6,0,460,10.28,658.87,6,506.26
2026-01-06 03:00:00,C,3,6,0,609,15.81,737.01,4,784.01
2026-01-06 03:00:00,D,3,6,0,631,10.0,749.05,4,653.45
2026-01-06 04:00:00,A,4,6,0,714,10.0,1032.68,5,815.92
2026-01-06 04:00:00,B,4,6,0,666,10.0,616.14,6,610.89
2026-01-06 04:00:00,C,4,6,0,803,10.0,885.29,4,767.02
2026-01-06 04:00:00,D,4,6,0,696,10.0,813.32,4,759.82
2026-01-06 05:00:00,A,5,6,0,833,11.65,885.92,5,819.0
2026-01-06 05:00:00,B,5,6,0,612,10.0,703.19,6,615.37
2026-01-06 05:00:00,C,5,6,0,763,10.0,916.0,4,835.75
2026-01-06 05:00:00,D,5,6,0,801,10.0,802.67,4,749.78
2026-01-06 06:00:00,A,6,6,0,855,11.87,992.3,5,873.59
2026-01-06 06:00:00,B,6,6,0,507,14.76,667.54,6,654.11
2026-01-06 06:00:00,C,6,6,0,625,10.0,907.75,4,793.36
2026-01-06 06:00:00,D,6,6,0,721,19.05,794.57,4,720.17
2026-01-06 07:00:00,A,7,6,1,986,10.0,1298.92,5,1291.92
2026-01-06 07:00:00,B,7,6,1,778,10.0,889.73,6,996.29
2026-01-06 07:00:00,C,7,6,1,1015,23.81,1199.8,4,1193.21
2026-01-06 07:00:00,D,7,6,1,1123,10.0,1022.08,4,1241.28
2026-01-06 08:00:00,A,8,6,1,1123,10.0,1168.41,5,1327.98
2026-01-06 08:00:00,B,8,6,1,936,17.59,842.62,6,986.7
2026-01-06 08:00:00,C,8,6,1,995,10.0,1340.63,4,1149.75
2026-01-06 08:00:00,D,8,6,1,938,10.0,1264.71,4,1203.57
2026-01-06 09:00:00,A,9,6,1,933,13.11,1029.58,5,1285.02
2026-01-06 09:00:00,B,9,6,1,812,10.0,955.67,6,989.05
2026-01-06 09:00:00,C,9,6,1,981,26.66,1215.9,4,1079.1
2026-01-06 09:00:00,D,9,6,1,881,10.0,1181.37,4,1143.95
2026-01-06 10:00:00,A,10,6,0,813,10.0,702.36,5,737.09
2026-01-06 10:00:00,B,10,6,0,553,14.65,645.96,6,517.87
2026-01-06 10:00:00,C,10,6,0,714,10.0,611.56,4,625.93
2026-01-06 10:00:00,D,10,6,0,577,17.28,738.01,4,603.48
2026-01-06 11:00:00,A,11,6,0,632,15.92,646.17,5,711.34
2026-01-06 11:00:00,B,11,6,0,546,14.79,576.77,6,455.28
2026-01-06 11:00:00,C,11,6,0,553,10.0,720.61,4,586.49
2026-01-06 11:00:00,D,11,6,0,583,21.85,680.37,4,610.48
2026-01-06 12:00:00,A,12,6,0,558,10.0,691.88,5,585.82
2026-01-06 12:00:00,B,12,6,0,355,10.0,419.97,6,431.34
2026-01-06 12:00:00,C,12,6,0,608,10.0,591.85,4,555.45
2026-01-06 12:00:00,D,12,6,0,418,28.93,525.65,4,551.28
2026-01-06 13:00:00,A,13,6,0,476,10.0,649.82,5,558.56
2026-01-06 13:00:00,B,13,6,0,411,10.0,510.16,6,471.11
2026-01-06 13:00:00,C,13,6,0,397,12.0,531.3,4,448.75
2026-01-06 13:00:00,D,13,6,0,405,11.79,610.81,4,502.33
2026-01-06 14:00:00,A,14,6,0,495,10.0,528.02,5,544.63
2026-01-06 14:00:00,B,14,6,0,326,10.0,351.85,6,358.16
2026-01-06 14:00:00,C,14,6,0,465,10.0,551.84,4,491.19
2026-01-06 14:00:00,D,14,6,0,391,10.47,509.81,4,433.56
2026-01-06 15:00:00,A,15,6,0,390,15.37,520.35,5,435.72
2026-01-06 15:00:00,B,15,6,0,256,10.0,369.59,6,242.58
2026-01-06 15:00:00,C,15,6,0,341,10.0,415.86,4,393.19
2026-01-06 15:00:00,D,15,6,0,407,10.0,488.37,4,323.9
2026-01-06 16:00:00,A,16,6,1,450,10.0,595.06,5,755.46
2026-01-06 16:00:00,B,16,6,1,462,10.0,418.16,6,478.08
2026-01-06 16:00:00,C,16,6,1,475,14.32,625.38,4,648.84
2026-01-06 16:00:00,D,16,6,1,469,10.0,552.76,4,654.39
2026-01-06 17:00:00,A,17,6,1,419,10.0,657.66,5,506.86
2026-01-06 17:00:00,B,17,6,1,343,10.0,462.03,6,608.06
2026-01-06 17:00:00,C,17,6,1,518,10.0,488.64,4,649.45
2026-01-06 17:00:00,D,17,6,1,427,18.11,479.75,4,614.32
2026-01-06 18:00:00,A,18,6,1,497,10.0,622.68,5,601.04
2026-01-06 18:00:00,B,18,6,1,397,10.0,445.47,6,548.82
2026-01-06 18:00:00,C,18,6,1,486,10.0,468.07,4,603.8
2026-01-06 18:00:00,D,18,6,1,503,10.36,440.77,4,560.8
2026-01-06 19:00:00,A,19,6,1,565,15.54,639.72,5,656.38
2026-01-06 19:00:00,B,19,6,1,381,10.0,492.65,6,521.5
2026-01-06 19:00:00,C,19,6,1,408,15.56,604.01,4,584.67
2026-01-06 19:00:00,D,19,6,1,393,30.97,432.48,4,530.47
2026-01-06 20:00:00,A,20,6,0,382,10.0,452.32,5,373.55
2026-01-06 20:00:00,B,20,6,0,311,10.0,371.6,6,328.99
2026-01-06 20:00:00,C,20,6,0,300,49.48,348.27,4,293.01
2026-01-06 20:00:00,D,20,6,0,333,10.0,443.66,4,383.86
2026-01-06 21:00:00,A,21,6,0,407,15.52,470.2,5,426.96
2026-01-06 21:00:00,B,21,6,0,304,10.0,302.17,6,351.75
2026-01-06 21:00:00,C,21,6,0,387,10.0,439.73,4,463.82
2026-01-06 21:00:00,D,21,6,0,346,10.0,412.34,4,419.33
2026-01-06 22:00:00,A,22,6,0,514,18.19,523.78,5,586.12
2026-01-06 22:00:00,B,22,6,0,367,10.0,333.71,6,352.48
2026-01-06 22:00:00,C,22,6,0,350,19.57,503.8,4,453.83
2026-01-06 22:00:00,D,22,6,0,410,10.0,478.63,4,439.2
2026-01-06 23:00:00,A,23,6,0,543,26.55,575.74,5,559.17
2026-01-06 23:00:00,B,23,6,0,383,11.13,402.79,6,395.34
2026-01-06 23:00:00,C,23,6,0,507,10.0,631.0,4,439.46
2026-01-06 23:00:00,D,23,6,0,375,15.5,457.77,4,481.34
2026-01-07 00:00:00,A,0,7,0,566,17.88,549.24,5,624.78
2026-01-07 00:00:00,B,0,7,0,365,10.0,502.6,6,500.23
2026-01-07 00:00:00,C,0,7,0,573,10.0,619.4,4,581.98
2026-01-07 00:00:00,D,0,7,0,472,10.0,587.0,4,512.22
2026-01-07 01:00:00,A,1,7,0,534,11.39,701.31,5,637.87
2026-01-07 01:00:00,B,1,7,0,423,10.0,563.99,6,490.36
2026-01-07 01:00:00,C,1,7,0,652,21.05,563.09,4,662.32
2026-01-07 01:00:00,D,1,7,0,527,10.0,537.68,4,564.99
2026-01-07 02:00:00,A,2,7,0,664,14.7,869.73,5,692.81
2026-01-07 02:00:00,B,2,7,0,556,10.0,638.36,6,522.73
2026-01-07 02:00:00,C,2,7,0,560,13.49,723.74,4,662.32
2026-01-07 02:00:00,D,2,7,0,627,23.05,586.86,4,642.47
2026-01-07 03:00:00,A,3,7,0,762,10.26,885.92,5,767.22
2026-01-07 03:00:00,B,3,7,0,570,10.0,617.01,6,544.31
2026-01-07 03:00:00,C,3,7,0,702,11.74,799.58,4,667.48
2026-01-07 03:00:00,D,3,7,0,741,20.54,731.8,4,681.53
2026-01-07 04:00:00,A,4,7,0,806,27.06,861.79,5,860.04
2026-01-07 04:00:00,B,4,7,0,497,10.0,725.97,6,623.1
2026-01-07 04:00:00,C,4,7,0,723,12.29,797.79,4,680.94
2026-01-07 04:00:00,D,4,7,0,583,10.0,769.58,4,723.64
2026-01-07 05:00:00,A,5,7,0,656,10.0,854.89,5,856.15
2026-01-07 05:00:00,B,5,7,0,512,10.0,553.31,6,623.97
2026-01-07 05:00:00,C,5,7,0,642,25.83,724.2,4,757.31
2026-01-07 05:00:00,D,5,7,0,709,17.4,915.23,4,735.93
2026-01-07 06:00:00,A,6,7,0,860,26.84,832.9,5,869.96
2026-01-07 06:00:00,B,6,7,0,467,10.0,619.41,6,590.41
2026-01-07 06:00:00,C,6,7,0,616,26.49,909.68,4,808.08
2026-01-07 06:00:00,D,6,7,0,743,10.0,838.0,4,682.16
2026-01-07 07:00:00,A,7,7,1,1136,10.0,1243.8,5,1265.06
2026-01-07 07:00:00,B,7,7,1,822,10.0,785.3,6,1018.54
2026-01-07 07:00:00,C,7,7,1,913,22.57,1250.86,4,1122.86
2026-01-07 07:00:00,D,7,7,1,945,10.0,1042.71,4,1126.54
2026-01-07 08:00:00,A,8,7,1,1040,13.13,1091.43,5,1319.63
2026-01-07 08:00:00,B,8,7,1,720,10.0,924.95,6,890.86
2026-01-07 08:00:00,C,8,7,1,928,13.63,1072.88,4,1140.36
2026-01-07 08:00:00,D,8,7,1,978,10.0,1051.11,4,1144.66
2026-01-07 09:00:00,A,9,7,1,839,16.9,1057.08,5,1259.49
2026-01-07 09:00:00,B,9,7,1,699,21.59,898.48,6,956.52
2026-01-07 09:00:00,C,9,7,1,1004,18.07,1038.62,4,1053.38
2026-01-07 09:00:00,D,9,7,1,1042,16.88,1130.29,4,1082.98
2026-01-07 10:00:00,A,10,7,0,623,20.67,867.79,5,701.02
2026-01-07 10:00:00,B,10,7,0,424,10.0,526.84,6,502.38
2026-01-07 10:00:00,C,10,7,0,605,10.0,715.51,4,713.86
2026-01-07 10:00:00,D,10,7,0,488,10.0,701.59,4,643.73
2026-01-07 11:00:00,A,11,7,0,627,10.0,727.83,5,668.77
2026-01-07 11:00:00,B,11,7,0,389,10.0,544.88,6,514.49
2026-01-07 11:00:00,C,11,7,0,522,10.0,582.65,4,666.52
2026-01-07 11:00:00,D,11,7,0,623,10.0,572.24,4,562.03
2026-01-07 12:00:00,A,12,7,0,646,10.0,577.5,5,564.96
2026-01-07 12:00:00,B,12,7,0,440,11.26,484.09,6,413.86
2026-01-07 12:00:00,C,12,7,0,440,10.0,611.05,4,554.69
2026-01-07 12:00:00,D,12,7,0,580,23.45,491.76,4,435.4
2026-01-07 13:00:00,A,13,7,0,408,10.0,565.08,5,562.32
2026-01-07 13:00:00,B,13,7,0,384,15.59,461.56,6,373.58
2026-01-07 13:00:00,C,13,7,0,392,10.0,554.81,4,341.55
2026-01-07 13:00:00,D,13,7,0,464,10.0,506.54,4,505.57
2026-01-07 14:00:00,A,14,7,0,419,10.0,570.16,5,465.79
2026-01-07 14:00:00,B,14,7,0,323,10.0,324.69,6,354.4
2026-01-07 14:00:00,C,14,7,0,397,17.53,495.64,4,440.75
2026-01-07 14:00:00,D,14,7,0,422,10.0,420.91,4,411.5
2026-01-07 15:00:00,A,15,7,0,386,10.0,489.73,5,466.71
2026-01-07 15:00:00,B,15,7,0,292,14.12,325.26,6,260.6
2026-01-07 15:00:00,C,15,7,0,300,10.0,405.21,4,410.64
2026-01-07 15:00:00,D,15,7,0,392,10.0,349.05,4,375.27
2026-01-07 16:00:00,A,16,7,1,540,29.81,577.86,5,638.84
2026-01-07 16:00:00,B,16,7,1,322,10.0,396.06,6,521.87
2026-01-07 16:00:00,C,16,7,1,524,10.0,580.59,4,608.03
2026-01-07 16:00:00,D,16,7,1,510,15.93,612.75,4,534.29
2026-01-07 17:00:00,A,17,7,1,572,10.0,612.98,5,632.64
2026-01-07 17:00:00,B,17,7,1,326,17.71,381.23,6,473.6
2026-01-07 17:00:00,C,17,7,1,396,10.0,536.96,4,503.19
2026-01-07 17:00:00,D,17,7,1,362,10.0,550.77,4,496.68
2026-01-07 18:00:00,A,18,7,1,538,10.0,464.39,5,652.44
2026-01-07 18:00:00,B,18,7,1,295,10.0,449.79,6,516.19
2026-01-07 18:00:00,C,18,7,1,403,10.0,455.79,4,511.35
2026-01-07 18:00:00,D,18,7,1,429,10.0,445.59,4,605.53
2026-01-07 19:00:00,A,19,7,1,571,10.0,598.0,5,656.76
2026-01-07 19:00:00,B,19,7,1,309,10.0,399.88,6,476.36
2026-01-07 19:00:00,C,19,7,1,496,10.0,546.5,4,625.17
2026-01-07 19:00:00,D,19,7,1,460,10.0,485.89,4,614.52
2026-01-07 20:00:00,A,20,7,0,318,10.0,404.72,5,366.12
2026-01-07 20:00:00,B,20,7,0,286,10.0,281.64,6,285.47
2026-01-07 20:00:00,C,20,7,0,268,16.24,358.74,4,319.43
2026-01-07 20:00:00,D,20,7,0,269,10.0,362.18,4,373.62
2026-01-07 21:00:00,A,21,7,0,451,19.63,417.88,5,468.88
2026-01-07 21:00:00,B,21,7,0,300,19.82,338.54,6,388.93
2026-01-07 21:00:00,C,21,7,0,358,10.0,384.45,4,345.67
2026-01-07 21:00:00,D,21,7,0,400,10.0,373.24,4,304.29
2026-01-07 22:00:00,A,22,7,0,462,10.85,443.0,5,405.97
2026-01-07 22:00:00,B,22,7,0,370,10.0,372.67,6,378.55
2026-01-07 22:00:00,C,22,7,0,417,10.0,527.82,4,419.99
2026-01-07 22:00:00,D,22,7,0,395,10.0,487.33,4,491.33
2026-01-07 23:00:00,A,23,7,0,475,10.0,629.46,5,499.92
2026-01-07 23:00:00,B,23,7,0,426,10.0,435.27,6,374.5
2026-01-07 23:00:00,C,23,7,0,415,12.56,598.78,4,492.99
2026-01-07 23:00:00,D,23,7,0,372,10.0,440.29,4,511.19
2026-01-08 00:00:00,A,0,1,0,612,10.0,701.44,5,611.97
2026-01-08 00:00:00,B,0,1,0,478,20.53,450.43,6,410.1
2026-01-08 00:00:00,C,0,1,0,565,10.0,495.84,4,534.23
2026-01-08 00:00:00,D,0,1,0,524,10.0,647.8,4,539.2
2026-01-08 01:00:00,A,1,1,0,555,11.87,763.79,5,621.32
2026-01-08 01:00:00,B,1,1,0,411,10.0,489.26,6,436.92
2026-01-08 01:00:00,C,1,1,0,568,12.95,593.65,4,644.11
2026-01-08 01:00:00,D,1,1,0,572,10.0,713.51,4,590.04
2026-01-08 02:00:00,A,2,1,0,782,22.08,762.97,5,734.36
2026-01-08 02:00:00,B,2,1,0,447,10.0,486.74,6,458.05
2026-01-08 02:00:00,C,2,1,0,588,10.0,736.16,4,638.87
2026-01-08 02:00:00,D,2,1,0,529,14.74,724.59,4,621.21
2026-01-08 03:00:00,A,3,1,0,693,10.0,712.67,5,755.88
2026-01-08 03:00:00,B,3,1,0,462,10.0,661.9,6,529.67
2026-01-08 03:00:00,C,3,1,0,695,10.0,803.86,4,700.21
2026-01-08 03:00:00,D,3,1,0,520,10.0,757.38,4,669.91
2026-01-08 04:00:00,A,4,1,0,706,34.58,820.02,5,820.33
2026-01-08 04:00:00,B,4,1,0,494,14.55,652.52,6,648.35
2026-01-08 04:00:00,C,4,1,0,801,24.56,855.43,4,781.35
2026-01-08 04:00:00,D,4,1,0,637,10.0,864.59,4,643.97
2026-01-08 05:00:00,A,5,1,0,839,18.63,1027.89,5,819.9
2026-01-08 05:00:00,B,5,1,0,625,10.0,725.79,6,629.12
2026-01-08 05:00:00,C,5,1,0,733,10.0,893.19,4,760.18
2026-01-08 05:00:00,D,5,1,0,758,10.0,869.51,4,778.0
2026-01-08 06:00:00,A,6,1,0,655,12.05,934.14,5,791.01
2026-01-08 06:00:00,B,6,1,0,587,10.0,706.09,6,584.38
2026-01-08 06:00:00,C,6,1,0,789,10.7,839.6,4,713.74
2026-01-08 06:00:00,D,6,1,0,723,10.0,830.71,4,753.84
2026-01-08 07:00:00,A,7,1,1,1252,10.0,1138.2,5,1364.59
2026-01-08 07:00:00,B,7,1,1,843,10.0,1016.22,6,1010.75
2026-01-08 07:00:00,C,7,1,1,859,10.0,1093.41,4,1134.14
2026-01-08 07:00:00,D,7,1,1,828,10.0,1289.69,4,1159.47
2026-01-08 08:00:00,A,8,1,1,1134,10.0,1341.73,5,1324.34
2026-01-08 08:00:00,B,8,1,1,699,10.0,983.38,6,936.63
2026-01-08 08:00:00,C,8,1,1,990,13.63,1130.73,4,1234.46
2026-01-08 08:00:00,D,8,1,1,1083,15.14,1247.77,4,1147.56
2026-01-08 09:00:00,A,9,1,1,859,19.22,1252.53,5,1260.8
2026-01-08 09:00:00,B,9,1,1,749,22.76,884.53,6,939.06
2026-01-08 09:00:00,C,9,1,1,871,21.52,1242.55,4,1114.21
2026-01-08 09:00:00,D,9,1,1,811,10.0,977.01,4,1096.27
2026-01-08 10:00:00,A,10,1,0,639,24.57,880.55,5,623.8
2026-01-08 10:00:00,B,10,1,0,541,18.96,519.82,6,533.56
2026-01-08 10:00:00,C,10,1,0,662,16.8,594.98,4,675.28
2026-01-08 10:00:00,D,10,1,0,498,10.0,721.22,4,643.88
2026-01-08 11:00:00,A,11,1,0,507,13.62,728.28,5,625.53
2026-01-08 11:00:00,B,11,1,0,391,10.0,568.01,6,506.16
2026-01-08 11:00:00,C,11,1,0,467,14.34,713.76,4,626.78
2026-01-08 11:00:00,D,11,1,0,490,10.0,688.13,4,589.76
2026-01-08 12:00:00,A,12,1,0,513,10.0,718.08,5,650.05
2026-01-08 12:00:00,B,12,1,0,405,10.0,517.2,6,442.8
2026-01-08 12:00:00,C,12,1,0,566,10.0,518.12,4,535.64
2026-01-08 12:00:00,D,12,1,0,572,14.0,621.52,4,535.75
2026-01-08 13:00:00,A,13,1,0,453,10.0,637.83,5,509.82
2026-01-08 13:00:00,B,13,1,0,367,10.0,452.63,6,459.35
2026-01-08 13:00:00,C,13,1,0,415,10.0,476.84,4,557.61
2026-01-08 13:00:00,D,13,1,0,359,10.0,532.61,4,462.11
2026-01-08 14:00:00,A,14,1,0,460,10.0,517.47,5,488.14
2026-01-08 14:00:00,B,14,1,0,373,10.0,371.72,6,301.22
2026-01-08 14:00:00,C,14,1,0,393,16.12,432.11,4,418.16
2026-01-08 14:00:00,D,14,1,0,454,23.35,480.99,4,448.69
2026-01-08 15:00:00,A,15,1,0,386,10.0,531.72,5,522.16
2026-01-08 15:00:00,B,15,1,0,236,15.77,374.81,6,253.96
2026-01-08 15:00:00,C,15,1,0,351,10.0,408.21,4,259.49
2026-01-08 15:00:00,D,15,1,0,391,10.0,450.91,4,465.17
2026-01-08 16:00:00,A,16,1,1,423,10.0,585.09,5,687.98
2026-01-08 16:00:00,B,16,1,1,428,31.63,493.89,6,514.67
2026-01-08 16:00:00,C,16,1,1,446,10.0,605.56,4,601.97
2026-01-08 16:00:00,D,16,1,1,505,10.0,552.79,4,640.53
2026-01-08 17:00:00,A,17,1,1,485,13.93,643.98,5,658.1
2026-01-08 17:00:00,B,17,1,1,348,10.0,422.19,6,517.06
2026-01-08 17:00:00,C,17,1,1,363,10.0,454.19,4,612.8
2026-01-08 17:00:00,D,17,1,1,398,10.0,541.4,4,539.21
2026-01-08 18:00:00,A,18,1,1,390,23.07,587.85,5,520.96
2026-01-08 18:00:00,B,18,1,1,340,10.0,420.65,6,428.13
2026-01-08 18:00:00,C,18,1,1,463,10.0,562.04,4,546.05
2026-01-08 18:00:00,D,18,1,1,393,10.0,560.6,4,551.1
2026-01-08 19:00:00,A,19,1,1,549,10.0,485.36,5,598.5
2026-01-08 19:00:00,B,19,1,1,323,10.83,370.05,6,430.89
2026-01-08 19:00:00,C,19,1,1,496,10.0,564.96,4,596.82
2026-01-08 19:00:00,D,19,1,1,497,10.0,474.26,4,544.78
2026-01-08 20:00:00,A,20,1,0,303,10.75,488.17,5,466.0
2026-01-08 20:00:00,B,20,1,0,308,10.0,284.6,6,285.64
2026-01-08 20:00:00,C,20,1,0,288,10.0,325.13,4,291.44
2026-01-08 20:00:00,D,20,1,0,348,10.0,430.35,4,270.7
2026-01-08 21:00:00,A,21,1,0,357,10.0,510.58,5,446.75
2026-01-08 21:00:00,B,21,1,0,294,10.0,314.67,6,333.21
2026-01-08 21:00:00,C,21,1,0,365,17.48,384.25,4,401.93
2026-01-08 21:00:00,D,21,1,0,349,10.0,373.28,4,473.11
2026-01-08 22:00:00,A,22,1,0,404,10.0,481.02,5,477.46
2026-01-08 22:00:00,B,22,1,0,344,10.0,406.25,6,317.39
2026-01-08 22:00:00,C,22,1,0,415,10.0,434.21,4,328.73
2026-01-08 22:00:00,D,22,1,0,415,10.0,500.98,4,410.93
2026-01-08 23:00:00,A,23,1,0,403,10.0,625.41,5,493.61
2026-01-08 23:00:00,B,23,1,0,341,10.0,432.08,6,376.19
2026-01-08 23:00:00,C,23,1,0,467,10.0,444.54,4,523.67
2026-01-08 23:00:00,D,23,1,0,507,10.0,466.48,4,495.27
2026-01-09 00:00:00,A,0,2,0,539,31.8,629.11,5,581.99
2026-01-09 00:00:00,B,0,2,0,491,13.1,461.26,6,476.02
2026-01-09 00:00:00,C,0,2,0,523,10.0,614.11,4,570.04
2026-01-09 00:00:00,D,0,2,0,585,10.0,524.44,4,537.84
2026-01-09 01:00:00,A,1,2,0,572,10.0,769.94,5,734.7
2026-01-09 01:00:00,B,1,2,0,470,10.0,523.65,6,480.34
2026-01-09 01:00:00,C,1,2,0,644,10.0,741.6,4,634.98
2026-01-09 01:00:00,D,1,2,0,584,10.0,753.68,4,627.34
2026-01-09 02:00:00,A,2,2,0,787,10.96,768.67,5,839.38
2026-01-09 02:00:00,B,2,2,0,571,33.45,573.16,6,665.32
2026-01-09 02:00:00,C,2,2,0,558,10.23,704.95,4,716.56
2026-01-09 02:00:00,D,2,2,0,535,10.0,689.28,4,657.59
2026-01-09 03:00:00,A,3,2,0,861,12.11,885.12,5,794.84
2026-01-09 03:00:00,B,3,2,0,643,10.0,697.16,6,583.49
2026-01-09 03:00:00,C,3,2,0,724,10.0,895.0,4,696.71
2026-01-09 03:00:00,D,3,2,0,728,15.28,747.6,4,727.21
2026-01-09 04:00:00,A,4,2,0,664,10.0,944.34,5,837.5
2026-01-09 04:00:00,B,4,2,0,668,10.0,647.61,6,623.3
2026-01-09 04:00:00,C,4,2,0,752,18.52,854.56,4,745.99
2026-01-09 04:00:00,D,4,2,0,592,15.3,857.98,4,742.61
2026-01-09 05:00:00,A,5,2,0,727,10.0,855.01,5,834.24
2026-01-09 05:00:00,B,5,2,0,552,10.0,666.79,6,667.79
2026-01-09 05:00:00,C,5,2,0,837,10.57,967.82,4,743.76
2026-01-09 05:00:00,D,5,2,0,675,12.03,749.31,4,772.87
2026-01-09 06:00:00,A,6,2,0,848,10.0,1059.56,5,819.0
2026-01-09 06:00:00,B,6,2,0,605,10.0,685.18,6,677.16
2026-01-09 06:00:00,C,6,2,0,631,10.0,889.56,4,779.06
2026-01-09 06:00:00,D,6,2,0,683,11.22,873.79,4,788.2
2026-01-09 07:00:00,A,7,2,1,1227,14.32,1475.41,5,1287.69
2026-01-09 07:00:00,B,7,2,1,828,12.46,995.09,6,993.23
2026-01-09 07:00:00,C,7,2,1,934,10.19,1168.22,4,1219.19
2026-01-09 07:00:00,D,7,2,1,909,10.0,1322.64,4,1238.25
2026-01-09 08:00:00,A,8,2,1,1020,19.88,1175.09,5,1429.61
2026-01-09 08:00:00,B,8,2,1,816,24.22,866.89,6,911.79
2026-01-09 08:00:00,C,8,2,1,838,10.0,969.76,4,1245.11
2026-01-09 08:00:00,D,8,2,1,980,10.0,1268.88,4,1147.2
2026-01-09 09:00:00,A,9,2,1,1231,10.0,1058.29,5,1190.93
2026-01-09 09:00:00,B,9,2,1,780,15.8,770.23,6,943.21
2026-01-09 09:00:00,C,9,2,1,892,10.0,1049.78,4,1182.36
2026-01-09 09:00:00,D,9,2,1,815,22.78,1067.65,4,1103.35
2026-01-09 10:00:00,A,10,2,0,581,10.0,929.22,5,813.97
2026-01-09 10:00:00,B,10,2,0,471,10.0,675.21,6,472.0
2026-01-09 10:00:00,C,10,2,0,609,14.64,612.85,4,729.07
2026-01-09 10:00:00,D,10,2,0,666,10.0,681.42,4,619.3
2026-01-09 11:00:00,A,11,2,0,675,21.49,642.22,5,670.4
2026-01-09 11:00:00,B,11,2,0,519,10.0,570.61,6,509.12
2026-01-09 11:00:00,C,11,2,0,513,10.0,633.16,4,651.77
2026-01-09 11:00:00,D,11,2,0,591,31.44,672.23,4,570.55
2026-01-09 12:00:00,A,12,2,0,621,15.07,737.07,5,611.73
2026-01-09 12:00:00,B,12,2,0,499,11.55,445.65,6,463.62
2026-01-09 12:00:00,C,12,2,0,500,10.0,633.64,4,602.46
2026-01-09 12:00:00,D,12,2,0,564,10.0,541.03,4,516.86
2026-01-09 13:00:00,A,13,2,0,461,14.02,607.14,5,524.0
2026-01-09 13:00:00,B,13,2,0,406,12.19,451.29,6,411.43
2026-01-09 13:00:00,C,13,2,0,427,10.0,490.46,4,465.33
2026-01-09 13:00:00,D,13,2,0,377,10.0,481.44,4,476.01
2026-01-09 14:00:00,A,14,2,0,528,22.18,510.7,5,445.18
2026-01-09 14:00:00,B,14,2,0,298,16.13,412.44,6,417.92
2026-01-09 14:00:00,C,14,2,0,372,10.0,523.44,4,515.89
2026-01-09 14:00:00,D,14,2,0,370,10.0,547.55,4,437.17
2026-01-09 15:00:00,A,15,2,0,412,10.02,419.07,5,439.13
2026-01-09 15:00:00,B,15,2,0,336,10.0,392.76,6,273.67
2026-01-09 15:00:00,C,15,2,0,430,10.0,465.66,4,440.28
2026-01-09 15:00:00,D,15,2,0,388,10.0,403.91,4,427.77
2026-01-09 16:00:00,A,16,2,1,508,15.26,694.33,5,678.46
2026-01-09 16:00:00,B,16,2,1,452,10.0,505.77,6,477.31
2026-01-09 16:00:00,C,16,2,1,452,10.0,503.77,4,621.01
2026-01-09 16:00:00,D,16,2,1,538,10.0,602.16,4,559.44
2026-01-09 17:00:00,A,17,2,1,485,10.0,538.97,5,617.48
2026-01-09 17:00:00,B,17,2,1,334,28.09,475.35,6,510.22
2026-01-09 17:00:00,C,17,2,1,372,12.51,510.19,4,631.95
2026-01-09 17:00:00,D,17,2,1,420,10.0,502.77,4,608.28
2026-01-09 18:00:00,A,18,2,1,442,10.0,613.79,5,654.47
2026-01-09 18:00:00,B,18,2,1,316,19.13,383.8,6,499.8
2026-01-09 18:00:00,C,18,2,1,499,10.0,598.64,4,622.74
2026-01-09 18:00:00,D,18,2,1,445,10.0,449.45,4,574.36
2026-01-09 19:00:00,A,19,2,1,456,10.0,509.45,5,643.35
2026-01-09 19:00:00,B,19,2,1,338,10.0,391.79,6,524.5
2026-01-09 19:00:00,C,19,2,1,500,10.0,450.25,4,476.81
2026-01-09 19:00:00,D,19,2,1,415,10.0,485.5,4,631.06
2026-01-09 20:00:00,A,20,2,0,362,10.0,450.0,5,345.56
2026-01-09 20:00:00,B,20,2,0,300,10.0,363.31,6,277.04
2026-01-09 20:00:00,C,20,2,0,322,10.0,429.53,4,316.51
2026-01-09 20:00:00,D,20,2,0,343,10.0,398.71,4,378.53
2026-01-09 21:00:00,A,21,2,0,438,10.0,472.43,5,441.37
2026-01-09 21:00:00,B,21,2,0,249,10.0,297.03,6,297.34
2026-01-09 21:00:00,C,21,2,0,425,11.47,422.69,4,438.45
2026-01-09 21:00:00,D,21,2,0,396,10.0,469.86,4,344.94
2026-01-09 22:00:00,A,22,2,0,511,10.0,477.8,5,495.67
2026-01-09 22:00:00,B,22,2,0,397,10.0,344.15,6,390.53
2026-01-09 22:00:00,C,22,2,0,342,10.0,407.44,4,471.25
2026-01-09 22:00:00,D,22,2,0,389,10.0,432.08,4,532.27
2026-01-09 23:00:00,A,23,2,0,595,10.0,628.15,5,531.91
2026-01-09 23:00:00,B,23,2,0,322,18.67,401.93,6,401.16
2026-01-09 23:00:00,C,23,2,0,541,10.0,616.86,4,433.57
2026-01-09 23:00:00,D,23,2,0,494,16.23,447.62,4,465.35
2026-01-10 00:00:00,A,0,3,0,615,10.0,721.57,5,660.1
2026-01-10 00:00:00,B,0,3,0,485,10.0,559.81,6,416.5
2026-01-10 00:00:00,C,0,3,0,533,10.0,574.41,4,543.08
2026-01-10 00:00:00,D,0,3,0,485,10.0,608.06,4,581.96
2026-01-10 01:00:00,A,1,3,0,708,10.0,833.06,5,664.97
2026-01-10 01:00:00,B,1,3,0,537,10.0,554.41,6,525.02
2026-01-10 01:00:00,C,1,3,0,504,14.26,738.53,4,619.61
2026-01-10 01:00:00,D,1,3,0,590,10.0,713.73,4,611.85
2026-01-10 02:00:00,A,2,3,0,613,10.0,809.55,5,774.6
2026-01-10 02:00:00,B,2,3,0,502,10.67,657.39,6,421.45
2026-01-10 02:00:00,C,2,3,0,638,10.0,652.64,4,592.93
2026-01-10 02:00:00,D,2,3,0,706,10.0,630.52,4,608.09
2026-01-10 03:00:00,A,3,3,0,826,11.1,827.65,5,806.27
2026-01-10 03:00:00,B,3,3,0,457,10.0,695.63,6,571.78
2026-01-10 03:00:00,C,3,3,0,615,14.79,835.06,4,743.36
2026-01-10 03:00:00,D,3,3,0,683,10.0,806.26,4,715.41
2026-01-10 04:00:00,A,4,3,0,864,10.0,981.61,5,886.88
2026-01-10 04:00:00,B,4,3,0,558,19.39,719.86,6,612.46
2026-01-10 04:00:00,C,4,3,0,609,29.4,792.44,4,726.07
2026-01-10 04:00:00,D,4,3,0,705,10.0,695.39,4,802.03
2026-01-10 05:00:00,A,5,3,0,772,10.0,964.38,5,802.9
2026-01-10 05:00:00,B,5,3,0,644,10.0,734.4,6,608.29
2026-01-10 05:00:00,C,5,3,0,613,10.0,859.56,4,766.43
2026-01-10 05:00:00,D,5,3,0,585,10.0,933.63,4,765.49
2026-01-10 06:00:00,A,6,3,0,820,10.0,1019.4,5,861.37
2026-01-10 06:00:00,B,6,3,0,511,31.07,779.04,6,677.09
2026-01-10 06:00:00,C,6,3,0,662,10.0,927.53,4,756.55
2026-01-10 06:00:00,D,6,3,0,685,10.0,951.52,4,829.81
2026-01-10 07:00:00,A,7,3,1,993,10.0,1181.18,5,1314.16
2026-01-10 07:00:00,B,7,3,1,805,10.0,850.77,6,984.5
2026-01-10 07:00:00,C,7,3,1,1000,10.0,1049.21,4,1221.59
2026-01-10 07:00:00,D,7,3,1,861,10.0,1327.53,4,1141.04
2026-01-10 08:00:00,A,8,3,1,1173,10.0,1340.89,5,1340.31
2026-01-10 08:00:00,B,8,3,1,754,19.95,982.71,6,1020.68
2026-01-10 08:00:00,C,8,3,1,1070,10.0,1020.32,4,1224.03
2026-01-10 08:00:00,D,8,3,1,818,17.12,953.75,4,1178.05
2026-01-10 09:00:00,A,9,3,1,879,10.0,1322.41,5,1259.22
2026-01-10 09:00:00,B,9,3,1,849,10.0,771.38,6,972.28
2026-01-10 09:00:00,C,9,3,1,891,10.0,1019.93,4,1118.02
2026-01-10 09:00:00,D,9,3,1,1036,10.0,1103.09,4,1094.05
2026-01-10 10:00:00,A,10,3,0,812,15.45,928.33,5,691.7
2026-01-10 10:00:00,B,10,3,0,583,10.0,587.0,6,547.69
2026-01-10 10:00:00,C,10,3,0,579,10.0,689.14,4,654.53
2026-01-10 10:00:00,D,10,3,0,589,21.96,626.07,4,695.45
2026-01-10 11:00:00,A,11,3,0,661,24.56,698.55,5,684.64
2026-01-10 11:00:00,B,11,3,0,512,13.93,617.42,6,542.48
2026-01-10 11:00:00,C,11,3,0,683,10.0,724.5,4,591.89
2026-01-10 11:00:00,D,11,3,0,653,10.0,743.56,4,706.98
2026-01-10 12:00:00,A,12,3,0,669,18.11,610.52,5,574.48
2026-01-10 12:00:00,B,12,3,0,470,21.71,561.41,6,432.71
2026-01-10 12:00:00,C,12,3,0,483,10.48,644.15,4,547.43
2026-01-10 12:00:00,D,12,3,0,545,10.0,556.11,4,619.83
2026-01-10 13:00:00,A,13,3,0,420,15.78,635.95,5,547.11
2026-01-10 13:00:00,B,13,3,0,415,10.0,396.87,6,378.52
2026-01-10 13:00:00,C,13,3,0,525,10.0,580.03,4,547.02
2026-01-10 13:00:00,D,13,3,0,453,13.31,448.42,4,578.26
2026-01-10 14:00:00,A,14,3,0,537,13.79,605.31,5,512.42
2026-01-10 14:00:00,B,14,3,0,381,13.03,412.89,6,383.67
2026-01-10 14:00:00,C,14,3,0,412,10.0,444.07,4,482.69
2026-01-10 14:00:00,D,14,3,0,413,14.51,452.52,4,435.67
2026-01-10 15:00:00,A,15,3,0,452,10.0,410.29,5,443.94
2026-01-10 15:00:00,B,15,3,0,275,10.0,351.1,6,165.89
2026-01-10 15:00:00,C,15,3,0,382,17.33,381.91,4,467.86
2026-01-10 15:00:00,D,15,3,0,422,10.0,408.81,4,378.7
2026-01-10 16:00:00,A,16,3,1,549,10.0,614.61,5,650.07
2026-01-10 16:00:00,B,16,3,1,402,10.0,480.61,6,476.33
2026-01-10 16:00:00,C,16,3,1,398,10.0,551.87,4,666.01
2026-01-10 16:00:00,D,16,3,1,485,10.69,527.6,4,641.61
2026-01-10 17:00:00,A,17,3,1,551,10.0,662.9,5,713.3
2026-01-10 17:00:00,B,17,3,1,328,15.92,402.94,6,488.15
2026-01-10 17:00:00,C,17,3,1,516,11.84,499.96,4,575.35
2026-01-10 17:00:00,D,17,3,1,454,11.99,592.3,4,535.76
2026-01-10 18:00:00,A,18,3,1,499,16.07,653.09,5,617.83
2026-01-10 18:00:00,B,18,3,1,324,10.0,386.91,6,450.09
2026-01-10 18:00:00,C,18,3,1,515,10.0,553.62,4,511.27
2026-01-10 18:00:00,D,18,3,1,382,10.41,479.49,4,569.24
2026-01-10 19:00:00,A,19,3,1,460,13.62,658.37,5,567.21
2026-01-10 19:00:00,B,19,3,1,343,10.0,489.79,6,495.45
2026-01-10 19:00:00,C,19,3,1,494,10.0,511.22,4,555.76
2026-01-10 19:00:00,D,19,3,1,414,11.39,508.85,4,536.59
2026-01-10 20:00:00,A,20,3,0,314,10.0,438.16,5,343.27
2026-01-10 20:00:00,B,20,3,0,318,10.0,304.62,6,294.38
2026-01-10 20:00:00,C,20,3,0,391,10.0,347.67,4,331.91
2026-01-10 20:00:00,D,20,3,0,275,10.0,363.97,4,408.09
2026-01-10 21:00:00,A,21,3,0,381,11.55,512.88,5,444.01
2026-01-10 21:00:00,B,21,3,0,331,14.43,393.39,6,331.1
2026-01-10 21:00:00,C,21,3,0,356,10.0,417.91,4,429.17
2026-01-10 21:00:00,D,21,3,0,415,13.55,361.21,4,334.27
2026-01-10 22:00:00,A,22,3,0,494,10.0,598.97,5,457.05
2026-01-10 22:00:00,B,22,3,0,395,10.0,445.73,6,355.08
2026-01-10 22:00:00,C,22,3,0,373,10.0,450.26,4,447.75
2026-01-10 22:00:00,D,22,3,0,431,10.0,493.89,4,463.22
2026-01-10 23:00:00,A,23,3,0,604,24.51,527.69,5,547.23
2026-01-10 23:00:00,B,23,3,0,336,10.0,430.55,6,407.6
2026-01-10 23:00:00,C,23,3,0,426,29.93,506.6,4,482.9
2026-01-10 23:00:00,D,23,3,0,440,10.0,477.14,4,487.87
2026-01-11 00:00:00,A,0,4,0,667,10.0,583.38,5,642.94
2026-01-11 00:00:00,B,0,4,0,378,10.0,482.25,6,431.15
2026-01-11 00:00:00,C,0,4,0,597,10.35,550.69,4,578.02
2026-01-11 00:00:00,D,0,4,0,540,10.0,524.54,4,571.44
2026-01-11 01:00:00,A,1,4,0,690,10.0,742.51,5,689.75
2026-01-11 01:00:00,B,1,4,0,436,10.0,548.49,6,565.52
2026-01-11 01:00:00,C,1,4,0,662,16.94,659.53,4,685.28
2026-01-11 01:00:00,D,1,4,0,605,10.0,719.07,4,565.83
2026-01-11 02:00:00,A,2,4,0,578,10.0,705.17,5,720.79
2026-01-11 02:00:00,B,2,4,0,487,10.0,532.41,6,595.19
2026-01-11 02:00:00,C,2,4,0,724,18.25,633.27,4,709.54
2026-01-11 02:00:00,D,2,4,0,675,10.0,811.61,4,677.13
2026-01-11 03:00:00,A,3,4,0,820,10.0,857.6,5,828.88
2026-01-11 03:00:00,B,3,4,0,548,11.87,605.96,6,594.24
2026-01-11 03:00:00,C,3,4,0,650,18.95,661.43,4,731.3
2026-01-11 03:00:00,D,3,4,0,710,10.0,694.12,4,691.56
2026-01-11 04:00:00,A,4,4,0,900,10.0,811.42,5,796.4
2026-01-11 04:00:00,B,4,4,0,492,10.0,700.06,6,591.83
2026-01-11 04:00:00,C,4,4,0,628,10.0,694.48,4,776.94
2026-01-11 04:00:00,D,4,4,0,789,10.0,670.89,4,762.97
2026-01-11 05:00:00,A,5,4,0,723,17.08,889.71,5,883.78
2026-01-11 05:00:00,B,5,4,0,681,10.0,625.91,6,655.55
2026-01-11 05:00:00,C,5,4,0,806,10.0,705.25,4,707.48
2026-01-11 05:00:00,D,5,4,0,688,13.15,888.64,4,772.61
2026-01-11 06:00:00,A,6,4,0,684,25.01,884.09,5,911.47
2026-01-11 06:00:00,B,6,4,0,603,10.0,776.48,6,627.04
2026-01-11 06:00:00,C,6,4,0,662,10.0,747.33,4,780.5
2026-01-11 06:00:00,D,6,4,0,780,10.0,849.16,4,746.5
2026-01-11 07:00:00,A,7,4,1,1026,18.35,1193.28,5,1351.66
2026-01-11 07:00:00,B,7,4,1,787,10.0,930.43,6,957.52
2026-01-11 07:00:00,C,7,4,1,946,10.0,1172.98,4,1227.84
2026-01-11 07:00:00,D,7,4,1,1071,10.0,1279.19,4,1175.6
2026-01-11 08:00:00,A,8,4,1,1004,10.0,1355.53,5,1398.74
2026-01-11 08:00:00,B,8,4,1,946,10.0,1007.29,6,992.29
2026-01-11 08:00:00,C,8,4,1,994,10.0,1318.25,4,1194.45
2026-01-11 08:00:00,D,8,4,1,1005,12.18,1249.36,4,1147.87
2026-01-11 09:00:00,A,9,4,1,1030,10.0,1396.9,5,1214.66
2026-01-11 09:00:00,B,9,4,1,737,33.18,843.4,6,972.26
2026-01-11 09:00:00,C,9,4,1,794,10.0,976.26,4,1109.71
2026-01-11 09:00:00,D,9,4,1,801,16.05,1017.9,4,1142.5
2026-01-11 10:00:00,A,10,4,0,612,10.0,855.06,5,683.59
2026-01-11 10:00:00,B,10,4,0,433,10.0,519.1,6,519.63
2026-01-11 10:00:00,C,10,4,0,582,10.0,785.34,4,639.08
2026-01-11 10:00:00,D,10,4,0,644,10.0,768.27,4,711.59
2026-01-11 11:00:00,A,11,4,0,690,10.0,718.34,5,704.22
2026-01-11 11:00:00,B,11,4,0,473,12.7,586.75,6,458.68
2026-01-11 11:00:00,C,11,4,0,613,10.0,655.58,4,603.14
2026-01-11 11:00:00,D,11,4,0,635,18.17,683.86,4,651.03
2026-01-11 12:00:00,A,12,4,0,559,20.84,757.93,5,583.42
2026-01-11 12:00:00,B,12,4,0,389,10.0,433.56,6,427.69
2026-01-11 12:00:00,C,12,4,0,541,10.0,580.97,4,537.6
2026-01-11 12:00:00,D,12,4,0,414,11.4,652.16,4,521.88
2026-01-11 13:00:00,A,13,4,0,464,10.0,547.45,5,528.25
2026-01-11 13:00:00,B,13,4,0,449,10.0,432.82,6,379.23
2026-01-11 13:00:00,C,13,4,0,387,15.81,502.08,4,588.99
2026-01-11 13:00:00,D,13,4,0,418,10.0,547.41,4,541.06
2026-01-11 14:00:00,A,14,4,0,548,22.25,452.29,5,540.1
2026-01-11 14:00:00,B,14,4,0,347,10.0,391.89,6,345.54
2026-01-11 14:00:00,C,14,4,0,362,18.64,408.52,4,478.89
2026-01-11 14:00:00,D,14,4,0,427,13.58,432.71,4,439.4
2026-01-11 15:00:00,A,15,4,0,391,10.0,507.85,5,433.21
2026-01-11 15:00:00,B,15,4,0,328,14.86,371.32,6,313.28
2026-01-11 15:00:00,C,15,4,0,418,10.0,477.58,4,378.43
2026-01-11 15:00:00,D,15,4,0,332,10.0,489.54,4,445.43
2026-01-11 16:00:00,A,16,4,1,503,16.67,546.69,5,656.84
2026-01-11 16:00:00,B,16,4,1,457,10.0,383.04,6,576.38
2026-01-11 16:00:00,C,16,4,1,446,29.16,504.34,4,648.23
2026-01-11 16:00:00,D,16,4,1,392,15.42,515.66,4,662.22
2026-01-11 17:00:00,A,17,4,1,464,13.72,597.59,5,582.51
2026-01-11 17:00:00,B,17,4,1,320,10.0,359.32,6,493.26
2026-01-11 17:00:00,C,17,4,1,502,10.0,556.24,4,556.89
2026-01-11 17:00:00,D,17,4,1,376,10.0,521.1,4,644.57
2026-01-11 18:00:00,A,18,4,1,581,10.0,633.51,5,675.4
2026-01-11 18:00:00,B,18,4,1,359,20.68,350.58,6,471.58
2026-01-11 18:00:00,C,18,4,1,522,20.33,549.79,4,635.58
2026-01-11 18:00:00,D,18,4,1,450,10.0,484.63,4,585.34
2026-01-11 19:00:00,A,19,4,1,513,10.0,630.8,5,647.95
2026-01-11 19:00:00,B,19,4,1,417,35.41,394.93,6,509.95
2026-01-11 19:00:00,C,19,4,1,448,10.0,475.0,4,531.42
2026-01-11 19:00:00,D,19,4,1,446,10.0,433.62,4,550.53
2026-01-11 20:00:00,A,20,4,0,439,10.0,438.76,5,422.86
2026-01-11 20:00:00,B,20,4,0,265,10.0,285.22,6,334.7
2026-01-11 20:00:00,C,20,4,0,345,10.0,438.82,4,393.07
2026-01-11 20:00:00,D,20,4,0,295,22.75,357.04,4,380.17
2026-01-11 21:00:00,A,21,4,0,422,14.26,464.38,5,418.49
2026-01-11 21:00:00,B,21,4,0,340,13.78,314.12,6,345.72
2026-01-11 21:00:00,C,21,4,0,388,10.0,470.42,4,459.8
2026-01-11 21:00:00,D,21,4,0,310,10.65,459.28,4,358.75
2026-01-11 22:00:00,A,22,4,0,404,10.0,518.81,5,565.81
2026-01-11 22:00:00,B,22,4,0,339,10.0,336.39,6,323.45
2026-01-11 22:00:00,C,22,4,0,398,13.43,434.15,4,434.27
2026-01-11 22:00:00,D,22,4,0,337,23.77,491.36,4,470.31
2026-01-11 23:00:00,A,23,4,0,497,10.0,601.7,5,578.31
2026-01-11 23:00:00,B,23,4,0,314,10.0,480.18,6,492.59
2026-01-11 23:00:00,C,23,4,0,449,10.0,600.66,4,496.09
2026-01-11 23:00:00,D,23,4,0,449,10.0,558.27,4,456.7
2026-01-12 00:00:00,A,0,5,0,662,10.0,582.14,5,598.12
2026-01-12 00:00:00,B,0,5,0,370,10.0,542.14,6,442.45
2026-01-12 00:00:00,C,0,5,0,575,10.0,526.28,4,583.87
2026-01-12 00:00:00,D,0,5,0,475,10.0,662.16,4,520.73
2026-01-12 01:00:00,A,1,5,0,595,10.0,761.43,5,686.7
2026-01-12 01:00:00,B,1,5,0,473,10.0,534.32,6,519.39
2026-01-12 01:00:00,C,1,5,0,498,10.0,641.84,4,641.61
2026-01-12 01:00:00,D,1,5,0,462,10.0,588.91,4,520.94
2026-01-12 02:00:00,A,2,5,0,709,10.0,778.86,5,782.36
2026-01-12 02:00:00,B,2,5,0,479,10.0,619.61,6,538.98
2026-01-12 02:00:00,C,2,5,0,725,10.0,777.4,4,605.75
2026-01-12 02:00:00,D,2,5,0,652,10.0,633.48,4,706.75
2026-01-12 03:00:00,A,3,5,0,692,24.43,802.87,5,757.54
2026-01-12 03:00:00,B,3,5,0,497,10.0,575.37,6,591.47
2026-01-12 03:00:00,C,3,5,0,645,10.0,747.66,4,768.73
2026-01-12 03:00:00,D,3,5,0,578,10.0,864.25,4,653.69
2026-01-12 04:00:00,A,4,5,0,732,10.0,994.84,5,876.85
2026-01-12 04:00:00,B,4,5,0,545,10.0,696.51,6,611.52
2026-01-12 04:00:00,C,4,5,0,635,10.0,698.79,4,767.74
2026-01-12 04:00:00,D,4,5,0,561,14.09,882.62,4,718.33
2026-01-12 05:00:00,A,5,5,0,943,27.38,892.58,5,878.84
2026-01-12 05:00:00,B,5,5,0,568,29.71,608.22,6,613.67
2026-01-12 05:00:00,C,5,5,0,651,12.48,896.36,4,663.94
2026-01-12 05:00:00,D,5,5,0,707,27.79,738.53,4,781.19
2026-01-12 06:00:00,A,6,5,0,945,10.0,1028.08,5,811.36
2026-01-12 06:00:00,B,6,5,0,558,10.0,782.8,6,614.86
2026-01-12 06:00:00,C,6,5,0,776,17.98,937.99,4,863.31
2026-01-12 06:00:00,D,6,5,0,668,10.0,798.51,4,808.32
2026-01-12 07:00:00,A,7,5,1,936,10.0,1300.25,5,1240.84
2026-01-12 07:00:00,B,7,5,1,707,12.84,886.17,6,1037.08
2026-01-12 07:00:00,C,7,5,1,937,10.0,1177.24,4,1150.49
2026-01-12 07:00:00,D,7,5,1,864,10.0,1080.97,4,1211.83
2026-01-12 08:00:00,A,8,5,1,998,10.0,1125.63,5,1292.82
2026-01-12 08:00:00,B,8,5,1,947,24.73,888.06,6,995.16
2026-01-12 08:00:00,C,8,5,1,1142,32.42,1018.14,4,1128.73
2026-01-12 08:00:00,D,8,5,1,910,10.0,1057.46,4,1190.6
2026-01-12 09:00:00,A,9,5,1,1213,22.42,1224.23,5,1269.69
2026-01-12 09:00:00,B,9,5,1,725,33.9,810.48,6,1006.64
2026-01-12 09:00:00,C,9,5,1,1044,22.7,1203.31,4,1104.22
2026-01-12 09:00:00,D,9,5,1,911,10.0,913.53,4,1168.38
2026-01-12 10:00:00,A,10,5,0,588,10.0,693.04,5,789.53
2026-01-12 10:00:00,B,10,5,0,476,10.0,504.11,6,474.52
2026-01-12 10:00:00,C,10,5,0,619,21.47,842.32,4,706.3
2026-01-12 10:00:00,D,10,5,0,642,10.0,710.08,4,572.36
2026-01-12 11:00:00,A,11,5,0,749,28.48,699.17,5,728.71
2026-01-12 11:00:00,B,11,5,0,439,12.85,584.26,6,546.19
2026-01-12 11:00:00,C,11,5,0,535,10.0,704.55,4,690.38
2026-01-12 11:00:00,D,11,5,0,624,10.0,562.24,4,576.53
2026-01-12 12:00:00,A,12,5,0,473,10.0,698.13,5,596.81
2026-01-12 12:00:00,B,12,5,0,479,10.0,437.39,6,492.96
2026-01-12 12:00:00,C,12,5,0,436,10.0,583.68,4,499.67
2026-01-12 12:00:00,D,12,5,0,604,17.04,616.78,4,537.22
2026-01-12 13:00:00,A,13,5,0,601,10.0,687.15,5,634.45
2026-01-12 13:00:00,B,13,5,0,436,14.41,443.12,6,376.36
2026-01-12 13:00:00,C,13,5,0,497,10.0,555.1,4,515.79
2026-01-12 13:00:00,D,13,5,0,464,10.0,514.58,4,534.61
2026-01-12 14:00:00,A,14,5,0,518,15.72,560.76,5,495.0
2026-01-12 14:00:00,B,14,5,0,290,10.0,338.27,6,362.41
2026-01-12 14:00:00,C,14,5,0,400,10.0,417.3,4,473.72
2026-01-12 14:00:00,D,14,5,0,409,10.0,496.22,4,465.27
2026-01-12 15:00:00,A,15,5,0,340,10.0,477.5,5,415.57
2026-01-12 15:00:00,B,15,5,0,322,10.0,336.66,6,301.74
2026-01-12 15:00:00,C,15,5,0,410,19.75,403.2,4,423.84
2026-01-12 15:00:00,D,15,5,0,352,10.0,432.28,4,418.04
2026-01-12 16:00:00,A,16,5,1,618,10.85,524.9,5,701.07
2026-01-12 16:00:00,B,16,5,1,458,10.0,389.31,6,573.12
2026-01-12 16:00:00,C,16,5,1,416,15.37,606.25,4,598.11
2026-01-12 16:00:00,D,16,5,1,413,10.0,585.43,4,602.26
2026-01-12 17:00:00,A,17,5,1,541,11.93,500.03,5,632.46
2026-01-12 17:00:00,B,17,5,1,403,10.0,450.44,6,547.22
2026-01-12 17:00:00,C,17,5,1,385,10.0,596.99,4,638.85
2026-01-12 17:00:00,D,17,5,1,422,10.0,519.89,4,680.02
2026-01-12 18:00:00,A,18,5,1,420,10.0,515.17,5,613.93
2026-01-12 18:00:00,B,18,5,1,396,10.0,469.67,6,517.92
2026-01-12 18:00:00,C,18,5,1,515,31.09,469.16,4,576.69
2026-01-12 18:00:00,D,18,5,1,419,10.0,462.14,4,559.08
2026-01-12 19:00:00,A,19,5,1,506,10.0,523.57,5,646.28
2026-01-12 19:00:00,B,19,5,1,409,10.0,456.43,6,578.36
2026-01-12 19:00:00,C,19,5,1,487,10.0,449.7,4,618.38
2026-01-12 19:00:00,D,19,5,1,455,22.18,438.63,4,577.4
2026-01-12 20:00:00,A,20,5,0,397,10.0,459.48,5,405.78
2026-01-12 20:00:00,B,20,5,0,284,10.0,280.96,6,288.99
2026-01-12 20:00:00,C,20,5,0,343,10.0,353.06,4,456.14
2026-01-12 20:00:00,D,20,5,0,354,10.0,398.2,4,402.08
2026-01-12 21:00:00,A,21,5,0,430,10.0,430.16,5,413.71
2026-01-12 21:00:00,B,21,5,0,261,10.0,329.14,6,303.24
2026-01-12 21:00:00,C,21,5,0,321,10.0,474.74,4,382.59
2026-01-12 21:00:00,D,21,5,0,336,10.0,368.47,4,416.27
2026-01-12 22:00:00,A,22,5,0,469,10.0,560.54,5,515.47
2026-01-12 22:00:00,B,22,5,0,336,10.0,354.78,6,342.51
2026-01-12 22:00:00,C,22,5,0,403,11.33,475.42,4,418.83
2026-01-12 22:00:00,D,22,5,0,392,10.0,436.03,4,369.79
2026-01-12 23:00:00,A,23,5,0,429,10.0,503.5,5,578.99
2026-01-12 23:00:00,B,23,5,0,448,10.0,482.87,6,459.89
2026-01-12 23:00:00,C,23,5,0,494,10.0,500.96,4,474.24
2026-01-12 23:00:00,D,23,5,0,379,10.0,540.47,4,515.69
2026-01-13 00:00:00,A,0,6,0,572,10.0,707.26,5,673.67
2026-01-13 00:00:00,B,0,6,0,495,10.0,474.17,6,455.17
2026-01-13 00:00:00,C,0,6,0,530,10.0,530.87,4,613.87
2026-01-13 00:00:00,D,0,6,0,530,23.8,567.89,4,566.36
2026-01-13 01:00:00,A,1,6,0,622,13.73,627.98,5,651.85
2026-01-13 01:00:00,B,1,6,0,388,21.99,462.96,6,535.31
2026-01-13 01:00:00,C,1,6,0,561,35.87,691.17,4,624.3
2026-01-13 01:00:00,D,1,6,0,540,10.0,562.97,4,596.46
2026-01-13 02:00:00,A,2,6,0,762,19.21,715.47,5,816.16
2026-01-13 02:00:00,B,2,6,0,581,27.94,671.04,6,518.31
2026-01-13 02:00:00,C,2,6,0,701,10.0,748.01,4,673.39
2026-01-13 02:00:00,D,2,6,0,625,10.0,673.21,4,703.96
2026-01-13 03:00:00,A,3,6,0,628,10.0,733.63,5,789.75
2026-01-13 03:00:00,B,3,6,0,637,10.0,532.09,6,570.16
2026-01-13 03:00:00,C,3,6,0,633,10.0,887.5,4,689.35
2026-01-13 03:00:00,D,3,6,0,755,14.27,882.65,4,666.21
2026-01-13 04:00:00,A,4,6,0,784,14.89,845.49,5,847.21
2026-01-13 04:00:00,B,4,6,0,494,18.16,589.06,6,616.37
2026-01-13 04:00:00,C,4,6,0,675,10.0,731.62,4,726.29
2026-01-13 04:00:00,D,4,6,0,753,10.0,840.41,4,714.68
2026-01-13 05:00:00,A,5,6,0,772,10.0,883.5,5,919.69
2026-01-13 05:00:00,B,5,6,0,497,13.71,637.36,6,619.92
2026-01-13 05:00:00,C,5,6,0,589,10.0,801.27,4,804.08
2026-01-13 05:00:00,D,5,6,0,615,10.0,752.3,4,726.21
2026-01-13 06:00:00,A,6,6,0,828,13.3,845.68,5,839.47
2026-01-13 06:00:00,B,6,6,0,579,15.66,668.81,6,573.77
2026-01-13 06:00:00,C,6,6,0,658,10.0,882.99,4,752.96
2026-01-13 06:00:00,D,6,6,0,795,15.66,888.99,4,773.12
2026-01-13 07:00:00,A,7,6,1,1007,19.11,1457.22,5,1291.15
2026-01-13 07:00:00,B,7,6,1,815,15.94,908.63,6,1032.97
2026-01-13 07:00:00,C,7,6,1,965,10.0,1068.57,4,1187.02
2026-01-13 07:00:00,D,7,6,1,1131,10.0,1078.67,4,1270.7
2026-01-13 08:00:00,A,8,6,1,1187,10.0,1167.4,5,1251.02
2026-01-13 08:00:00,B,8,6,1,822,10.0,869.92,6,1084.84
2026-01-13 08:00:00,C,8,6,1,917,10.79,989.07,4,1177.89
2026-01-13 08:00:00,D,8,6,1,883,10.0,1213.81,4,1125.52
2026-01-13 09:00:00,A,9,6,1,1239,22.88,1300.42,5,1252.66
2026-01-13 09:00:00,B,9,6,1,735,10.0,920.66,6,1039.25
2026-01-13 09:00:00,C,9,6,1,830,10.54,1076.84,4,1248.95
2026-01-13 09:00:00,D,9,6,1,962,10.0,1022.77,4,1057.79
2026-01-13 10:00:00,A,10,6,0,754,10.0,890.38,5,684.15
2026-01-13 10:00:00,B,10,6,0,441,10.0,559.19,6,571.88
2026-01-13 10:00:00,C,10,6,0,678,10.73,659.39,4,683.35
2026-01-13 10:00:00,D,10,6,0,535,10.0,614.09,4,702.26
2026-01-13 11:00:00,A,11,6,0,605,10.0,769.65,5,597.49
2026-01-13 11:00:00,B,11,6,0,513,10.0,567.81,6,462.27
2026-01-13 11:00:00,C,11,6,0,586,17.97,613.0,4,580.86
2026-01-13 11:00:00,D,11,6,0,585,10.0,572.0,4,532.77
2026-01-13 12:00:00,A,12,6,0,510,11.45,624.84,5,557.89
2026-01-13 12:00:00,B,12,6,0,417,16.1,550.58,6,447.86
2026-01-13 12:00:00,C,12,6,0,450,13.52,583.09,4,553.35
2026-01-13 12:00:00,D,12,6,0,544,10.0,529.76,4,483.62
2026-01-13 13:00:00,A,13,6,0,499,10.0,635.7,5,529.36
2026-01-13 13:00:00,B,13,6,0,327,10.0,492.02,6,355.92
2026-01-13 13:00:00,C,13,6,0,550,26.88,489.94,4,563.2
2026-01-13 13:00:00,D,13,6,0,428,10.0,489.84,4,559.13
2026-01-13 14:00:00,A,14,6,0,426,10.0,597.81,5,447.05
2026-01-13 14:00:00,B,14,6,0,399,10.0,332.34,6,392.41
2026-01-13 14:00:00,C,14,6,0,455,10.0,496.97,4,523.72
2026-01-13 14:00:00,D,14,6,0,390,10.0,427.13,4,475.38
2026-01-13 15:00:00,A,15,6,0,384,10.0,441.16,5,408.58
2026-01-13 15:00:00,B,15,6,0,356,10.0,324.69,6,366.02
2026-01-13 15:00:00,C,15,6,0,380,10.0,490.08,4,416.81
2026-01-13 15:00:00,D,15,6,0,393,10.0,404.52,4,435.76
2026-01-13 16:00:00,A,16,6,1,546,10.0,637.99,5,697.79
2026-01-13 16:00:00,B,16,6,1,320,10.0,401.88,6,625.68
2026-01-13 16:00:00,C,16,6,1,543,28.36,471.34,4,602.21
2026-01-13 16:00:00,D,16,6,1,538,10.0,621.43,4,626.92
2026-01-13 17:00:00,A,17,6,1,489,16.76,553.21,5,569.25
2026-01-13 17:00:00,B,17,6,1,339,23.5,389.91,6,485.38
2026-01-13 17:00:00,C,17,6,1,507,15.77,555.11,4,579.83
2026-01-13 17:00:00,D,17,6,1,366,22.71,495.5,4,568.68
2026-01-13 18:00:00,A,18,6,1,508,12.32,638.64,5,639.66
2026-01-13 18:00:00,B,18,6,1,337,10.0,429.7,6,474.43
2026-01-13 18:00:00,C,18,6,1,374,10.0,439.07,4,560.2
2026-01-13 18:00:00,D,18,6,1,396,10.0,480.11,4,646.61
2026-01-13 19:00:00,A,19,6,1,555,10.0,563.97,5,763.91
2026-01-13 19:00:00,B,19,6,1,399,16.92,449.86,6,469.03
2026-01-13 19:00:00,C,19,6,1,441,10.0,553.0,4,624.9
2026-01-13 19:00:00,D,19,6,1,517,10.0,564.73,4,604.81
2026-01-13 20:00:00,A,20,6,0,417,10.0,436.6,5,406.61
2026-01-13 20:00:00,B,20,6,0,277,18.61,340.22,6,274.6
2026-01-13 20:00:00,C,20,6,0,388,10.0,416.1,4,460.91
2026-01-13 20:00:00,D,20,6,0,311,13.77,367.91,4,382.98
2026-01-13 21:00:00,A,21,6,0,401,23.45,434.38,5,491.09
2026-01-13 21:00:00,B,21,6,0,316,10.0,399.95,6,418.55
2026-01-13 21:00:00,C,21,6,0,356,10.0,382.27,4,439.64
2026-01-13 21:00:00,D,21,6,0,407,10.0,409.52,4,348.51
2026-01-13 22:00:00,A,22,6,0,429,10.0,618.41,5,439.83
2026-01-13 22:00:00,B,22,6,0,391,10.08,447.08,6,325.84
2026-01-13 22:00:00,C,22,6,0,404,10.0,444.82,4,493.26
2026-01-13 22:00:00,D,22,6,0,451,10.0,551.64,4,401.71
2026-01-13 23:00:00,A,23,6,0,523,10.0,648.22,5,616.07
2026-01-13 23:00:00,B,23,6,0,408,10.0,429.7,6,485.98
2026-01-13 23:00:00,C,23,6,0,432,10.0,520.9,4,570.63
2026-01-13 23:00:00,D,23,6,0,542,10.0,477.53,4,527.75
2026-01-14 00:00:00,A,0,7,0,558,14.17,703.81,5,651.45
2026-01-14 00:00:00,B,0,7,0,436,10.0,434.77,6,410.85
2026-01-14 00:00:00,C,0,7,0,514,19.17,639.69,4,469.07
2026-01-14 00:00:00,D,0,7,0,416,10.0,497.91,4,560.56
2026-01-14 01:00:00,A,1,7,0,508,10.0,711.11,5,647.02
2026-01-14 01:00:00,B,1,7,0,389,10.0,522.34,6,554.85
2026-01-14 01:00:00,C,1,7,0,457,10.0,727.09,4,624.69
2026-01-14 01:00:00,D,1,7,0,486,19.95,706.73,4,569.71
2026-01-14 02:00:00,A,2,7,0,585,10.0,860.31,5,746.47
2026-01-14 02:00:00,B,2,7,0,458,24.13,630.07,6,563.04
2026-01-14 02:00:00,C,2,7,0,634,10.43,614.62,4,686.85
2026-01-14 02:00:00,D,2,7,0,619,17.42,702.84,4,631.14
2026-01-14 03:00:00,A,3,7,0,725,26.51,945.9,5,776.34
2026-01-14 03:00:00,B,3,7,0,459,17.71,643.37,6,514.47
2026-01-14 03:00:00,C,3,7,0,530,10.0,750.17,4,658.04
2026-01-14 03:00:00,D,3,7,0,618,11.8,840.87,4,628.85
2026-01-14 04:00:00,A,4,7,0,805,17.04,937.92,5,832.43
2026-01-14 04:00:00,B,4,7,0,586,10.0,633.27,6,631.77
2026-01-14 04:00:00,C,4,7,0,709,10.0,830.83,4,766.12
2026-01-14 04:00:00,D,4,7,0,655,10.0,862.47,4,683.82
2026-01-14 05:00:00,A,5,7,0,828,22.03,830.37,5,886.8
2026-01-14 05:00:00,B,5,7,0,475,11.1,673.55,6,715.89
2026-01-14 05:00:00,C,5,7,0,648,27.8,773.22,4,741.11
2026-01-14 05:00:00,D,5,7,0,615,10.0,870.72,4,772.02
2026-01-14 06:00:00,A,6,7,0,726,10.0,775.4,5,866.5
2026-01-14 06:00:00,B,6,7,0,602,14.1,731.07,6,578.88
2026-01-14 06:00:00,C,6,7,0,763,10.0,781.22,4,787.02
2026-01-14 06:00:00,D,6,7,0,577,13.83,788.56,4,681.48
2026-01-14 07:00:00,A,7,7,1,1187,10.0,1367.91,5,1254.29
2026-01-14 07:00:00,B,7,7,1,708,10.0,918.29,6,977.77
2026-01-14 07:00:00,C,7,7,1,900,10.0,1091.88,4,1190.61
2026-01-14 07:00:00,D,7,7,1,918,12.91,1130.92,4,1180.26
2026-01-14 08:00:00,A,8,7,1,902,10.0,1377.79,5,1265.25
2026-01-14 08:00:00,B,8,7,1,825,24.95,1051.12,6,1018.27
2026-01-14 08:00:00,C,8,7,1,1140,10.0,1097.58,4,1215.13
2026-01-14 08:00:00,D,8,7,1,792,10.0,1009.12,4,1181.92
2026-01-14 09:00:00,A,9,7,1,1137,16.68,1123.23,5,1213.98
2026-01-14 09:00:00,B,9,7,1,830,12.05,994.81,6,816.71
2026-01-14 09:00:00,C,9,7,1,1067,20.12,1129.54,4,1052.82
2026-01-14 09:00:00,D,9,7,1,1061,26.51,1120.55,4,1105.23
2026-01-14 10:00:00,A,10,7,0,683,10.0,851.3,5,762.03
2026-01-14 10:00:00,B,10,7,0,540,10.0,650.49,6,556.47
2026-01-14 10:00:00,C,10,7,0,711,10.0,687.27,4,745.56
2026-01-14 10:00:00,D,10,7,0,586,15.45,682.8,4,608.51
2026-01-14 11:00:00,A,11,7,0,686,10.0,625.48,5,687.62
2026-01-14 11:00:00,B,11,7,0,467,22.62,557.1,6,485.27
2026-01-14 11:00:00,C,11,7,0,579,15.74,695.33,4,632.4
2026-01-14 11:00:00,D,11,7,0,468,22.46,699.53,4,544.77
2026-01-14 12:00:00,A,12,7,0,510,10.01,676.55,5,612.34
2026-01-14 12:00:00,B,12,7,0,389,10.0,512.71,6,416.46
2026-01-14 12:00:00,C,12,7,0,428,10.0,489.75,4,590.13
2026-01-14 12:00:00,D,12,7,0,576,10.0,660.06,4,492.21
2026-01-14 13:00:00,A,13,7,0,457,11.77,633.23,5,530.11
2026-01-14 13:00:00,B,13,7,0,363,10.0,362.15,6,383.82
2026-01-14 13:00:00,C,13,7,0,520,17.26,524.35,4,440.64
2026-01-14 13:00:00,D,13,7,0,356,10.0,447.33,4,528.11
2026-01-14 14:00:00,A,14,7,0,517,10.0,518.23,5,448.37
2026-01-14 14:00:00,B,14,7,0,325,10.0,325.59,6,365.27
2026-01-14 14:00:00,C,14,7,0,417,10.0,475.54,4,461.75
2026-01-14 14:00:00,D,14,7,0,349,10.0,470.64,4,380.03
2026-01-14 15:00:00,A,15,7,0,327,24.66,472.94,5,497.43
2026-01-14 15:00:00,B,15,7,0,271,10.0,333.57,6,370.88
2026-01-14 15:00:00,C,15,7,0,347,10.0,400.27,4,417.42
2026-01-14 15:00:00,D,15,7,0,362,19.53,441.72,4,356.0
2026-01-14 16:00:00,A,16,7,1,590,10.0,624.69,5,681.38
2026-01-14 16:00:00,B,16,7,1,372,10.0,509.38,6,497.47
2026-01-14 16:00:00,C,16,7,1,453,10.0,612.3,4,508.25
2026-01-14 16:00:00,D,16,7,1,431,10.0,453.37,4,591.77
2026-01-14 17:00:00,A,17,7,1,569,10.0,500.57,5,591.67
2026-01-14 17:00:00,B,17,7,1,375,15.27,438.48,6,514.54
2026-01-14 17:00:00,C,17,7,1,371,10.0,475.31,4,598.96
2026-01-14 17:00:00,D,17,7,1,400,10.0,420.26,4,616.65
2026-01-14 18:00:00,A,18,7,1,439,10.0,516.38,5,674.87
2026-01-14 18:00:00,B,18,7,1,399,15.54,403.69,6,511.12
2026-01-14 18:00:00,C,18,7,1,512,10.0,504.19,4,567.3
2026-01-14 18:00:00,D,18,7,1,435,10.0,451.69,4,573.76
2026-01-14 19:00:00,A,19,7,1,485,18.84,483.09,5,623.68
2026-01-14 19:00:00,B,19,7,1,358,13.85,474.61,6,446.2
2026-01-14 19:00:00,C,19,7,1,481,10.0,544.54,4,551.97
2026-01-14 19:00:00,D,19,7,1,457,14.73,492.08,4,639.18
2026-01-14 20:00:00,A,20,7,0,321,10.0,433.62,5,359.28
2026-01-14 20:00:00,B,20,7,0,312,10.0,321.26,6,249.08
2026-01-14 20:00:00,C,20,7,0,385,10.0,340.01,4,346.72
2026-01-14 20:00:00,D,20,7,0,266,10.0,352.66,4,280.56
2026-01-14 21:00:00,A,21,7,0,384,10.0,517.43,5,504.77
2026-01-14 21:00:00,B,21,7,0,277,10.0,308.52,6,321.18
2026-01-14 21:00:00,C,21,7,0,358,10.0,426.96,4,478.81
2026-01-14 21:00:00,D,21,7,0,296,10.0,401.7,4,450.68
2026-01-14 22:00:00,A,22,7,0,513,10.0,534.09,5,456.16
2026-01-14 22:00:00,B,22,7,0,374,10.0,405.06,6,299.64
2026-01-14 22:00:00,C,22,7,0,374,10.0,482.08,4,414.0
2026-01-14 22:00:00,D,22,7,0,341,10.0,406.57,4,467.85
2026-01-14 23:00:00,A,23,7,0,498,10.0,564.01,5,458.66
2026-01-14 23:00:00,B,23,7,0,379,10.0,475.49,6,422.93
2026-01-14 23:00:00,C,23,7,0,388,30.41,472.14,4,495.11
2026-01-14 23:00:00,D,23,7,0,366,10.0,557.86,4,496.68
2026-01-15 00:00:00,A,0,1,0,524,10.0,686.72,5,575.88
2026-01-15 00:00:00,B,0,1,0,422,10.87,402.75,6,429.01
2026-01-15 00:00:00,C,0,1,0,464,10.0,588.96,4,529.23
2026-01-15 00:00:00,D,0,1,0,473,10.0,590.56,4,519.32
2026-01-15 01:00:00,A,1,1,0,514,10.0,799.97,5,562.3
2026-01-15 01:00:00,B,1,1,0,465,13.47,559.59,6,512.44
2026-01-15 01:00:00,C,1,1,0,598,10.0,706.67,4,568.24
2026-01-15 01:00:00,D,1,1,0,488,10.0,630.89,4,621.67
2026-01-15 02:00:00,A,2,1,0,786,10.0,872.95,5,647.81
2026-01-15 02:00:00,B,2,1,0,523,20.13,494.76,6,530.23
2026-01-15 02:00:00,C,2,1,0,677,10.0,680.97,4,623.59
2026-01-15 02:00:00,D,2,1,0,597,11.54,585.42,4,705.9
2026-01-15 03:00:00,A,3,1,0,701,10.0,946.77,5,813.12
2026-01-15 03:00:00,B,3,1,0,448,10.0,628.6,6,574.23
2026-01-15 03:00:00,C,3,1,0,692,26.33,833.43,4,650.63
2026-01-15 03:00:00,D,3,1,0,650,10.0,736.63,4,658.1
2026-01-15 04:00:00,A,4,1,0,812,10.0,726.57,5,745.29
2026-01-15 04:00:00,B,4,1,0,605,10.0,678.96,6,560.38
2026-01-15 04:00:00,C,4,1,0,664,10.0,845.12,4,778.17
2026-01-15 04:00:00,D,4,1,0,702,10.0,884.11,4,803.96
2026-01-15 05:00:00,A,5,1,0,714,10.0,913.52,5,740.3
2026-01-15 05:00:00,B,5,1,0,539,17.33,713.56,6,507.19
2026-01-15 05:00:00,C,5,1,0,775,10.0,898.34,4,766.02
2026-01-15 05:00:00,D,5,1,0,599,10.0,783.07,4,763.28
2026-01-15 06:00:00,A,6,1,0,760,10.0,897.39,5,811.9
2026-01-15 06:00:00,B,6,1,0,598,10.0,641.65,6,631.11
2026-01-15 06:00:00,C,6,1,0,678,14.62,742.61,4,707.84
2026-01-15 06:00:00,D,6,1,0,774,20.24,893.16,4,829.21
2026-01-15 07:00:00,A,7,1,1,948,10.0,1450.34,5,1310.65
2026-01-15 07:00:00,B,7,1,1,745,10.0,938.78,6,1023.12
2026-01-15 07:00:00,C,7,1,1,1113,10.0,1164.37,4,1252.44
2026-01-15 07:00:00,D,7,1,1,1130,25.1,1147.43,4,1110.22
2026-01-15 08:00:00,A,8,1,1,990,10.0,1101.31,5,1257.06
2026-01-15 08:00:00,B,8,1,1,692,17.23,1047.79,6,890.35
2026-01-15 08:00:00,C,8,1,1,903,10.0,944.5,4,1178.74
2026-01-15 08:00:00,D,8,1,1,1095,10.0,1091.58,4,1126.83
2026-01-15 09:00:00,A,9,1,1,1156,10.0,1234.4,5,1166.79
2026-01-15 09:00:00,B,9,1,1,834,10.0,990.2,6,918.91
2026-01-15 09:00:00,C,9,1,1,774,10.0,974.23,4,1036.33
2026-01-15 09:00:00,D,9,1,1,780,10.0,1046.79,4,1104.96
2026-01-15 10:00:00,A,10,1,0,619,11.62,691.08,5,701.37
2026-01-15 10:00:00,B,10,1,0,420,10.0,500.32,6,501.97
2026-01-15 10:00:00,C,10,1,0,605,20.02,630.64,4,626.99
2026-01-15 10:00:00,D,10,1,0,520,26.37,773.37,4,598.23
2026-01-15 11:00:00,A,11,1,0,534,17.32,762.41,5,604.52
2026-01-15 11:00:00,B,11,1,0,486,10.0,467.21,6,421.93
2026-01-15 11:00:00,C,11,1,0,530,10.0,722.69,4,639.68
2026-01-15 11:00:00,D,11,1,0,597,10.0,558.67,4,648.09
2026-01-15 12:00:00,A,12,1,0,487,14.21,604.97,5,632.19
2026-01-15 12:00:00,B,12,1,0,455,12.72,536.32,6,505.19
2026-01-15 12:00:00,C,12,1,0,417,10.0,535.07,4,512.35
2026-01-15 12:00:00,D,12,1,0,472,11.01,608.19,4,524.36
2026-01-15 13:00:00,A,13,1,0,408,19.84,610.73,5,534.19
2026-01-15 13:00:00,B,13,1,0,327,32.91,481.81,6,429.17
2026-01-15 13:00:00,C,13,1,0,436,10.0,508.57,4,478.65
2026-01-15 13:00:00,D,13,1,0,430,10.0,517.55,4,532.17
2026-01-15 14:00:00,A,14,1,0,468,12.92,588.85,5,435.75
2026-01-15 14:00:00,B,14,1,0,292,10.0,421.27,6,332.99
2026-01-15 14:00:00,C,14,1,0,418,12.82,508.0,4,472.19
2026-01-15 14:00:00,D,14,1,0,358,17.59,486.21,4,462.33
2026-01-15 15:00:00,A,15,1,0,334,10.0,441.59,5,424.38
2026-01-15 15:00:00,B,15,1,0,235,14.31,369.18,6,374.63
2026-01-15 15:00:00,C,15,1,0,407,10.0,439.72,4,411.08
2026-01-15 15:00:00,D,15,1,0,353,10.0,464.83,4,390.2
2026-01-15 16:00:00,A,16,1,1,522,13.61,690.03,5,672.18
2026-01-15 16:00:00,B,16,1,1,428,10.0,374.29,6,473.79
2026-01-15 16:00:00,C,16,1,1,547,10.0,603.2,4,609.71
2026-01-15 16:00:00,D,16,1,1,500,10.0,452.94,4,595.78
2026-01-15 17:00:00,A,17,1,1,507,24.28,575.23,5,669.25
2026-01-15 17:00:00,B,17,1,1,407,10.0,361.86,6,416.41
2026-01-15 17:00:00,C,17,1,1,380,10.0,488.84,4,634.89
2026-01-15 17:00:00,D,17,1,1,507,10.0,484.17,4,616.42
2026-01-15 18:00:00,A,18,1,1,407,10.0,598.8,5,590.23
2026-01-15 18:00:00,B,18,1,1,314,10.0,357.92,6,477.79
2026-01-15 18:00:00,C,18,1,1,484,10.0,528.69,4,513.42
2026-01-15 18:00:00,D,18,1,1,352,10.0,456.88,4,547.76
2026-01-15 19:00:00,A,19,1,1,491,10.0,544.86,5,614.83
2026-01-15 19:00:00,B,19,1,1,323,10.0,380.85,6,450.18
2026-01-15 19:00:00,C,19,1,1,379,10.0,550.77,4,590.83
2026-01-15 19:00:00,D,19,1,1,472,10.0,551.25,4,587.39
2026-01-15 20:00:00,A,20,1,0,316,10.0,419.17,5,354.21
2026-01-15 20:00:00,B,20,1,0,226,16.8,268.07,6,238.63
2026-01-15 20:00:00,C,20,1,0,346,10.0,345.39,4,369.49
2026-01-15 20:00:00,D,20,1,0,305,10.0,316.45,4,310.99
2026-01-15 21:00:00,A,21,1,0,362,10.0,504.96,5,465.77
2026-01-15 21:00:00,B,21,1,0,309,10.0,336.58,6,335.78
2026-01-15 21:00:00,C,21,1,0,359,10.0,416.01,4,434.55
2026-01-15 21:00:00,D,21,1,0,314,10.0,364.13,4,387.51
2026-01-15 22:00:00,A,22,1,0,478,16.04,533.1,5,517.62
2026-01-15 22:00:00,B,22,1,0,273,10.0,314.73,6,383.7
2026-01-15 22:00:00,C,22,1,0,372,10.0,453.78,4,408.88
2026-01-15 22:00:00,D,22,1,0,391,10.0,392.06,4,375.19
2026-01-15 23:00:00,A,23,1,0,552,10.0,611.48,5,578.79
2026-01-15 23:00:00,B,23,1,0,380,19.6,407.42,6,474.87
2026-01-15 23:00:00,C,23,1,0,527,10.0,440.42,4,456.28
2026-01-15 23:00:00,D,23,1,0,501,10.0,452.05,4,567.42
2026-01-16 00:00:00,A,0,2,0,573,10.0,674.77,5,527.39
2026-01-16 00:00:00,B,0,2,0,424,10.0,416.57,6,430.36
2026-01-16 00:00:00,C,0,2,0,584,14.0,663.94,4,628.66
2026-01-16 00:00:00,D,0,2,0,516,15.26,499.51,4,576.59
2026-01-16 01:00:00,A,1,2,0,679,23.35,730.74,5,727.02
2026-01-16 01:00:00,B,1,2,0,408,18.54,617.38,6,477.42
2026-01-16 01:00:00,C,1,2,0,534,10.0,610.8,4,580.87
2026-01-16 01:00:00,D,1,2,0,596,10.0,595.73,4,693.77
2026-01-16 02:00:00,A,2,2,0,760,10.0,845.15,5,708.49
2026-01-16 02:00:00,B,2,2,0,557,34.11,542.51,6,560.82
2026-01-16 02:00:00,C,2,2,0,661,10.0,678.08,4,619.61
2026-01-16 02:00:00,D,2,2,0,504,10.0,790.28,4,706.82
2026-01-16 03:00:00,A,3,2,0,632,10.0,853.35,5,798.53
2026-01-16 03:00:00,B,3,2,0,623,21.7,692.94,6,561.21
2026-01-16 03:00:00,C,3,2,0,561,10.0,878.89,4,691.68
2026-01-16 03:00:00,D,3,2,0,543,29.04,637.96,4,727.22
2026-01-16 04:00:00,A,4,2,0,671,23.4,923.0,5,842.88
2026-01-16 04:00:00,B,4,2,0,468,10.0,609.66,6,639.07
2026-01-16 04:00:00,C,4,2,0,666,10.0,948.91,4,797.78
2026-01-16 04:00:00,D,4,2,0,775,10.0,910.77,4,773.47
2026-01-16 05:00:00,A,5,2,0,730,24.23,829.84,5,873.53
2026-01-16 05:00:00,B,5,2,0,662,10.0,769.99,6,691.75
2026-01-16 05:00:00,C,5,2,0,726,13.19,882.84,4,765.89
2026-01-16 05:00:00,D,5,2,0,584,10.0,901.23,4,639.43
2026-01-16 06:00:00,A,6,2,0,657,10.0,968.77,5,873.8
2026-01-16 06:00:00,B,6,2,0,587,10.0,656.77,6,601.8
2026-01-16 06:00:00,C,6,2,0,751,10.0,902.23,4,787.05
2026-01-16 06:00:00,D,6,2,0,580,18.56,891.63,4,764.45
2026-01-16 07:00:00,A,7,2,1,1076,10.0,1114.43,5,1286.29
2026-01-16 07:00:00,B,7,2,1,760,10.0,1048.16,6,957.45
2026-01-16 07:00:00,C,7,2,1,1146,10.0,1377.19,4,1188.51
2026-01-16 07:00:00,D,7,2,1,994,11.86,1159.8,4,1198.79
2026-01-16 08:00:00,A,8,2,1,1123,10.0,1081.77,5,1311.12
2026-01-16 08:00:00,B,8,2,1,770,10.0,949.76,6,973.28
2026-01-16 08:00:00,C,8,2,1,858,10.0,1263.09,4,1196.45
2026-01-16 08:00:00,D,8,2,1,805,10.0,1018.5,4,1222.46
2026-01-16 09:00:00,A,9,2,1,872,10.0,1211.57,5,1191.36
2026-01-16 09:00:00,B,9,2,1,658,10.0,934.53,6,899.1
2026-01-16 09:00:00,C,9,2,1,1103,10.0,989.54,4,1199.81
2026-01-16 09:00:00,D,9,2,1,983,13.69,1219.67,4,1117.96
2026-01-16 10:00:00,A,10,2,0,686,10.0,791.68,5,699.62
2026-01-16 10:00:00,B,10,2,0,483,10.0,518.5,6,540.14
2026-01-16 10:00:00,C,10,2,0,610,10.0,651.55,4,660.12
2026-01-16 10:00:00,D,10,2,0,500,29.35,725.22,4,570.96
2026-01-16 11:00:00,A,11,2,0,625,10.0,698.72,5,598.87
2026-01-16 11:00:00,B,11,2,0,485,10.0,509.53,6,479.88
2026-01-16 11:00:00,C,11,2,0,612,10.0,696.93,4,578.66
2026-01-16 11:00:00,D,11,2,0,482,37.72,742.82,4,592.38
2026-01-16 12:00:00,A,12,2,0,514,10.0,592.83,5,590.94
2026-01-16 12:00:00,B,12,2,0,447,17.66,481.49,6,492.75
2026-01-16 12:00:00,C,12,2,0,536,10.0,666.23,4,507.48
2026-01-16 12:00:00,D,12,2,0,549,10.0,555.54,4,558.34
2026-01-16 13:00:00,A,13,2,0,550,10.0,574.26,5,559.86
2026-01-16 13:00:00,B,13,2,0,396,13.65,480.58,6,364.33
2026-01-16 13:00:00,C,13,2,0,475,10.0,521.99,4,519.75
2026-01-16 13:00:00,D,13,2,0,426,10.0,544.14,4,505.99
2026-01-16 14:00:00,A,14,2,0,376,10.0,542.35,5,542.86
2026-01-16 14:00:00,B,14,2,0,385,10.0,348.41,6,360.47
2026-01-16 14:00:00,C,14,2,0,490,10.0,499.86,4,536.37
2026-01-16 14:00:00,D,14,2,0,445,23.33,401.8,4,442.52
2026-01-16 15:00:00,A,15,2,0,435,10.0,528.53,5,418.58
2026-01-16 15:00:00,B,15,2,0,354,10.0,370.28,6,392.29
2026-01-16 15:00:00,C,15,2,0,436,10.0,452.92,4,460.44
2026-01-16 15:00:00,D,15,2,0,397,10.17,372.73,4,331.0
2026-01-16 16:00:00,A,16,2,1,488,29.82,601.07,5,692.89
2026-01-16 16:00:00,B,16,2,1,383,23.37,447.37,6,587.89
2026-01-16 16:00:00,C,16,2,1,536,10.0,515.35,4,626.47
2026-01-16 16:00:00,D,16,2,1,502,10.0,498.92,4,580.14
2026-01-16 17:00:00,A,17,2,1,550,10.0,637.24,5,532.51
2026-01-16 17:00:00,B,17,2,1,337,12.3,393.86,6,449.67
2026-01-16 17:00:00,C,17,2,1,511,10.0,465.95,4,599.31
2026-01-16 17:00:00,D,17,2,1,459,10.93,497.28,4,631.74
2026-01-16 18:00:00,A,18,2,1,572,23.38,541.96,5,704.65
2026-01-16 18:00:00,B,18,2,1,295,10.0,429.07,6,522.84
2026-01-16 18:00:00,C,18,2,1,366,14.39,591.86,4,529.55
2026-01-16 18:00:00,D,18,2,1,366,10.0,486.81,4,634.92
2026-01-16 19:00:00,A,19,2,1,429,10.0,592.98,5,582.05
2026-01-16 19:00:00,B,19,2,1,303,10.0,426.52,6,477.02
2026-01-16 19:00:00,C,19,2,1,485,10.0,566.61,4,624.84
2026-01-16 19:00:00,D,19,2,1,392,14.81,563.08,4,608.37
2026-01-16 20:00:00,A,20,2,0,310,19.29,414.98,5,376.67
2026-01-16 20:00:00,B,20,2,0,255,41.72,355.64,6,265.64
2026-01-16 20:00:00,C,20,2,0,315,10.0,358.44,4,363.73
2026-01-16 20:00:00,D,20,2,0,311,10.0,447.17,4,324.6
2026-01-16 21:00:00,A,21,2,0,362,15.68,450.67,5,385.86
2026-01-16 21:00:00,B,21,2,0,331,17.74,311.61,6,284.69
2026-01-16 21:00:00,C,21,2,0,322,16.52,490.67,4,375.0
2026-01-16 21:00:00,D,21,2,0,341,11.89,478.42,4,395.71
2026-01-16 22:00:00,A,22,2,0,495,12.14,621.86,5,416.48
2026-01-16 22:00:00,B,22,2,0,281,10.0,351.21,6,417.3
2026-01-16 22:00:00,C,22,2,0,462,10.0,501.39,4,418.69
2026-01-16 22:00:00,D,22,2,0,401,10.0,478.18,4,402.82
2026-01-16 23:00:00,A,23,2,0,600,20.75,530.18,5,580.41
2026-01-16 23:00:00,B,23,2,0,363,10.0,480.4,6,442.45
2026-01-16 23:00:00,C,23,2,0,511,10.0,469.87,4,484.42
2026-01-16 23:00:00,D,23,2,0,476,13.0,522.16,4,541.05
2026-01-17 00:00:00,A,0,3,0,666,10.0,594.37,5,646.22
2026-01-17 00:00:00,B,0,3,0,489,10.0,536.95,6,388.99
2026-01-17 00:00:00,C,0,3,0,535,10.0,595.63,4,561.07
2026-01-17 00:00:00,D,0,3,0,501,10.0,543.28,4,580.93
2026-01-17 01:00:00,A,1,3,0,669,10.0,627.28,5,657.45
2026-01-17 01:00:00,B,1,3,0,426,39.07,508.85,6,469.2
2026-01-17 01:00:00,C,1,3,0,672,10.0,617.41,4,553.81
2026-01-17 01:00:00,D,1,3,0,560,10.0,733.87,4,699.22
2026-01-17 02:00:00,A,2,3,0,613,23.35,693.42,5,654.23
2026-01-17 02:00:00,B,2,3,0,443,36.82,515.91,6,627.14
2026-01-17 02:00:00,C,2,3,0,546,10.0,623.24,4,636.25
2026-01-17 02:00:00,D,2,3,0,654,21.35,744.12,4,695.68
2026-01-17 03:00:00,A,3,3,0,735,32.75,780.35,5,891.99
2026-01-17 03:00:00,B,3,3,0,528,10.0,538.07,6,591.37
2026-01-17 03:00:00,C,3,3,0,735,10.0,882.14,4,684.13
2026-01-17 03:00:00,D,3,3,0,592,10.0,862.83,4,736.58
2026-01-17 04:00:00,A,4,3,0,762,10.0,1024.29,5,937.02
2026-01-17 04:00:00,B,4,3,0,574,10.0,613.1,6,607.93
2026-01-17 04:00:00,C,4,3,0,826,16.9,854.52,4,764.8
2026-01-17 04:00:00,D,4,3,0,666,12.67,868.14,4,745.12
2026-01-17 05:00:00,A,5,3,0,890,10.0,989.4,5,922.54
2026-01-17 05:00:00,B,5,3,0,685,12.06,759.98,6,605.36
2026-01-17 05:00:00,C,5,3,0,764,10.0,894.02,4,750.53
2026-01-17 05:00:00,D,5,3,0,689,14.81,907.34,4,691.16
2026-01-17 06:00:00,A,6,3,0,799,10.0,838.88,5,856.37
2026-01-17 06:00:00,B,6,3,0,518,10.0,686.74,6,591.46
2026-01-17 06:00:00,C,6,3,0,609,10.0,782.56,4,716.05
2026-01-17 06:00:00,D,6,3,0,825,15.13,711.73,4,848.31
2026-01-17 07:00:00,A,7,3,1,990,13.95,1242.15,5,1289.07
2026-01-17 07:00:00,B,7,3,1,728,14.87,821.47,6,989.74
2026-01-17 07:00:00,C,7,3,1,985,12.95,1336.82,4,1220.53
2026-01-17 07:00:00,D,7,3,1,941,19.27,1350.89,4,1207.31
2026-01-17 08:00:00,A,8,3,1,1191,10.0,1260.72,5,1264.76
2026-01-17 08:00:00,B,8,3,1,954,10.0,880.58,6,1024.91
2026-01-17 08:00:00,C,8,3,1,1014,10.0,1203.98,4,1208.92
2026-01-17 08:00:00,D,8,3,1,1148,15.81,1193.46,4,1153.87
2026-01-17 09:00:00,A,9,3,1,1199,10.0,1106.67,5,1240.18
2026-01-17 09:00:00,B,9,3,1,725,10.0,1013.75,6,957.61
2026-01-17 09:00:00,C,9,3,1,1080,10.0,1262.11,4,1143.06
2026-01-17 09:00:00,D,9,3,1,1097,10.0,1208.94,4,1176.28
2026-01-17 10:00:00,A,10,3,0,664,23.37,872.93,5,775.12
2026-01-17 10:00:00,B,10,3,0,524,10.0,503.63,6,539.96
2026-01-17 10:00:00,C,10,3,0,604,15.98,689.19,4,782.06
2026-01-17 10:00:00,D,10,3,0,563,10.0,614.67,4,564.4
2026-01-17 11:00:00,A,11,3,0,616,10.0,779.64,5,659.62
2026-01-17 11:00:00,B,11,3,0,496,11.1,620.86,6,455.07
2026-01-17 11:00:00,C,11,3,0,520,10.0,680.72,4,600.0
2026-01-17 11:00:00,D,11,3,0,557,10.0,650.75,4,632.45
2026-01-17 12:00:00,A,12,3,0,566,10.0,641.78,5,633.71
2026-01-17 12:00:00,B,12,3,0,347,10.0,453.92,6,523.85
2026-01-17 12:00:00,C,12,3,0,616,10.0,635.72,4,613.56
2026-01-17 12:00:00,D,12,3,0,589,10.0,584.33,4,577.29
2026-01-17 13:00:00,A,13,3,0,599,10.0,605.55,5,594.72
2026-01-17 13:00:00,B,13,3,0,408,15.7,434.54,6,471.07
2026-01-17 13:00:00,C,13,3,0,453,10.0,498.72,4,422.96
2026-01-17 13:00:00,D,13,3,0,403,10.0,604.0,4,559.56
2026-01-17 14:00:00,A,14,3,0,486,10.0,524.16,5,486.16
2026-01-17 14:00:00,B,14,3,0,371,10.46,455.65,6,385.02
2026-01-17 14:00:00,C,14,3,0,355,28.18,444.79,4,447.06
2026-01-17 14:00:00,D,14,3,0,431,10.0,447.27,4,485.73
2026-01-17 15:00:00,A,15,3,0,415,11.76,428.77,5,389.88
2026-01-17 15:00:00,B,15,3,0,284,10.0,388.26,6,422.8
2026-01-17 15:00:00,C,15,3,0,434,10.0,505.0,4,366.87
2026-01-17 15:00:00,D,15,3,0,405,10.0,471.91,4,476.25
2026-01-17 16:00:00,A,16,3,1,592,25.92,671.15,5,745.04
2026-01-17 16:00:00,B,16,3,1,338,10.0,454.14,6,500.74
2026-01-17 16:00:00,C,16,3,1,532,15.71,651.35,4,699.6
2026-01-17 16:00:00,D,16,3,1,388,10.0,538.91,4,637.48
2026-01-17 17:00:00,A,17,3,1,505,10.0,652.41,5,585.89
2026-01-17 17:00:00,B,17,3,1,325,10.0,447.98,6,502.04
2026-01-17 17:00:00,C,17,3,1,474,10.0,570.4,4,613.12
2026-01-17 17:00:00,D,17,3,1,458,10.0,580.53,4,644.3
2026-01-17 18:00:00,A,18,3,1,489,10.0,651.5,5,626.22
2026-01-17 18:00:00,B,18,3,1,325,20.52,369.68,6,506.06
2026-01-17 18:00:00,C,18,3,1,378,10.0,557.84,4,576.39
2026-01-17 18:00:00,D,18,3,1,355,10.0,574.49,4,527.79
2026-01-17 19:00:00,A,19,3,1,476,16.28,618.75,5,624.45
2026-01-17 19:00:00,B,19,3,1,436,10.0,388.61,6,550.25
2026-01-17 19:00:00,C,19,3,1,489,10.0,553.63,4,627.53
2026-01-17 19:00:00,D,19,3,1,401,10.0,574.2,4,659.6
2026-01-17 20:00:00,A,20,3,0,421,10.0,402.09,5,402.22
2026-01-17 20:00:00,B,20,3,0,236,10.0,296.43,6,182.26
2026-01-17 20:00:00,C,20,3,0,388,10.0,372.39,4,390.11
2026-01-17 20:00:00,D,20,3,0,366,10.0,412.65,4,382.51
2026-01-17 21:00:00,A,21,3,0,445,15.07,478.4,5,441.69
2026-01-17 21:00:00,B,21,3,0,329,10.0,387.25,6,282.24
2026-01-17 21:00:00,C,21,3,0,365,10.0,431.37,4,453.54
2026-01-17 21:00:00,D,21,3,0,404,11.5,450.99,4,487.07
2026-01-17 22:00:00,A,22,3,0,404,10.0,620.87,5,478.65
2026-01-17 22:00:00,B,22,3,0,279,10.0,436.15,6,400.18
2026-01-17 22:00:00,C,22,3,0,427,10.0,507.24,4,423.18
2026-01-17 22:00:00,D,22,3,0,352,10.0,530.92,4,408.71
2026-01-17 23:00:00,A,23,3,0,451,10.47,601.92,5,480.19
2026-01-17 23:00:00,B,23,3,0,311,10.0,492.16,6,350.08
2026-01-17 23:00:00,C,23,3,0,424,10.0,628.7,4,522.71
2026-01-17 23:00:00,D,23,3,0,381,13.22,538.56,4,491.99
2026-01-18 00:00:00,A,0,4,0,632,10.0,688.12,5,668.68
2026-01-18 00:00:00,B,0,4,0,442,10.0,490.64,6,511.04
2026-01-18 00:00:00,C,0,4,0,436,10.0,508.16,4,491.28
2026-01-18 00:00:00,D,0,4,0,438,10.0,659.83,4,473.41
2026-01-18 01:00:00,A,1,4,0,586,10.0,750.77,5,669.04
2026-01-18 01:00:00,B,1,4,0,552,10.0,548.52,6,560.78
2026-01-18 01:00:00,C,1,4,0,683,10.0,710.2,4,659.45
2026-01-18 01:00:00,D,1,4,0,643,10.0,720.16,4,551.19
2026-01-18 02:00:00,A,2,4,0,725,10.0,830.4,5,723.33
2026-01-18 02:00:00,B,2,4,0,483,13.03,527.6,6,523.57
2026-01-18 02:00:00,C,2,4,0,734,10.39,822.58,4,755.69
2026-01-18 02:00:00,D,2,4,0,509,13.4,816.37,4,723.28
2026-01-18 03:00:00,A,3,4,0,769,10.0,868.06,5,738.68
2026-01-18 03:00:00,B,3,4,0,494,10.0,711.27,6,614.14
2026-01-18 03:00:00,C,3,4,0,698,10.41,740.22,4,684.03
2026-01-18 03:00:00,D,3,4,0,600,12.72,725.49,4,716.18
2026-01-18 04:00:00,A,4,4,0,890,10.0,761.09,5,897.52
2026-01-18 04:00:00,B,4,4,0,488,12.79,682.67,6,663.48
2026-01-18 04:00:00,C,4,4,0,806,10.0,859.8,4,781.83
2026-01-18 04:00:00,D,4,4,0,585,10.39,857.3,4,667.34
2026-01-18 05:00:00,A,5,4,0,757,10.0,841.08,5,878.0
2026-01-18 05:00:00,B,5,4,0,501,16.06,731.49,6,593.09
2026-01-18 05:00:00,C,5,4,0,593,10.0,740.57,4,836.05
2026-01-18 05:00:00,D,5,4,0,773,10.0,909.81,4,696.54
2026-01-18 06:00:00,A,6,4,0,927,14.81,1058.2,5,878.49
2026-01-18 06:00:00,B,6,4,0,595,10.0,708.91,6,629.21
2026-01-18 06:00:00,C,6,4,0,680,10.0,914.72,4,776.71
2026-01-18 06:00:00,D,6,4,0,603,10.0,962.28,4,779.8
2026-01-18 07:00:00,A,7,4,1,938,12.91,1432.1,5,1329.18
2026-01-18 07:00:00,B,7,4,1,725,16.28,1036.62,6,1036.84
2026-01-18 07:00:00,C,7,4,1,870,10.0,1154.86,4,1283.47
2026-01-18 07:00:00,D,7,4,1,1026,10.0,1326.57,4,1204.13
2026-01-18 08:00:00,A,8,4,1,1082,13.54,1241.59,5,1247.07
2026-01-18 08:00:00,B,8,4,1,829,10.0,826.53,6,955.0
2026-01-18 08:00:00,C,8,4,1,954,15.96,1109.56,4,1078.08
2026-01-18 08:00:00,D,8,4,1,925,10.0,1161.9,4,1106.98
2026-01-18 09:00:00,A,9,4,1,1022,19.73,1355.09,5,1225.18
2026-01-18 09:00:00,B,9,4,1,835,10.74,921.37,6,933.44
2026-01-18 09:00:00,C,9,4,1,1001,17.09,934.24,4,1113.93
2026-01-18 09:00:00,D,9,4,1,1009,10.0,918.96,4,1056.71
2026-01-18 10:00:00,A,10,4,0,567,10.0,726.61,5,775.25
2026-01-18 10:00:00,B,10,4,0,599,10.0,681.78,6,434.86
2026-01-18 10:00:00,C,10,4,0,713,10.0,629.76,4,741.62
2026-01-18 10:00:00,D,10,4,0,501,10.0,649.45,4,611.39
2026-01-18 11:00:00,A,11,4,0,556,10.0,787.77,5,667.49
2026-01-18 11:00:00,B,11,4,0,469,12.36,588.59,6,506.02
2026-01-18 11:00:00,C,11,4,0,513,10.0,679.76,4,665.54
2026-01-18 11:00:00,D,11,4,0,552,10.0,620.21,4,555.12
2026-01-18 12:00:00,A,12,4,0,635,10.0,675.07,5,592.85
2026-01-18 12:00:00,B,12,4,0,440,13.12,567.23,6,461.68
2026-01-18 12:00:00,C,12,4,0,592,10.0,542.82,4,525.71
2026-01-18 12:00:00,D,12,4,0,533,22.52,538.39,4,605.11
2026-01-18 13:00:00,A,13,4,0,531,10.0,696.97,5,476.46
2026-01-18 13:00:00,B,13,4,0,362,10.0,464.6,6,438.26
2026-01-18 13:00:00,C,13,4,0,435,10.0,474.48,4,577.21
2026-01-18 13:00:00,D,13,4,0,508,21.2,478.17,4,465.27
2026-01-18 14:00:00,A,14,4,0,396,10.0,506.21,5,536.45
2026-01-18 14:00:00,B,14,4,0,311,10.0,370.39,6,349.48
2026-01-18 14:00:00,C,14,4,0,434,14.66,557.4,4,393.64
2026-01-18 14:00:00,D,14,4,0,433,10.0,519.46,4,495.41
2026-01-18 15:00:00,A,15,4,0,446,10.73,536.11,5,484.29
2026-01-18 15:00:00,B,15,4,0,276,32.79,299.16,6,339.92
2026-01-18 15:00:00,C,15,4,0,335,10.0,372.97,4,349.65
2026-01-18 15:00:00,D,15,4,0,307,10.0,393.21,4,419.35
2026-01-18 16:00:00,A,16,4,1,615,10.32,616.62,5,727.19
2026-01-18 16:00:00,B,16,4,1,376,10.0,382.44,6,531.31
2026-01-18 16:00:00,C,16,4,1,408,10.0,520.97,4,552.66
2026-01-18 16:00:00,D,16,4,1,400,10.0,593.29,4,610.2
2026-01-18 17:00:00,A,17,4,1,444,17.03,503.48,5,654.54
2026-01-18 17:00:00,B,17,4,1,412,10.0,475.36,6,501.81
2026-01-18 17:00:00,C,17,4,1,412,10.0,568.43,4,586.78
2026-01-18 17:00:00,D,17,4,1,422,10.0,476.03,4,597.17
2026-01-18 18:00:00,A,18,4,1,549,17.08,553.44,5,639.08
2026-01-18 18:00:00,B,18,4,1,418,24.83,482.53,6,509.33
2026-01-18 18:00:00,C,18,4,1,383,10.0,500.93,4,610.06
2026-01-18 18:00:00,D,18,4,1,382,10.0,491.91,4,497.64
2026-01-18 19:00:00,A,19,4,1,586,10.0,503.39,5,645.52
2026-01-18 19:00:00,B,19,4,1,435,23.43,416.93,6,470.66
2026-01-18 19:00:00,C,19,4,1,425,10.0,512.34,4,571.72
2026-01-18 19:00:00,D,19,4,1,392,10.0,516.9,4,584.01
2026-01-18 20:00:00,A,20,4,0,445,10.0,367.44,5,415.96
2026-01-18 20:00:00,B,20,4,0,269,10.0,316.48,6,205.96
2026-01-18 20:00:00,C,20,4,0,312,33.13,395.96,4,303.22
2026-01-18 20:00:00,D,20,4,0,313,10.0,418.32,4,450.77
2026-01-18 21:00:00,A,21,4,0,367,10.0,548.42,5,447.54
2026-01-18 21:00:00,B,21,4,0,312,10.0,347.35,6,310.54
2026-01-18 21:00:00,C,21,4,0,344,10.0,449.74,4,417.83
2026-01-18 21:00:00,D,21,4,0,352,16.89,471.89,4,395.82
2026-01-18 22:00:00,A,22,4,0,502,25.31,510.36,5,431.03
2026-01-18 22:00:00,B,22,4,0,277,23.73,335.49,6,343.79
2026-01-18 22:00:00,C,22,4,0,415,24.29,434.64,4,475.83
2026-01-18 22:00:00,D,22,4,0,414,10.0,398.34,4,450.15
2026-01-18 23:00:00,A,23,4,0,603,10.0,572.58,5,525.59
2026-01-18 23:00:00,B,23,4,0,315,10.0,429.34,6,403.32
2026-01-18 23:00:00,C,23,4,0,427,18.24,572.7,4,478.69
2026-01-18 23:00:00,D,23,4,0,457,10.0,510.62,4,452.28
2026-01-19 00:00:00,A,0,5,0,538,10.0,606.29,5,655.76
2026-01-19 00:00:00,B,0,5,0,354,10.0,498.37,6,462.09
2026-01-19 00:00:00,C,0,5,0,568,10.0,621.99,4,539.55
2026-01-19 00:00:00,D,0,5,0,545,10.0,605.25,4,623.55
2026-01-19 01:00:00,A,1,5,0,573,25.35,741.75,5,693.41
2026-01-19 01:00:00,B,1,5,0,392,10.0,608.77,6,441.28
2026-01-19 01:00:00,C,1,5,0,512,10.0,768.96,4,622.83
2026-01-19 01:00:00,D,1,5,0,618,10.0,737.11,4,580.84
2026-01-19 02:00:00,A,2,5,0,621,10.0,773.19,5,802.87
2026-01-19 02:00:00,B,2,5,0,592,10.0,668.59,6,522.39
2026-01-19 02:00:00,C,2,5,0,609,21.26,636.04,4,745.54
2026-01-19 02:00:00,D,2,5,0,682,13.55,768.31,4,590.86
2026-01-19 03:00:00,A,3,5,0,697,10.0,904.44,5,772.64
2026-01-19 03:00:00,B,3,5,0,600,10.0,637.43,6,645.69
2026-01-19 03:00:00,C,3,5,0,582,23.7,845.09,4,697.66
2026-01-19 03:00:00,D,3,5,0,676,10.0,657.74,4,644.88
2026-01-19 04:00:00,A,4,5,0,693,21.5,807.1,5,881.23
2026-01-19 04:00:00,B,4,5,0,560,10.0,582.65,6,581.46
2026-01-19 04:00:00,C,4,5,0,587,10.0,784.18,4,772.08
2026-01-19 04:00:00,D,4,5,0,662,10.0,809.1,4,780.24
2026-01-19 05:00:00,A,5,5,0,662,12.62,939.84,5,871.78
2026-01-19 05:00:00,B,5,5,0,677,10.0,598.14,6,653.86
2026-01-19 05:00:00,C,5,5,0,613,10.0,735.84,4,757.51
2026-01-19 05:00:00,D,5,5,0,614,10.0,730.45,4,727.77
2026-01-19 06:00:00,A,6,5,0,928,10.0,863.87,5,904.15
2026-01-19 06:00:00,B,6,5,0,551,10.0,638.57,6,615.58
2026-01-19 06:00:00,C,6,5,0,736,15.49,881.7,4,773.64
2026-01-19 06:00:00,D,6,5,0,673,10.0,848.5,4,728.08
2026-01-19 07:00:00,A,7,5,1,1226,10.0,1272.29,5,1311.01
2026-01-19 07:00:00,B,7,5,1,758,10.0,903.01,6,1017.66
2026-01-19 07:00:00,C,7,5,1,1071,25.33,1009.62,4,1168.74
2026-01-19 07:00:00,D,7,5,1,1045,10.0,1271.37,4,1121.78
2026-01-19 08:00:00,A,8,5,1,1189,10.31,1149.0,5,1312.77
2026-01-19 08:00:00,B,8,5,1,732,10.0,849.62,6,978.29
2026-01-19 08:00:00,C,8,5,1,992,19.1,1199.75,4,1169.31
2026-01-19 08:00:00,D,8,5,1,854,10.0,1292.52,4,1107.37
2026-01-19 09:00:00,A,9,5,1,992,12.12,1359.23,5,1206.07
2026-01-19 09:00:00,B,9,5,1,875,12.43,858.81,6,921.13
2026-01-19 09:00:00,C,9,5,1,845,10.0,1165.52,4,1053.99
2026-01-19 09:00:00,D,9,5,1,1098,18.87,1050.18,4,1141.47
2026-01-19 10:00:00,A,10,5,0,730,10.0,750.06,5,770.25
2026-01-19 10:00:00,B,10,5,0,573,10.0,532.58,6,569.44
2026-01-19 10:00:00,C,10,5,0,511,10.0,678.83,4,733.44
2026-01-19 10:00:00,D,10,5,0,696,10.0,669.68,4,619.88
2026-01-19 11:00:00,A,11,5,0,597,10.0,680.44,5,670.04
2026-01-19 11:00:00,B,11,5,0,490,18.5,612.16,6,437.25
2026-01-19 11:00:00,C,11,5,0,483,10.0,677.41,4,578.14
2026-01-19 11:00:00,D,11,5,0,557,22.73,674.53,4,610.7
2026-01-19 12:00:00,A,12,5,0,502,10.0,595.21,5,605.95
2026-01-19 12:00:00,B,12,5,0,372,10.0,447.52,6,413.58
2026-01-19 12:00:00,C,12,5,0,457,10.0,685.72,4,616.99
2026-01-19 12:00:00,D,12,5,0,429,31.1,595.75,4,474.7
2026-01-19 13:00:00,A,13,5,0,495,10.0,521.44,5,596.83
2026-01-19 13:00:00,B,13,5,0,361,10.0,420.36,6,371.39
2026-01-19 13:00:00,C,13,5,0,555,10.0,555.76,4,414.49
2026-01-19 13:00:00,D,13,5,0,469,10.0,516.59,4,514.23
2026-01-19 14:00:00,A,14,5,0,431,10.0,602.64,5,479.48
2026-01-19 14:00:00,B,14,5,0,370,10.33,396.62,6,370.95
2026-01-19 14:00:00,C,14,5,0,414,15.4,414.15,4,412.38
2026-01-19 14:00:00,D,14,5,0,348,10.0,444.06,4,398.31
2026-01-19 15:00:00,A,15,5,0,374,10.0,465.88,5,386.22
2026-01-19 15:00:00,B,15,5,0,353,10.0,349.44,6,260.08
2026-01-19 15:00:00,C,15,5,0,402,11.2,497.56,4,340.5
2026-01-19 15:00:00,D,15,5,0,315,10.0,441.44,4,370.58
2026-01-19 16:00:00,A,16,5,1,553,10.0,561.77,5,627.88
2026-01-19 16:00:00,B,16,5,1,460,10.0,418.06,6,534.42
2026-01-19 16:00:00,C,16,5,1,505,10.0,589.13,4,596.82
2026-01-19 16:00:00,D,16,5,1,409,10.0,468.47,4,633.45
2026-01-19 17:00:00,A,17,5,1,512,10.0,604.93,5,720.42
2026-01-19 17:00:00,B,17,5,1,344,10.0,421.97,6,528.1
2026-01-19 17:00:00,C,17,5,1,413,10.0,486.85,4,575.93
2026-01-19 17:00:00,D,17,5,1,481,10.0,556.61,4,617.4
2026-01-19 18:00:00,A,18,5,1,560,11.62,507.64,5,706.34
2026-01-19 18:00:00,B,18,5,1,312,10.0,465.28,6,582.76
2026-01-19 18:00:00,C,18,5,1,464,10.48,540.43,4,633.43
2026-01-19 18:00:00,D,18,5,1,416,10.0,449.96,4,576.49
2026-01-19 19:00:00,A,19,5,1,448,19.81,637.82,5,594.3
2026-01-19 19:00:00,B,19,5,1,392,10.0,415.84,6,479.13
2026-01-19 19:00:00,C,19,5,1,483,22.39,480.19,4,649.32
2026-01-19 19:00:00,D,19,5,1,373,10.0,561.58,4,555.18
2026-01-19 20:00:00,A,20,5,0,311,10.0,410.78,5,457.01
2026-01-19 20:00:00,B,20,5,0,299,10.0,269.31,6,354.48
2026-01-19 20:00:00,C,20,5,0,347,18.2,372.8,4,381.28
2026-01-19 20:00:00,D,20,5,0,374,10.16,393.5,4,363.22
2026-01-19 21:00:00,A,21,5,0,365,10.0,447.19,5,451.42
2026-01-19 21:00:00,B,21,5,0,299,10.0,391.13,6,264.2
2026-01-19 21:00:00,C,21,5,0,364,13.34,447.77,4,374.67
2026-01-19 21:00:00,D,21,5,0,352,10.0,405.03,4,348.65
2026-01-19 22:00:00,A,22,5,0,495,10.0,483.56,5,489.89
2026-01-19 22:00:00,B,22,5,0,333,10.0,373.28,6,352.92
2026-01-19 22:00:00,C,22,5,0,382,10.0,440.23,4,480.85
2026-01-19 22:00:00,D,22,5,0,372,10.0,535.31,4,459.92
2026-01-19 23:00:00,A,23,5,0,500,10.0,643.67,5,562.38
2026-01-19 23:00:00,B,23,5,0,398,10.0,379.51,6,386.55
2026-01-19 23:00:00,C,23,5,0,429,10.07,592.87,4,445.28
2026-01-19 23:00:00,D,23,5,0,507,29.68,547.91,4,532.41
2026-01-20 00:00:00,A,0,6,0,470,10.0,678.17,5,604.99
2026-01-20 00:00:00,B,0,6,0,474,10.0,429.86,6,335.11
2026-01-20 00:00:00,C,0,6,0,582,15.21,677.45,4,552.76
2026-01-20 00:00:00,D,0,6,0,550,10.0,528.89,4,547.94
2026-01-20 01:00:00,A,1,6,0,687,12.44,710.16,5,643.23
2026-01-20 01:00:00,B,1,6,0,538,33.82,579.91,6,528.38
2026-01-20 01:00:00,C,1,6,0,610,13.47,581.0,4,631.36
2026-01-20 01:00:00,D,1,6,0,656,10.0,710.38,4,590.57
2026-01-20 02:00:00,A,2,6,0,614,10.0,733.01,5,796.63
2026-01-20 02:00:00,B,2,6,0,411,10.0,535.21,6,545.76
2026-01-20 02:00:00,C,2,6,0,549,10.0,646.77,4,700.78
2026-01-20 02:00:00,D,2,6,0,593,10.0,614.02,4,509.07
2026-01-20 03:00:00,A,3,6,0,835,14.31,733.6,5,842.92
2026-01-20 03:00:00,B,3,6,0,622,26.61,538.65,6,574.87
2026-01-20 03:00:00,C,3,6,0,712,10.0,755.22,4,718.89
2026-01-20 03:00:00,D,3,6,0,676,10.0,754.18,4,744.24
2026-01-20 04:00:00,A,4,6,0,732,10.0,924.55,5,865.8
2026-01-20 04:00:00,B,4,6,0,595,10.0,641.98,6,580.34
2026-01-20 04:00:00,C,4,6,0,653,16.31,696.0,4,757.09
2026-01-20 04:00:00,D,4,6,0,673,18.03,771.98,4,742.18
2026-01-20 05:00:00,A,5,6,0,880,16.21,995.88,5,830.62
2026-01-20 05:00:00,B,5,6,0,474,12.32,733.02,6,649.79
2026-01-20 05:00:00,C,5,6,0,598,10.0,706.95,4,816.44
2026-01-20 05:00:00,D,5,6,0,669,17.57,744.43,4,795.26
2026-01-20 06:00:00,A,6,6,0,868,16.95,943.64,5,891.37
2026-01-20 06:00:00,B,6,6,0,699,10.0,745.16,6,641.5
2026-01-20 06:00:00,C,6,6,0,600,10.0,789.73,4,802.53
2026-01-20 06:00:00,D,6,6,0,586,17.82,842.44,4,804.38
2026-01-20 07:00:00,A,7,6,1,1223,17.92,1138.08,5,1240.67
2026-01-20 07:00:00,B,7,6,1,743,10.0,855.87,6,985.91
2026-01-20 07:00:00,C,7,6,1,1115,15.32,1033.79,4,1271.9
2026-01-20 07:00:00,D,7,6,1,864,11.76,1103.96,4,1134.63
2026-01-20 08:00:00,A,8,6,1,977,10.0,1353.58,5,1169.16
2026-01-20 08:00:00,B,8,6,1,712,17.29,863.98,6,958.75
2026-01-20 08:00:00,C,8,6,1,941,21.67,981.72,4,1235.0
2026-01-20 08:00:00,D,8,6,1,803,24.58,1181.9,4,1141.1
2026-01-20 09:00:00,A,9,6,1,890,33.07,1074.49,5,1291.43
2026-01-20 09:00:00,B,9,6,1,841,10.0,804.57,6,991.97
2026-01-20 09:00:00,C,9,6,1,783,10.0,1209.41,4,1149.39
2026-01-20 09:00:00,D,9,6,1,791,15.49,989.16,4,1136.5
2026-01-20 10:00:00,A,10,6,0,822,10.0,897.33,5,805.3
2026-01-20 10:00:00,B,10,6,0,526,19.91,492.83,6,587.25
2026-01-20 10:00:00,C,10,6,0,586,24.93,797.92,4,733.24
2026-01-20 10:00:00,D,10,6,0,543,17.97,620.33,4,709.76
2026-01-20 11:00:00,A,11,6,0,558,12.82,636.88,5,684.5
2026-01-20 11:00:00,B,11,6,0,473,11.85,574.07,6,467.52
2026-01-20 11:00:00,C,11,6,0,505,19.28,750.83,4,726.93
2026-01-20 11:00:00,D,11,6,0,508,13.23,715.43,4,593.72
2026-01-20 12:00:00,A,12,6,0,581,10.0,657.99,5,618.32
2026-01-20 12:00:00,B,12,6,0,445,16.55,427.78,6,479.57
2026-01-20 12:00:00,C,12,6,0,523,10.0,593.03,4,562.94
2026-01-20 12:00:00,D,12,6,0,491,10.0,547.33,4,491.1
2026-01-20 13:00:00,A,13,6,0,472,10.0,687.88,5,545.16
2026-01-20 13:00:00,B,13,6,0,449,10.0,393.93,6,447.92
2026-01-20 13:00:00,C,13,6,0,407,10.0,536.83,4,493.29
2026-01-20 13:00:00,D,13,6,0,443,10.0,504.56,4,492.93
2026-01-20 14:00:00,A,14,6,0,455,10.0,609.47,5,432.72
2026-01-20 14:00:00,B,14,6,0,320,10.0,405.23,6,309.13
2026-01-20 14:00:00,C,14,6,0,486,10.0,498.51,4,489.85
2026-01-20 14:00:00,D,14,6,0,341,10.0,519.68,4,420.93
2026-01-20 15:00:00,A,15,6,0,353,27.55,532.82,5,436.07
2026-01-20 15:00:00,B,15,6,0,316,10.0,297.02,6,251.17
2026-01-20 15:00:00,C,15,6,0,400,16.01,436.2,4,439.04
2026-01-20 15:00:00,D,15,6,0,337,10.0,470.8,4,366.09
2026-01-20 16:00:00,A,16,6,1,559,11.8,694.15,5,720.05
2026-01-20 16:00:00,B,16,6,1,369,10.0,446.82,6,488.13
2026-01-20 16:00:00,C,16,6,1,466,14.87,640.89,4,576.99
2026-01-20 16:00:00,D,16,6,1,514,10.0,511.22,4,620.2
2026-01-20 17:00:00,A,17,6,1,437,10.0,533.29,5,660.78
2026-01-20 17:00:00,B,17,6,1,331,10.0,427.84,6,462.57
2026-01-20 17:00:00,C,17,6,1,457,10.0,531.87,4,541.87
2026-01-20 17:00:00,D,17,6,1,500,16.46,577.02,4,619.29
2026-01-20 18:00:00,A,18,6,1,503,10.0,627.61,5,638.69
2026-01-20 18:00:00,B,18,6,1,358,26.8,422.83,6,538.12
2026-01-20 18:00:00,C,18,6,1,418,20.13,495.48,4,590.54
2026-01-20 18:00:00,D,18,6,1,512,10.0,485.41,4,533.62
2026-01-20 19:00:00,A,19,6,1,543,10.0,529.95,5,624.32
2026-01-20 19:00:00,B,19,6,1,406,10.0,369.22,6,513.2
2026-01-20 19:00:00,C,19,6,1,453,10.0,586.09,4,581.24
2026-01-20 19:00:00,D,19,6,1,385,10.0,520.14,4,680.2
2026-01-20 20:00:00,A,20,6,0,307,10.0,411.91,5,479.94
2026-01-20 20:00:00,B,20,6,0,248,10.0,371.02,6,283.75
2026-01-20 20:00:00,C,20,6,0,399,10.0,404.29,4,395.6
2026-01-20 20:00:00,D,20,6,0,330,10.0,403.66,4,362.19
2026-01-20 21:00:00,A,21,6,0,442,10.0,482.16,5,358.7
2026-01-20 21:00:00,B,21,6,0,275,10.0,336.29,6,420.61
2026-01-20 21:00:00,C,21,6,0,318,10.0,451.51,4,366.72
2026-01-20 21:00:00,D,21,6,0,300,10.0,383.58,4,502.34
2026-01-20 22:00:00,A,22,6,0,483,23.62,515.21,5,494.82
2026-01-20 22:00:00,B,22,6,0,384,15.18,402.68,6,359.77
2026-01-20 22:00:00,C,22,6,0,400,10.0,480.5,4,467.52
2026-01-20 22:00:00,D,22,6,0,341,12.57,421.8,4,420.51
2026-01-20 23:00:00,A,23,6,0,453,10.0,536.05,5,578.83
2026-01-20 23:00:00,B,23,6,0,404,10.0,447.88,6,402.57
2026-01-20 23:00:00,C,23,6,0,530,10.0,552.96,4,427.17
2026-01-20 23:00:00,D,23,6,0,448,10.0,578.95,4,489.95
2026-01-21 00:00:00,A,0,7,0,621,10.0,600.4,5,637.48
2026-01-21 00:00:00,B,0,7,0,455,10.0,515.77,6,462.47
2026-01-21 00:00:00,C,0,7,0,586,10.0,630.21,4,622.92
2026-01-21 00:00:00,D,0,7,0,549,10.0,524.75,4,430.23
2026-01-21 01:00:00,A,1,7,0,669,14.45,629.17,5,632.8
2026-01-21 01:00:00,B,1,7,0,476,21.61,466.01,6,600.67
2026-01-21 01:00:00,C,1,7,0,588,10.0,601.02,4,564.52
2026-01-21 01:00:00,D,1,7,0,522,18.71,728.63,4,568.81
2026-01-21 02:00:00,A,2,7,0,707,21.35,794.77,5,662.23
2026-01-21 02:00:00,B,2,7,0,499,10.0,502.58,6,465.59
2026-01-21 02:00:00,C,2,7,0,495,10.0,623.71,4,607.89
2026-01-21 02:00:00,D,2,7,0,499,10.0,787.43,4,758.16
2026-01-21 03:00:00,A,3,7,0,834,10.0,738.5,5,766.93
2026-01-21 03:00:00,B,3,7,0,516,10.0,567.7,6,547.3
2026-01-21 03:00:00,C,3,7,0,556,10.0,760.01,4,669.88
2026-01-21 03:00:00,D,3,7,0,582,10.0,750.48,4,660.07
2026-01-21 04:00:00,A,4,7,0,844,19.17,852.3,5,702.0
2026-01-21 04:00:00,B,4,7,0,568,12.6,652.31,6,580.69
2026-01-21 04:00:00,C,4,7,0,601,10.0,807.78,4,654.51
2026-01-21 04:00:00,D,4,7,0,577,10.0,669.01,4,736.24
2026-01-21 05:00:00,A,5,7,0,692,11.87,886.75,5,842.04
2026-01-21 05:00:00,B,5,7,0,459,10.0,567.9,6,642.2
2026-01-21 05:00:00,C,5,7,0,655,10.0,890.06,4,705.39
2026-01-21 05:00:00,D,5,7,0,785,16.99,914.15,4,684.2
2026-01-21 06:00:00,A,6,7,0,901,10.39,805.3,5,804.62
2026-01-21 06:00:00,B,6,7,0,460,10.0,562.96,6,629.56
2026-01-21 06:00:00,C,6,7,0,624,10.0,793.93,4,750.51
2026-01-21 06:00:00,D,6,7,0,813,10.0,922.61,4,699.51
2026-01-21 07:00:00,A,7,7,1,933,10.0,1095.63,5,1266.43
2026-01-21 07:00:00,B,7,7,1,928,19.37,1029.07,6,877.65
2026-01-21 07:00:00,C,7,7,1,912,33.5,996.52,4,1144.65
2026-01-21 07:00:00,D,7,7,1,943,27.3,1184.65,4,1116.21
2026-01-21 08:00:00,A,8,7,1,1186,13.09,1152.75,5,1217.42
2026-01-21 08:00:00,B,8,7,1,634,20.54,993.12,6,990.59
2026-01-21 08:00:00,C,8,7,1,826,21.38,1178.82,4,1130.58
2026-01-21 08:00:00,D,8,7,1,881,10.0,1257.14,4,1177.29
2026-01-21 09:00:00,A,9,7,1,954,10.0,1047.15,5,1202.9
2026-01-21 09:00:00,B,9,7,1,757,10.0,999.62,6,902.7
2026-01-21 09:00:00,C,9,7,1,878,20.47,904.38,4,1076.32
2026-01-21 09:00:00,D,9,7,1,889,10.0,956.52,4,1045.34
2026-01-21 10:00:00,A,10,7,0,711,10.0,748.52,5,767.41
2026-01-21 10:00:00,B,10,7,0,406,10.0,613.85,6,492.37
2026-01-21 10:00:00,C,10,7,0,639,24.0,684.72,4,615.64
2026-01-21 10:00:00,D,10,7,0,635,10.0,790.9,4,715.08
2026-01-21 11:00:00,A,11,7,0,530,10.0,752.0,5,757.22
2026-01-21 11:00:00,B,11,7,0,469,10.0,551.66,6,576.21
2026-01-21 11:00:00,C,11,7,0,456,10.0,671.49,4,503.06
2026-01-21 11:00:00,D,11,7,0,487,10.0,634.21,4,560.68
2026-01-21 12:00:00,A,12,7,0,595,10.0,551.79,5,589.3
2026-01-21 12:00:00,B,12,7,0,414,18.82,411.29,6,455.01
2026-01-21 12:00:00,C,12,7,0,547,10.0,515.58,4,544.55
2026-01-21 12:00:00,D,12,7,0,526,10.0,512.12,4,549.25
2026-01-21 13:00:00,A,13,7,0,467,10.0,605.52,5,557.13
2026-01-21 13:00:00,B,13,7,0,411,10.0,353.5,6,369.85
2026-01-21 13:00:00,C,13,7,0,482,18.82,443.82,4,564.21
2026-01-21 13:00:00,D,13,7,0,464,10.0,555.35,4,456.45
2026-01-21 14:00:00,A,14,7,0,479,10.0,572.54,5,461.27
2026-01-21 14:00:00,B,14,7,0,265,10.0,373.08,6,375.43
2026-01-21 14:00:00,C,14,7,0,399,10.0,405.42,4,433.9
2026-01-21 14:00:00,D,14,7,0,394,13.74,479.0,4,373.22
2026-01-21 15:00:00,A,15,7,0,451,10.0,451.19,5,409.97
2026-01-21 15:00:00,B,15,7,0,252,10.48,319.2,6,318.44
2026-01-21 15:00:00,C,15,7,0,328,10.0,472.09,4,469.68
2026-01-21 15:00:00,D,15,7,0,384,19.46,436.44,4,414.01
2026-01-21 16:00:00,A,16,7,1,527,10.0,672.48,5,799.64
2026-01-21 16:00:00,B,16,7,1,328,10.0,511.92,6,473.17
2026-01-21 16:00:00,C,16,7,1,425,17.27,537.56,4,669.58
2026-01-21 16:00:00,D,16,7,1,462,10.0,538.37,4,669.87
2026-01-21 17:00:00,A,17,7,1,447,10.0,615.79,5,654.86
2026-01-21 17:00:00,B,17,7,1,316,15.46,477.75,6,510.81
2026-01-21 17:00:00,C,17,7,1,431,10.0,527.23,4,630.79
2026-01-21 17:00:00,D,17,7,1,355,20.2,471.72,4,584.79
2026-01-21 18:00:00,A,18,7,1,557,10.0,624.95,5,631.04
2026-01-21 18:00:00,B,18,7,1,327,10.0,450.22,6,489.82
2026-01-21 18:00:00,C,18,7,1,446,12.84,442.41,4,522.11
2026-01-21 18:00:00,D,18,7,1,368,23.01,458.7,4,552.57
2026-01-21 19:00:00,A,19,7,1,569,10.0,555.37,5,615.45
2026-01-21 19:00:00,B,19,7,1,367,12.16,418.97,6,566.76
2026-01-21 19:00:00,C,19,7,1,403,10.0,552.39,4,612.63
2026-01-21 19:00:00,D,19,7,1,359,10.0,545.07,4,608.12
2026-01-21 20:00:00,A,20,7,0,316,10.0,485.67,5,433.8
2026-01-21 20:00:00,B,20,7,0,225,10.0,259.16,6,386.6
2026-01-21 20:00:00,C,20,7,0,377,10.0,387.51,4,296.28
2026-01-21 20:00:00,D,20,7,0,339,10.0,334.29,4,322.18
2026-01-21 21:00:00,A,21,7,0,384,10.0,484.77,5,412.8
2026-01-21 21:00:00,B,21,7,0,293,10.0,380.97,6,239.22
2026-01-21 21:00:00,C,21,7,0,407,10.0,397.76,4,370.85
2026-01-21 21:00:00,D,21,7,0,363,12.86,342.02,4,339.01
2026-01-21 22:00:00,A,22,7,0,461,10.0,451.76,5,479.9
2026-01-21 22:00:00,B,22,7,0,294,13.45,321.3,6,230.29
2026-01-21 22:00:00,C,22,7,0,466,12.67,509.04,4,458.57
2026-01-21 22:00:00,D,22,7,0,399,10.0,492.37,4,431.48
2026-01-21 23:00:00,A,23,7,0,513,17.58,596.4,5,512.19
2026-01-21 23:00:00,B,23,7,0,416,10.0,359.09,6,418.21
2026-01-21 23:00:00,C,23,7,0,390,10.0,574.84,4,394.99
2026-01-21 23:00:00,D,23,7,0,384,23.8,575.74,4,493.34
2026-01-22 00:00:00,A,0,1,0,588,10.0,729.4,5,621.05
2026-01-22 00:00:00,B,0,1,0,419,10.0,543.05,6,418.97
2026-01-22 00:00:00,C,0,1,0,593,10.0,665.68,4,548.65
2026-01-22 00:00:00,D,0,1,0,489,10.0,540.56,4,527.75
2026-01-22 01:00:00,A,1,1,0,706,10.01,623.64,5,669.5
2026-01-22 01:00:00,B,1,1,0,449,10.0,522.67,6,435.92
2026-01-22 01:00:00,C,1,1,0,597,10.0,696.85,4,630.08
2026-01-22 01:00:00,D,1,1,0,456,10.0,546.21,4,559.37
2026-01-22 02:00:00,A,2,1,0,721,10.0,744.1,5,793.83
2026-01-22 02:00:00,B,2,1,0,476,10.0,582.11,6,541.2
2026-01-22 02:00:00,C,2,1,0,628,10.0,643.0,4,573.86
2026-01-22 02:00:00,D,2,1,0,540,10.0,692.79,4,701.97
2026-01-22 03:00:00,A,3,1,0,717,10.0,796.03,5,684.45
2026-01-22 03:00:00,B,3,1,0,612,24.79,516.66,6,523.51
2026-01-22 03:00:00,C,3,1,0,557,10.0,861.82,4,710.89
2026-01-22 03:00:00,D,3,1,0,605,10.0,785.75,4,771.19
2026-01-22 04:00:00,A,4,1,0,857,24.27,749.56,5,802.68
2026-01-22 04:00:00,B,4,1,0,534,10.0,664.08,6,538.22
2026-01-22 04:00:00,C,4,1,0,678,11.67,819.18,4,733.73
2026-01-22 04:00:00,D,4,1,0,750,10.0,652.43,4,704.15
2026-01-22 05:00:00,A,5,1,0,741,10.0,1025.6,5,854.27
2026-01-22 05:00:00,B,5,1,0,593,10.0,592.75,6,614.36
2026-01-22 05:00:00,C,5,1,0,623,10.0,925.29,4,766.97
2026-01-22 05:00:00,D,5,1,0,559,10.0,743.58,4,830.46
2026-01-22 06:00:00,A,6,1,0,915,10.0,873.39,5,816.63
2026-01-22 06:00:00,B,6,1,0,606,10.0,720.52,6,611.31
2026-01-22 06:00:00,C,6,1,0,680,10.0,818.24,4,760.66
2026-01-22 06:00:00,D,6,1,0,678,10.0,876.72,4,838.79
2026-01-22 07:00:00,A,7,1,1,1002,15.78,1084.89,5,1336.47
2026-01-22 07:00:00,B,7,1,1,791,10.0,1029.8,6,991.61
2026-01-22 07:00:00,C,7,1,1,854,10.0,1161.07,4,1189.6
2026-01-22 07:00:00,D,7,1,1,810,10.0,1198.12,4,1197.95
2026-01-22 08:00:00,A,8,1,1,1255,36.82,1123.29,5,1270.47
2026-01-22 08:00:00,B,8,1,1,730,10.0,962.06,6,1000.94
2026-01-22 08:00:00,C,8,1,1,891,28.71,1142.25,4,1131.99
2026-01-22 08:00:00,D,8,1,1,958,10.0,1017.58,4,1162.31
2026-01-22 09:00:00,A,9,1,1,1034,10.96,1166.76,5,1236.56
2026-01-22 09:00:00,B,9,1,1,675,10.0,949.92,6,916.1
2026-01-22 09:00:00,C,9,1,1,1048,10.0,1177.82,4,1066.74
2026-01-22 09:00:00,D,9,1,1,734,13.33,907.32,4,1027.37
2026-01-22 10:00:00,A,10,1,0,630,15.44,745.59,5,749.82
2026-01-22 10:00:00,B,10,1,0,557,10.0,597.34,6,583.58
2026-01-22 10:00:00,C,10,1,0,585,10.0,708.91,4,635.03
2026-01-22 10:00:00,D,10,1,0,661,10.0,640.24,4,643.66
2026-01-22 11:00:00,A,11,1,0,702,10.0,758.56,5,641.61
2026-01-22 11:00:00,B,11,1,0,463,10.0,588.62,6,497.88
2026-01-22 11:00:00,C,11,1,0,641,19.35,540.79,4,570.84
2026-01-22 11:00:00,D,11,1,0,627,10.0,534.9,4,613.07
2026-01-22 12:00:00,A,12,1,0,630,10.0,597.46,5,651.76
2026-01-22 12:00:00,B,12,1,0,437,13.59,429.6,6,478.6
2026-01-22 12:00:00,C,12,1,0,592,10.0,659.72,4,591.56
2026-01-22 12:00:00,D,12,1,0,577,10.0,564.03,4,544.27
2026-01-22 13:00:00,A,13,1,0,438,10.0,600.08,5,560.05
2026-01-22 13:00:00,B,13,1,0,313,10.0,404.33,6,372.94
2026-01-22 13:00:00,C,13,1,0,448,10.0,467.89,4,481.47
2026-01-22 13:00:00,D,13,1,0,450,10.0,537.37,4,446.57
2026-01-22 14:00:00,A,14,1,0,364,10.0,451.3,5,450.25
2026-01-22 14:00:00,B,14,1,0,323,10.0,408.09,6,320.47
2026-01-22 14:00:00,C,14,1,0,438,13.83,424.74,4,430.61
2026-01-22 14:00:00,D,14,1,0,411,10.0,412.66,4,481.97
2026-01-22 15:00:00,A,15,1,0,447,10.0,428.7,5,448.79
2026-01-22 15:00:00,B,15,1,0,268,10.0,381.65,6,352.91
2026-01-22 15:00:00,C,15,1,0,414,15.76,370.62,4,402.04
2026-01-22 15:00:00,D,15,1,0,316,13.54,414.32,4,403.25
2026-01-22 16:00:00,A,16,1,1,554,10.0,591.37,5,657.72
2026-01-22 16:00:00,B,16,1,1,345,10.0,501.55,6,457.73
2026-01-22 16:00:00,C,16,1,1,451,23.56,622.29,4,656.27
2026-01-22 16:00:00,D,16,1,1,408,10.0,520.74,4,537.06
2026-01-22 17:00:00,A,17,1,1,430,10.84,600.19,5,624.89
2026-01-22 17:00:00,B,17,1,1,326,14.4,347.16,6,455.45
2026-01-22 17:00:00,C,17,1,1,396,10.0,493.95,4,578.54
2026-01-22 17:00:00,D,17,1,1,420,12.02,446.52,4,548.85
2026-01-22 18:00:00,A,18,1,1,472,10.9,479.87,5,564.91
2026-01-22 18:00:00,B,18,1,1,315,10.0,404.06,6,551.33
2026-01-22 18:00:00,C,18,1,1,416,26.83,522.21,4,625.21
2026-01-22 18:00:00,D,18,1,1,377,10.0,512.65,4,559.77
2026-01-22 19:00:00,A,19,1,1,471,10.0,480.64,5,679.9
2026-01-22 19:00:00,B,19,1,1,305,10.0,350.05,6,452.82
2026-01-22 19:00:00,C,19,1,1,495,17.49,495.8,4,664.7
2026-01-22 19:00:00,D,19,1,1,367,13.41,514.59,4,547.04
2026-01-22 20:00:00,A,20,1,0,302,27.63,399.01,5,430.87
2026-01-22 20:00:00,B,20,1,0,221,10.88,335.31,6,362.03
2026-01-22 20:00:00,C,20,1,0,300,13.98,359.86,4,349.31
2026-01-22 20:00:00,D,20,1,0,318,21.38,382.36,4,307.92
2026-01-22 21:00:00,A,21,1,0,413,10.0,386.59,5,407.54
2026-01-22 21:00:00,B,21,1,0,260,10.0,303.39,6,327.8
2026-01-22 21:00:00,C,21,1,0,411,10.0,389.03,4,382.93
2026-01-22 21:00:00,D,21,1,0,301,10.0,457.07,4,341.63
2026-01-22 22:00:00,A,22,1,0,437,11.38,546.39,5,381.3
2026-01-22 22:00:00,B,22,1,0,347,10.0,336.85,6,327.97
2026-01-22 22:00:00,C,22,1,0,406,27.34,521.75,4,422.13
2026-01-22 22:00:00,D,22,1,0,393,10.0,476.45,4,415.06
2026-01-22 23:00:00,A,23,1,0,516,10.0,517.36,5,489.3
2026-01-22 23:00:00,B,23,1,0,360,10.0,355.91,6,392.93
2026-01-22 23:00:00,C,23,1,0,440,10.0,504.77,4,413.92
2026-01-22 23:00:00,D,23,1,0,484,25.61,433.46,4,506.11
2026-01-23 00:00:00,A,0,2,0,592,10.0,772.56,5,538.42
2026-01-23 00:00:00,B,0,2,0,353,10.0,497.47,6,462.44
2026-01-23 00:00:00,C,0,2,0,615,15.74,544.19,4,534.27
2026-01-23 00:00:00,D,0,2,0,558,10.0,605.61,4,565.2
2026-01-23 01:00:00,A,1,2,0,521,10.0,849.17,5,707.84
2026-01-23 01:00:00,B,1,2,0,527,10.0,593.23,6,500.85
2026-01-23 01:00:00,C,1,2,0,577,10.0,567.83,4,661.31
2026-01-23 01:00:00,D,1,2,0,585,30.25,671.81,4,688.47
2026-01-23 02:00:00,A,2,2,0,798,10.0,901.1,5,772.04
2026-01-23 02:00:00,B,2,2,0,454,10.0,511.56,6,499.81
2026-01-23 02:00:00,C,2,2,0,587,11.49,807.75,4,629.43
2026-01-23 02:00:00,D,2,2,0,526,19.81,713.01,4,685.31
2026-01-23 03:00:00,A,3,2,0,831,18.04,939.09,5,813.79
2026-01-23 03:00:00,B,3,2,0,572,10.0,561.67,6,571.35
2026-01-23 03:00:00,C,3,2,0,549,22.69,758.94,4,719.58
2026-01-23 03:00:00,D,3,2,0,573,10.0,638.01,4,776.35
2026-01-23 04:00:00,A,4,2,0,813,10.14,990.97,5,896.9
2026-01-23 04:00:00,B,4,2,0,484,10.0,649.89,6,574.99
2026-01-23 04:00:00,C,4,2,0,766,10.0,903.9,4,755.14
2026-01-23 04:00:00,D,4,2,0,814,10.0,801.48,4,794.87
2026-01-23 05:00:00,A,5,2,0,922,10.0,811.87,5,892.3
2026-01-23 05:00:00,B,5,2,0,620,10.0,592.07,6,626.37
2026-01-23 05:00:00,C,5,2,0,713,30.94,898.11,4,805.19
2026-01-23 05:00:00,D,5,2,0,700,25.14,841.19,4,734.37
2026-01-23 06:00:00,A,6,2,0,765,10.0,794.36,5,925.73
2026-01-23 06:00:00,B,6,2,0,559,10.0,587.14,6,603.52
2026-01-23 06:00:00,C,6,2,0,800,10.0,824.97,4,767.87
2026-01-23 06:00:00,D,6,2,0,719,10.09,920.12,4,799.51
2026-01-23 07:00:00,A,7,2,1,1036,12.74,1109.15,5,1323.42
2026-01-23 07:00:00,B,7,2,1,724,10.0,914.65,6,1076.48
2026-01-23 07:00:00,C,7,2,1,1125,10.03,1363.15,4,1202.33
2026-01-23 07:00:00,D,7,2,1,1101,10.0,1069.78,4,1192.99
2026-01-23 08:00:00,A,8,2,1,943,23.19,1418.28,5,1228.58
2026-01-23 08:00:00,B,8,2,1,796,10.0,886.17,6,959.45
2026-01-23 08:00:00,C,8,2,1,1042,10.0,1300.11,4,1192.91
2026-01-23 08:00:00,D,8,2,1,921,31.56,1047.01,4,1118.02
2026-01-23 09:00:00,A,9,2,1,1020,10.0,1344.95,5,1239.11
2026-01-23 09:00:00,B,9,2,1,876,10.0,843.03,6,945.59
2026-01-23 09:00:00,C,9,2,1,859,15.24,1175.67,4,1108.66
2026-01-23 09:00:00,D,9,2,1,1095,19.52,1126.75,4,1098.91
2026-01-23 10:00:00,A,10,2,0,610,10.0,735.47,5,685.73
2026-01-23 10:00:00,B,10,2,0,532,44.39,670.25,6,577.14
2026-01-23 10:00:00,C,10,2,0,682,10.0,724.93,4,629.62
2026-01-23 10:00:00,D,10,2,0,530,10.0,796.79,4,673.45
2026-01-23 11:00:00,A,11,2,0,642,12.89,702.99,5,705.21
2026-01-23 11:00:00,B,11,2,0,462,12.11,495.48,6,605.74
2026-01-23 11:00:00,C,11,2,0,552,16.58,776.32,4,653.59
2026-01-23 11:00:00,D,11,2,0,527,10.0,657.18,4,557.86
2026-01-23 12:00:00,A,12,2,0,566,21.89,742.54,5,603.73
2026-01-23 12:00:00,B,12,2,0,481,10.0,490.96,6,391.05
2026-01-23 12:00:00,C,12,2,0,514,10.0,549.65,4,606.28
2026-01-23 12:00:00,D,12,2,0,443,10.0,674.49,4,572.6
2026-01-23 13:00:00,A,13,2,0,509,10.0,515.02,5,585.13
2026-01-23 13:00:00,B,13,2,0,441,10.0,464.36,6,398.52
2026-01-23 13:00:00,C,13,2,0,532,10.0,577.05,4,528.99
2026-01-23 13:00:00,D,13,2,0,485,10.0,554.53,4,515.84
2026-01-23 14:00:00,A,14,2,0,545,10.74,525.94,5,540.52
2026-01-23 14:00:00,B,14,2,0,350,18.2,367.85,6,364.35
2026-01-23 14:00:00,C,14,2,0,419,10.0,483.78,4,409.68
2026-01-23 14:00:00,D,14,2,0,332,10.0,453.29,4,419.84
2026-01-23 15:00:00,A,15,2,0,487,10.0,460.98,5,339.9
2026-01-23 15:00:00,B,15,2,0,278,10.0,396.62,6,335.16
2026-01-23 15:00:00,C,15,2,0,367,10.0,364.76,4,438.83
2026-01-23 15:00:00,D,15,2,0,378,19.9,418.53,4,407.1
2026-01-23 16:00:00,A,16,2,1,437,10.0,549.98,5,721.11
2026-01-23 16:00:00,B,16,2,1,382,11.59,457.29,6,506.22
2026-01-23 16:00:00,C,16,2,1,518,12.64,497.09,4,523.03
2026-01-23 16:00:00,D,16,2,1,518,10.0,573.47,4,570.3
2026-01-23 17:00:00,A,17,2,1,589,10.0,630.96,5,613.07
2026-01-23 17:00:00,B,17,2,1,415,12.47,481.21,6,495.42
2026-01-23 17:00:00,C,17,2,1,403,14.82,525.72,4,667.24
2026-01-23 17:00:00,D,17,2,1,445,21.1,505.86,4,562.58
2026-01-23 18:00:00,A,18,2,1,471,10.0,511.28,5,639.92
2026-01-23 18:00:00,B,18,2,1,313,23.13,370.16,6,469.5
2026-01-23 18:00:00,C,18,2,1,488,16.85,559.24,4,610.03
2026-01-23 18:00:00,D,18,2,1,478,10.0,462.56,4,566.66
2026-01-23 19:00:00,A,19,2,1,494,10.0,596.87,5,638.4
2026-01-23 19:00:00,B,19,2,1,362,10.0,425.62,6,584.5
2026-01-23 19:00:00,C,19,2,1,391,10.0,566.63,4,586.67
2026-01-23 19:00:00,D,19,2,1,463,23.33,511.65,4,532.12
2026-01-23 20:00:00,A,20,2,0,377,10.0,459.52,5,375.3
2026-01-23 20:00:00,B,20,2,0,310,10.0,332.09,6,326.42
2026-01-23 20:00:00,C,20,2,0,331,18.65,375.03,4,365.46
2026-01-23 20:00:00,D,20,2,0,315,10.0,441.81,4,396.43
2026-01-23 21:00:00,A,21,2,0,402,10.0,460.33,5,471.63
2026-01-23 21:00:00,B,21,2,0,314,10.0,337.67,6,303.47
2026-01-23 21:00:00,C,21,2,0,375,10.0,480.25,4,461.89
2026-01-23 21:00:00,D,21,2,0,330,10.0,406.63,4,379.16
2026-01-23 22:00:00,A,22,2,0,485,10.0,489.35,5,524.8
2026-01-23 22:00:00,B,22,2,0,389,12.11,378.71,6,366.13
2026-01-23 22:00:00,C,22,2,0,409,10.0,550.72,4,437.01
2026-01-23 22:00:00,D,22,2,0,394,10.0,518.63,4,470.76
2026-01-23 23:00:00,A,23,2,0,530,10.0,574.01,5,510.06
2026-01-23 23:00:00,B,23,2,0,401,10.49,433.25,6,426.63
2026-01-23 23:00:00,C,23,2,0,386,15.44,630.5,4,531.48
2026-01-23 23:00:00,D,23,2,0,475,13.04,618.55,4,511.39
2026-01-24 00:00:00,A,0,3,0,646,10.0,676.24,5,624.08
2026-01-24 00:00:00,B,0,3,0,484,10.0,426.84,6,481.49
2026-01-24 00:00:00,C,0,3,0,466,25.49,635.15,4,597.07
2026-01-24 00:00:00,D,0,3,0,510,10.0,658.26,4,565.86
2026-01-24 01:00:00,A,1,3,0,581,10.0,663.89,5,719.01
2026-01-24 01:00:00,B,1,3,0,428,14.37,488.41,6,501.97
2026-01-24 01:00:00,C,1,3,0,654,10.0,736.25,4,638.81
2026-01-24 01:00:00,D,1,3,0,667,10.0,627.5,4,648.76
2026-01-24 02:00:00,A,2,3,0,808,13.23,736.69,5,731.78
2026-01-24 02:00:00,B,2,3,0,486,10.0,605.49,6,558.76
2026-01-24 02:00:00,C,2,3,0,633,18.57,781.91,4,712.95
2026-01-24 02:00:00,D,2,3,0,688,10.0,743.52,4,683.75
2026-01-24 03:00:00,A,3,3,0,743,13.67,973.33,5,792.31
2026-01-24 03:00:00,B,3,3,0,541,10.0,635.46,6,618.57
2026-01-24 03:00:00,C,3,3,0,760,10.0,725.62,4,637.74
2026-01-24 03:00:00,D,3,3,0,643,10.0,757.55,4,690.36
2026-01-24 04:00:00,A,4,3,0,837,10.0,985.33,5,879.42
2026-01-24 04:00:00,B,4,3,0,639,10.34,584.72,6,558.53
2026-01-24 04:00:00,C,4,3,0,777,11.28,703.41,4,802.37
2026-01-24 04:00:00,D,4,3,0,596,10.0,806.27,4,758.76
2026-01-24 05:00:00,A,5,3,0,894,10.0,991.75,5,818.85
2026-01-24 05:00:00,B,5,3,0,636,10.27,569.92,6,609.98
2026-01-24 05:00:00,C,5,3,0,598,24.01,790.05,4,733.13
2026-01-24 05:00:00,D,5,3,0,808,10.0,692.97,4,811.08
2026-01-24 06:00:00,A,6,3,0,889,10.0,1060.91,5,891.47
2026-01-24 06:00:00,B,6,3,0,484,44.25,604.5,6,680.56
2026-01-24 06:00:00,C,6,3,0,700,11.98,715.93,4,825.39
2026-01-24 06:00:00,D,6,3,0,611,12.48,825.04,4,736.95
2026-01-24 07:00:00,A,7,3,1,1282,14.6,1473.49,5,1434.35
2026-01-24 07:00:00,B,7,3,1,924,22.42,1101.63,6,994.52
2026-01-24 07:00:00,C,7,3,1,998,10.0,1166.26,4,1320.56
2026-01-24 07:00:00,D,7,3,1,886,10.0,1334.08,4,1177.86
2026-01-24 08:00:00,A,8,3,1,922,10.0,1219.34,5,1309.32
2026-01-24 08:00:00,B,8,3,1,672,10.0,924.91,6,987.0
2026-01-24 08:00:00,C,8,3,1,1015,14.03,1304.13,4,1248.2
2026-01-24 08:00:00,D,8,3,1,931,10.0,1231.72,4,1075.88
2026-01-24 09:00:00,A,9,3,1,1182,10.0,1074.03,5,1235.47
2026-01-24 09:00:00,B,9,3,1,832,10.0,851.83,6,937.45
2026-01-24 09:00:00,C,9,3,1,895,10.0,1212.91,4,1087.87
2026-01-24 09:00:00,D,9,3,1,1088,10.0,1028.47,4,1155.26
2026-01-24 10:00:00,A,10,3,0,657,10.0,846.25,5,775.11
2026-01-24 10:00:00,B,10,3,0,440,10.0,679.54,6,517.38
2026-01-24 10:00:00,C,10,3,0,715,10.0,672.91,4,596.59
2026-01-24 10:00:00,D,10,3,0,505,30.36,810.83,4,607.22
2026-01-24 11:00:00,A,11,3,0,736,10.0,793.47,5,589.52
2026-01-24 11:00:00,B,11,3,0,415,10.0,517.54,6,577.84
2026-01-24 11:00:00,C,11,3,0,499,10.0,688.5,4,617.91
2026-01-24 11:00:00,D,11,3,0,639,10.0,601.59,4,589.83
2026-01-24 12:00:00,A,12,3,0,533,10.0,616.7,5,597.13
2026-01-24 12:00:00,B,12,3,0,440,11.72,418.45,6,451.05
2026-01-24 12:00:00,C,12,3,0,524,10.0,663.67,4,514.63
2026-01-24 12:00:00,D,12,3,0,426,14.05,632.91,4,550.05
2026-01-24 13:00:00,A,13,3,0,568,10.0,601.3,5,546.97
2026-01-24 13:00:00,B,13,3,0,420,10.0,488.86,6,410.74
2026-01-24 13:00:00,C,13,3,0,452,20.86,459.59,4,511.17
2026-01-24 13:00:00,D,13,3,0,374,10.0,582.04,4,487.97
2026-01-24 14:00:00,A,14,3,0,532,10.0,512.26,5,539.47
2026-01-24 14:00:00,B,14,3,0,319,10.0,428.67,6,279.6
2026-01-24 14:00:00,C,14,3,0,472,10.0,411.24,4,417.14
2026-01-24 14:00:00,D,14,3,0,372,10.0,517.02,4,444.04
2026-01-24 15:00:00,A,15,3,0,473,10.0,530.77,5,500.67
2026-01-24 15:00:00,B,15,3,0,314,10.0,325.91,6,297.05
2026-01-24 15:00:00,C,15,3,0,384,21.37,376.92,4,349.08
2026-01-24 15:00:00,D,15,3,0,385,10.0,369.16,4,379.09
2026-01-24 16:00:00,A,16,3,1,488,10.31,557.71,5,683.68
2026-01-24 16:00:00,B,16,3,1,320,10.0,421.87,6,508.75
2026-01-24 16:00:00,C,16,3,1,463,10.0,507.62,4,661.46
2026-01-24 16:00:00,D,16,3,1,461,22.19,517.63,4,674.34
2026-01-24 17:00:00,A,17,3,1,418,10.0,592.02,5,695.61
2026-01-24 17:00:00,B,17,3,1,339,15.05,394.52,6,584.96
2026-01-24 17:00:00,C,17,3,1,521,10.0,484.36,4,581.32
2026-01-24 17:00:00,D,17,3,1,456,11.15,550.56,4,557.62
2026-01-24 18:00:00,A,18,3,1,541,10.0,543.58,5,589.73
2026-01-24 18:00:00,B,18,3,1,359,10.0,393.99,6,469.02
2026-01-24 18:00:00,C,18,3,1,428,10.0,526.1,4,658.08
2026-01-24 18:00:00,D,18,3,1,452,10.0,506.73,4,638.94
2026-01-24 19:00:00,A,19,3,1,533,10.0,606.99,5,689.28
2026-01-24 19:00:00,B,19,3,1,422,10.0,458.94,6,477.74
2026-01-24 19:00:00,C,19,3,1,536,10.0,501.58,4,572.4
2026-01-24 19:00:00,D,19,3,1,462,10.0,498.54,4,564.85
2026-01-24 20:00:00,A,20,3,0,417,10.0,410.68,5,408.98
2026-01-24 20:00:00,B,20,3,0,253,15.48,329.6,6,264.64
2026-01-24 20:00:00,C,20,3,0,361,10.0,374.86,4,412.64
2026-01-24 20:00:00,D,20,3,0,286,21.68,344.74,4,400.79
2026-01-24 21:00:00,A,21,3,0,470,10.0,429.88,5,469.48
2026-01-24 21:00:00,B,21,3,0,342,10.0,306.75,6,349.76
2026-01-24 21:00:00,C,21,3,0,375,10.0,496.53,4,438.47
2026-01-24 21:00:00,D,21,3,0,315,16.07,463.45,4,296.38
2026-01-24 22:00:00,A,22,3,0,503,10.0,498.69,5,517.06
2026-01-24 22:00:00,B,22,3,0,393,10.0,380.46,6,383.63
2026-01-24 22:00:00,C,22,3,0,354,10.0,408.99,4,349.79
2026-01-24 22:00:00,D,22,3,0,416,10.0,476.81,4,435.84
2026-01-24 23:00:00,A,23,3,0,502,17.15,678.49,5,577.83
2026-01-24 23:00:00,B,23,3,0,319,10.0,446.95,6,428.39
2026-01-24 23:00:00,C,23,3,0,529,20.52,494.89,4,550.58
2026-01-24 23:00:00,D,23,3,0,373,10.0,572.97,4,470.68
2026-01-25 00:00:00,A,0,4,0,536,10.0,663.38,5,612.24
2026-01-25 00:00:00,B,0,4,0,415,10.89,477.61,6,479.54
2026-01-25 00:00:00,C,0,4,0,460,10.0,607.43,4,605.11
2026-01-25 00:00:00,D,0,4,0,491,10.0,564.5,4,588.94
2026-01-25 01:00:00,A,1,4,0,557,24.69,826.93,5,743.98
2026-01-25 01:00:00,B,1,4,0,457,14.17,505.4,6,477.9
2026-01-25 01:00:00,C,1,4,0,682,10.0,685.25,4,684.46
2026-01-25 01:00:00,D,1,4,0,638,11.96,607.68,4,618.89
2026-01-25 02:00:00,A,2,4,0,595,13.02,846.77,5,834.94
2026-01-25 02:00:00,B,2,4,0,500,18.86,577.45,6,623.57
2026-01-25 02:00:00,C,2,4,0,670,19.22,788.41,4,666.8
2026-01-25 02:00:00,D,2,4,0,680,10.0,632.67,4,651.22
2026-01-25 03:00:00,A,3,4,0,604,10.0,961.99,5,848.25
2026-01-25 03:00:00,B,3,4,0,580,15.22,569.81,6,550.6
2026-01-25 03:00:00,C,3,4,0,782,10.0,748.04,4,784.92
2026-01-25 03:00:00,D,3,4,0,645,10.0,666.92,4,704.31
2026-01-25 04:00:00,A,4,4,0,703,10.0,893.61,5,882.91
2026-01-25 04:00:00,B,4,4,0,471,26.08,753.24,6,598.25
2026-01-25 04:00:00,C,4,4,0,787,10.0,932.44,4,705.65
2026-01-25 04:00:00,D,4,4,0,620,10.0,704.22,4,788.94
2026-01-25 05:00:00,A,5,4,0,909,10.0,926.72,5,864.05
2026-01-25 05:00:00,B,5,4,0,504,10.22,736.55,6,670.91
2026-01-25 05:00:00,C,5,4,0,856,10.8,959.38,4,735.63
2026-01-25 05:00:00,D,5,4,0,746,10.0,861.7,4,832.14
2026-01-25 06:00:00,A,6,4,0,681,15.68,901.61,5,857.19
2026-01-25 06:00:00,B,6,4,0,588,10.0,743.95,6,599.21
2026-01-25 06:00:00,C,6,4,0,617,10.0,868.82,4,791.3
2026-01-25 06:00:00,D,6,4,0,691,10.0,729.74,4,793.0
2026-01-25 07:00:00,A,7,4,1,1207,34.47,1405.48,5,1352.79
2026-01-25 07:00:00,B,7,4,1,842,12.05,919.23,6,1050.57
2026-01-25 07:00:00,C,7,4,1,914,10.0,1347.37,4,1243.52
2026-01-25 07:00:00,D,7,4,1,1187,10.0,1097.07,4,1238.03
2026-01-25 08:00:00,A,8,4,1,995,14.46,1379.27,5,1249.97
2026-01-25 08:00:00,B,8,4,1,877,12.01,945.57,6,862.49
2026-01-25 08:00:00,C,8,4,1,986,10.0,984.47,4,1134.2
2026-01-25 08:00:00,D,8,4,1,1123,10.0,1185.74,4,1210.1
2026-01-25 09:00:00,A,9,4,1,891,15.29,1401.38,5,1252.0
2026-01-25 09:00:00,B,9,4,1,894,10.0,937.39,6,965.15
2026-01-25 09:00:00,C,9,4,1,986,11.0,1056.33,4,1114.13
2026-01-25 09:00:00,D,9,4,1,909,11.93,1124.91,4,1135.47
2026-01-25 10:00:00,A,10,4,0,795,10.0,810.3,5,808.85
2026-01-25 10:00:00,B,10,4,0,445,10.0,514.01,6,571.63
2026-01-25 10:00:00,C,10,4,0,725,10.0,704.46,4,694.5
2026-01-25 10:00:00,D,10,4,0,617,10.0,812.89,4,651.22
2026-01-25 11:00:00,A,11,4,0,620,10.0,765.43,5,696.01
2026-01-25 11:00:00,B,11,4,0,420,13.13,471.36,6,537.74
2026-01-25 11:00:00,C,11,4,0,514,13.65,745.59,4,634.3
2026-01-25 11:00:00,D,11,4,0,628,10.0,734.08,4,511.04
2026-01-25 12:00:00,A,12,4,0,571,13.88,701.47,5,630.93
2026-01-25 12:00:00,B,12,4,0,480,10.0,502.78,6,360.88
2026-01-25 12:00:00,C,12,4,0,472,10.0,563.68,4,602.09
2026-01-25 12:00:00,D,12,4,0,499,10.0,532.03,4,614.94
2026-01-25 13:00:00,A,13,4,0,548,30.6,524.55,5,539.43
2026-01-25 13:00:00,B,13,4,0,337,10.0,480.65,6,401.2
2026-01-25 13:00:00,C,13,4,0,523,10.0,611.73,4,585.33
2026-01-25 13:00:00,D,13,4,0,538,10.0,585.8,4,579.12
2026-01-25 14:00:00,A,14,4,0,535,10.0,577.89,5,508.97
2026-01-25 14:00:00,B,14,4,0,335,10.0,376.0,6,305.78
2026-01-25 14:00:00,C,14,4,0,472,10.0,463.16,4,425.94
2026-01-25 14:00:00,D,14,4,0,403,10.0,467.97,4,369.89
2026-01-25 15:00:00,A,15,4,0,414,23.74,516.71,5,462.91
2026-01-25 15:00:00,B,15,4,0,266,10.32,402.03,6,332.36
2026-01-25 15:00:00,C,15,4,0,339,17.34,466.83,4,389.16
2026-01-25 15:00:00,D,15,4,0,430,10.0,388.93,4,357.7
2026-01-25 16:00:00,A,16,4,1,513,10.0,622.02,5,688.97
2026-01-25 16:00:00,B,16,4,1,328,10.0,476.14,6,547.0
2026-01-25 16:00:00,C,16,4,1,417,10.0,567.29,4,661.61
2026-01-25 16:00:00,D,16,4,1,412,10.0,620.19,4,618.57
2026-01-25 17:00:00,A,17,4,1,558,14.63,656.34,5,657.14
2026-01-25 17:00:00,B,17,4,1,380,10.0,374.62,6,449.42
2026-01-25 17:00:00,C,17,4,1,461,10.0,490.11,4,570.81
2026-01-25 17:00:00,D,17,4,1,419,10.0,520.42,4,644.28
2026-01-25 18:00:00,A,18,4,1,568,10.51,564.37,5,653.02
2026-01-25 18:00:00,B,18,4,1,295,10.0,381.85,6,402.47
2026-01-25 18:00:00,C,18,4,1,452,20.4,476.4,4,571.82
2026-01-25 18:00:00,D,18,4,1,421,10.0,455.65,4,600.3
2026-01-25 19:00:00,A,19,4,1,579,29.73,584.3,5,728.67
2026-01-25 19:00:00,B,19,4,1,423,31.22,388.1,6,535.32
2026-01-25 19:00:00,C,19,4,1,372,21.96,457.55,4,553.38
2026-01-25 19:00:00,D,19,4,1,391,29.51,456.33,4,626.49
2026-01-25 20:00:00,A,20,4,0,418,10.0,374.17,5,449.51
2026-01-25 20:00:00,B,20,4,0,276,17.17,312.24,6,322.73
2026-01-25 20:00:00,C,20,4,0,318,10.0,418.68,4,426.77
2026-01-25 20:00:00,D,20,4,0,314,10.0,441.21,4,385.32
2026-01-25 21:00:00,A,21,4,0,435,10.0,501.31,5,436.9
2026-01-25 21:00:00,B,21,4,0,297,10.0,382.54,6,279.04
2026-01-25 21:00:00,C,21,4,0,361,10.0,439.82,4,395.32
2026-01-25 21:00:00,D,21,4,0,388,10.0,458.45,4,406.69
2026-01-25 22:00:00,A,22,4,0,397,10.0,618.88,5,576.45
2026-01-25 22:00:00,B,22,4,0,348,10.0,379.51,6,343.56
2026-01-25 22:00:00,C,22,4,0,458,18.54,523.86,4,466.58
2026-01-25 22:00:00,D,22,4,0,456,10.0,412.7,4,450.23
2026-01-25 23:00:00,A,23,4,0,614,17.14,686.88,5,567.75
2026-01-25 23:00:00,B,23,4,0,447,10.0,396.36,6,369.64
2026-01-25 23:00:00,C,23,4,0,440,10.0,623.77,4,521.43
2026-01-25 23:00:00,D,23,4,0,428,10.0,463.39,4,433.88
2026-01-26 00:00:00,A,0,5,0,550,10.0,766.29,5,662.29
2026-01-26 00:00:00,B,0,5,0,403,10.0,560.52,6,431.18
2026-01-26 00:00:00,C,0,5,0,564,10.0,663.43,4,607.41
2026-01-26 00:00:00,D,0,5,0,585,10.0,622.85,4,508.34
2026-01-26 01:00:00,A,1,5,0,712,10.0,683.33,5,670.48
2026-01-26 01:00:00,B,1,5,0,484,10.0,501.92,6,506.2
2026-01-26 01:00:00,C,1,5,0,662,10.0,732.76,4,701.72
2026-01-26 01:00:00,D,1,5,0,550,10.0,725.84,4,640.14
2026-01-26 02:00:00,A,2,5,0,758,11.66,724.75,5,777.5
2026-01-26 02:00:00,B,2,5,0,468,10.0,651.82,6,582.96
2026-01-26 02:00:00,C,2,5,0,543,10.0,794.87,4,684.62
2026-01-26 02:00:00,D,2,5,0,601,10.0,686.18,4,627.43
2026-01-26 03:00:00,A,3,5,0,771,10.0,836.63,5,803.35
2026-01-26 03:00:00,B,3,5,0,489,11.39,531.6,6,601.68
2026-01-26 03:00:00,C,3,5,0,633,10.0,813.68,4,728.24
2026-01-26 03:00:00,D,3,5,0,613,10.0,778.15,4,731.29
2026-01-26 04:00:00,A,4,5,0,640,16.43,915.19,5,880.16
2026-01-26 04:00:00,B,4,5,0,620,10.0,690.26,6,506.73
2026-01-26 04:00:00,C,4,5,0,760,10.0,745.12,4,742.89
2026-01-26 04:00:00,D,4,5,0,739,10.0,775.81,4,837.1
2026-01-26 05:00:00,A,5,5,0,700,10.0,949.35,5,893.85
2026-01-26 05:00:00,B,5,5,0,623,13.19,653.05,6,650.58
2026-01-26 05:00:00,C,5,5,0,630,10.0,914.68,4,781.09
2026-01-26 05:00:00,D,5,5,0,661,12.43,864.4,4,736.12
2026-01-26 06:00:00,A,6,5,0,662,10.0,1061.39,5,897.3
2026-01-26 06:00:00,B,6,5,0,529,15.29,744.78,6,634.55
2026-01-26 06:00:00,C,6,5,0,597,10.0,937.83,4,852.49
2026-01-26 06:00:00,D,6,5,0,811,16.85,920.23,4,730.62
2026-01-26 07:00:00,A,7,5,1,1049,12.5,1511.6,5,1297.97
2026-01-26 07:00:00,B,7,5,1,780,10.0,904.12,6,1060.56
2026-01-26 07:00:00,C,7,5,1,863,23.99,1117.66,4,1196.43
2026-01-26 07:00:00,D,7,5,1,1144,16.29,1319.52,4,1152.9
2026-01-26 08:00:00,A,8,5,1,1220,34.34,1106.81,5,1228.49
2026-01-26 08:00:00,B,8,5,1,952,10.0,867.13,6,1006.85
2026-01-26 08:00:00,C,8,5,1,1041,10.0,1105.36,4,1143.98
2026-01-26 08:00:00,D,8,5,1,853,10.0,1176.25,4,1137.56
2026-01-26 09:00:00,A,9,5,1,915,10.0,1378.03,5,1244.52
2026-01-26 09:00:00,B,9,5,1,628,13.64,881.97,6,931.79
2026-01-26 09:00:00,C,9,5,1,784,10.0,960.77,4,1153.43
2026-01-26 09:00:00,D,9,5,1,876,28.32,923.3,4,1097.89
2026-01-26 10:00:00,A,10,5,0,778,10.3,766.79,5,748.44
2026-01-26 10:00:00,B,10,5,0,517,10.0,620.01,6,580.03
2026-01-26 10:00:00,C,10,5,0,580,21.8,710.65,4,702.11
2026-01-26 10:00:00,D,10,5,0,528,10.0,677.18,4,649.53
2026-01-26 11:00:00,A,11,5,0,680,12.44,621.76,5,734.36
2026-01-26 11:00:00,B,11,5,0,425,10.0,536.33,6,457.88
2026-01-26 11:00:00,C,11,5,0,627,10.0,700.47,4,627.8
2026-01-26 11:00:00,D,11,5,0,611,10.0,634.23,4,680.99
2026-01-26 12:00:00,A,12,5,0,615,25.72,642.73,5,586.83
2026-01-26 12:00:00,B,12,5,0,431,10.0,513.0,6,453.7
2026-01-26 12:00:00,C,12,5,0,467,13.19,635.43,4,614.33
2026-01-26 12:00:00,D,12,5,0,573,10.0,622.62,4,523.39
2026-01-26 13:00:00,A,13,5,0,463,10.0,525.19,5,550.96
2026-01-26 13:00:00,B,13,5,0,344,10.0,427.13,6,434.36
2026-01-26 13:00:00,C,13,5,0,404,10.0,631.77,4,448.25
2026-01-26 13:00:00,D,13,5,0,461,10.0,538.05,4,469.38
2026-01-26 14:00:00,A,14,5,0,496,10.0,577.79,5,419.56
2026-01-26 14:00:00,B,14,5,0,370,25.7,382.36,6,319.14
2026-01-26 14:00:00,C,14,5,0,409,12.97,416.18,4,417.53
2026-01-26 14:00:00,D,14,5,0,359,10.0,401.31,4,443.65
2026-01-26 15:00:00,A,15,5,0,475,10.0,465.23,5,514.2
2026-01-26 15:00:00,B,15,5,0,349,42.43,325.79,6,251.28
2026-01-26 15:00:00,C,15,5,0,415,15.94,496.72,4,413.33
2026-01-26 15:00:00,D,15,5,0,388,10.0,440.46,4,434.53
2026-01-26 16:00:00,A,16,5,1,630,18.57,686.6,5,685.37
2026-01-26 16:00:00,B,16,5,1,333,19.55,461.56,6,448.02
2026-01-26 16:00:00,C,16,5,1,439,12.77,491.64,4,635.54
2026-01-26 16:00:00,D,16,5,1,549,10.0,584.42,4,667.14
2026-01-26 17:00:00,A,17,5,1,567,11.6,500.24,5,738.89
2026-01-26 17:00:00,B,17,5,1,427,28.88,366.53,6,500.36
2026-01-26 17:00:00,C,17,5,1,433,10.0,508.37,4,601.39
2026-01-26 17:00:00,D,17,5,1,518,10.0,439.14,4,572.67
2026-01-26 18:00:00,A,18,5,1,576,10.0,505.38,5,576.22
2026-01-26 18:00:00,B,18,5,1,422,10.0,383.78,6,410.19
2026-01-26 18:00:00,C,18,5,1,445,10.0,468.64,4,559.3
2026-01-26 18:00:00,D,18,5,1,482,10.0,502.48,4,623.6
2026-01-26 19:00:00,A,19,5,1,529,18.37,523.28,5,698.98
2026-01-26 19:00:00,B,19,5,1,383,10.0,470.41,6,526.04
2026-01-26 19:00:00,C,19,5,1,448,18.45,538.51,4,615.62
2026-01-26 19:00:00,D,19,5,1,393,10.0,566.38,4,668.82
2026-01-26 20:00:00,A,20,5,0,448,23.4,504.85,5,390.68
2026-01-26 20:00:00,B,20,5,0,229,10.0,291.88,6,264.96
2026-01-26 20:00:00,C,20,5,0,320,10.0,439.49,4,435.16
2026-01-26 20:00:00,D,20,5,0,367,10.0,376.16,4,344.47
2026-01-26 21:00:00,A,21,5,0,394,10.0,488.67,5,518.78
2026-01-26 21:00:00,B,21,5,0,304,10.0,310.9,6,391.7
2026-01-26 21:00:00,C,21,5,0,411,10.0,373.73,4,427.2
2026-01-26 21:00:00,D,21,5,0,401,10.08,431.55,4,470.27
2026-01-26 22:00:00,A,22,5,0,524,10.0,587.83,5,605.76
2026-01-26 22:00:00,B,22,5,0,288,10.0,392.64,6,337.12
2026-01-26 22:00:00,C,22,5,0,453,12.54,469.5,4,518.87
2026-01-26 22:00:00,D,22,5,0,372,10.0,430.92,4,382.86
2026-01-26 23:00:00,A,23,5,0,513,23.48,600.39,5,544.2
2026-01-26 23:00:00,B,23,5,0,448,10.0,493.81,6,417.25
2026-01-26 23:00:00,C,23,5,0,496,10.0,498.53,4,540.09
2026-01-26 23:00:00,D,23,5,0,438,10.0,460.96,4,431.26
2026-01-27 00:00:00,A,0,6,0,580,11.09,619.19,5,648.74
2026-01-27 00:00:00,B,0,6,0,357,12.95,411.57,6,487.58
2026-01-27 00:00:00,C,0,6,0,526,10.0,533.7,4,594.8
2026-01-27 00:00:00,D,0,6,0,603,12.26,555.09,4,459.8
2026-01-27 01:00:00,A,1,6,0,547,10.0,769.33,5,740.33
2026-01-27 01:00:00,B,1,6,0,407,10.0,501.52,6,463.59
2026-01-27 01:00:00,C,1,6,0,619,14.66,567.95,4,574.31
2026-01-27 01:00:00,D,1,6,0,462,10.0,596.01,4,595.29
2026-01-27 02:00:00,A,2,6,0,752,10.0,804.11,5,717.44
2026-01-27 02:00:00,B,2,6,0,458,30.66,637.44,6,579.82
2026-01-27 02:00:00,C,2,6,0,703,10.0,701.81,4,570.44
2026-01-27 02:00:00,D,2,6,0,631,10.0,816.98,4,679.87
2026-01-27 03:00:00,A,3,6,0,780,10.0,764.11,5,820.91
2026-01-27 03:00:00,B,3,6,0,589,10.0,611.14,6,593.26
2026-01-27 03:00:00,C,3,6,0,620,16.32,834.13,4,729.29
2026-01-27 03:00:00,D,3,6,0,680,10.0,758.16,4,733.29
2026-01-27 04:00:00,A,4,6,0,846,10.0,1050.1,5,753.43
2026-01-27 04:00:00,B,4,6,0,494,15.37,665.04,6,532.97
2026-01-27 04:00:00,C,4,6,0,641,18.73,910.44,4,746.71
2026-01-27 04:00:00,D,4,6,0,737,10.0,886.57,4,785.71
2026-01-27 05:00:00,A,5,6,0,884,21.46,862.38,5,855.28
2026-01-27 05:00:00,B,5,6,0,687,18.46,584.7,6,646.48
2026-01-27 05:00:00,C,5,6,0,629,13.13,743.02,4,843.19
2026-01-27 05:00:00,D,5,6,0,611,11.53,871.92,4,807.88
2026-01-27 06:00:00,A,6,6,0,833,32.08,864.94,5,915.78
2026-01-27 06:00:00,B,6,6,0,531,10.0,715.13,6,654.21
2026-01-27 06:00:00,C,6,6,0,835,10.0,885.01,4,807.54
2026-01-27 06:00:00,D,6,6,0,609,10.0,825.55,4,795.32
2026-01-27 07:00:00,A,7,6,1,1060,21.75,1160.29,5,1308.4
2026-01-27 07:00:00,B,7,6,1,906,10.0,806.68,6,967.56
2026-01-27 07:00:00,C,7,6,1,862,10.0,1293.17,4,1231.62
2026-01-27 07:00:00,D,7,6,1,870,10.0,1216.74,4,1264.64
2026-01-27 08:00:00,A,8,6,1,1172,10.0,1403.03,5,1381.59
2026-01-27 08:00:00,B,8,6,1,780,18.52,1032.09,6,1011.86
2026-01-27 08:00:00,C,8,6,1,849,19.37,1103.54,4,1223.78
2026-01-27 08:00:00,D,8,6,1,1071,10.0,1253.94,4,1207.75
2026-01-27 09:00:00,A,9,6,1,995,14.16,1140.74,5,1180.49
2026-01-27 09:00:00,B,9,6,1,841,10.0,947.69,6,901.11
2026-01-27 09:00:00,C,9,6,1,965,10.0,1173.55,4,1054.48
2026-01-27 09:00:00,D,9,6,1,854,18.13,1076.57,4,1158.21
2026-01-27 10:00:00,A,10,6,0,610,10.0,756.34,5,772.17
2026-01-27 10:00:00,B,10,6,0,459,23.91,627.37,6,535.24
2026-01-27 10:00:00,C,10,6,0,608,10.0,833.81,4,671.15
2026-01-27 10:00:00,D,10,6,0,637,14.23,637.52,4,649.62
2026-01-27 11:00:00,A,11,6,0,571,10.0,693.56,5,719.49
2026-01-27 11:00:00,B,11,6,0,525,11.68,545.27,6,485.04
2026-01-27 11:00:00,C,11,6,0,508,10.0,668.58,4,612.37
2026-01-27 11:00:00,D,11,6,0,609,10.0,587.8,4,623.83
2026-01-27 12:00:00,A,12,6,0,646,10.0,569.4,5,575.1
2026-01-27 12:00:00,B,12,6,0,349,10.0,430.68,6,377.74
2026-01-27 12:00:00,C,12,6,0,582,10.0,622.57,4,522.77
2026-01-27 12:00:00,D,12,6,0,472,10.0,670.14,4,543.92
2026-01-27 13:00:00,A,13,6,0,459,10.35,551.28,5,564.45
2026-01-27 13:00:00,B,13,6,0,435,24.29,371.01,6,339.24
2026-01-27 13:00:00,C,13,6,0,529,10.0,456.09,4,484.22
2026-01-27 13:00:00,D,13,6,0,445,15.57,584.13,4,477.03
2026-01-27 14:00:00,A,14,6,0,499,10.0,581.49,5,523.57
2026-01-27 14:00:00,B,14,6,0,367,10.0,443.34,6,424.68
2026-01-27 14:00:00,C,14,6,0,480,10.0,436.76,4,494.91
2026-01-27 14:00:00,D,14,6,0,364,10.0,541.39,4,463.21
2026-01-27 15:00:00,A,15,6,0,399,17.31,415.06,5,375.73
2026-01-27 15:00:00,B,15,6,0,250,10.0,377.62,6,259.71
2026-01-27 15:00:00,C,15,6,0,416,10.0,465.99,4,457.61
2026-01-27 15:00:00,D,15,6,0,401,26.18,455.78,4,395.73
2026-01-27 16:00:00,A,16,6,1,488,10.0,693.97,5,707.04
2026-01-27 16:00:00,B,16,6,1,326,10.0,429.29,6,548.86
2026-01-27 16:00:00,C,16,6,1,437,17.99,553.96,4,651.89
2026-01-27 16:00:00,D,16,6,1,399,10.0,560.1,4,619.43
2026-01-27 17:00:00,A,17,6,1,454,29.15,542.12,5,677.21
2026-01-27 17:00:00,B,17,6,1,338,10.0,362.96,6,477.76
2026-01-27 17:00:00,C,17,6,1,407,10.0,460.21,4,638.21
2026-01-27 17:00:00,D,17,6,1,421,10.0,543.07,4,549.39
2026-01-27 18:00:00,A,18,6,1,413,17.27,603.8,5,730.97
2026-01-27 18:00:00,B,18,6,1,414,10.0,380.07,6,555.01
2026-01-27 18:00:00,C,18,6,1,506,10.0,482.99,4,584.78
2026-01-27 18:00:00,D,18,6,1,368,10.0,547.95,4,619.17
2026-01-27 19:00:00,A,19,6,1,466,10.0,527.81,5,569.15
2026-01-27 19:00:00,B,19,6,1,406,10.0,396.41,6,504.46
2026-01-27 19:00:00,C,19,6,1,400,10.0,599.76,4,557.34
2026-01-27 19:00:00,D,19,6,1,428,18.19,497.26,4,559.58
2026-01-27 20:00:00,A,20,6,0,411,10.0,508.18,5,453.34
2026-01-27 20:00:00,B,20,6,0,318,12.15,326.19,6,372.71
2026-01-27 20:00:00,C,20,6,0,383,16.23,366.71,4,381.69
2026-01-27 20:00:00,D,20,6,0,364,10.0,413.71,4,360.94
2026-01-27 21:00:00,A,21,6,0,413,13.5,480.0,5,411.06
2026-01-27 21:00:00,B,21,6,0,277,17.12,355.15,6,330.57
2026-01-27 21:00:00,C,21,6,0,388,13.07,374.07,4,440.53
2026-01-27 21:00:00,D,21,6,0,432,13.54,386.46,4,377.78
2026-01-27 22:00:00,A,22,6,0,520,24.28,485.57,5,562.69
2026-01-27 22:00:00,B,22,6,0,381,10.0,334.21,6,316.86
2026-01-27 22:00:00,C,22,6,0,404,10.0,504.66,4,432.97
2026-01-27 22:00:00,D,22,6,0,475,10.0,414.49,4,414.44
2026-01-27 23:00:00,A,23,6,0,594,10.0,528.63,5,586.58
2026-01-27 23:00:00,B,23,6,0,405,10.0,460.53,6,447.97
2026-01-27 23:00:00,C,23,6,0,513,10.0,609.29,4,438.89
2026-01-27 23:00:00,D,23,6,0,496,10.0,556.67,4,496.34
2026-01-28 00:00:00,A,0,7,0,640,10.0,670.01,5,570.58
2026-01-28 00:00:00,B,0,7,0,452,10.0,507.76,6,478.71
2026-01-28 00:00:00,C,0,7,0,582,10.0,579.83,4,558.57
2026-01-28 00:00:00,D,0,7,0,511,10.0,578.31,4,570.55
2026-01-28 01:00:00,A,1,7,0,636,30.97,729.05,5,604.79
2026-01-28 01:00:00,B,1,7,0,402,12.78,570.07,6,512.65
2026-01-28 01:00:00,C,1,7,0,617,10.0,706.12,4,576.98
2026-01-28 01:00:00,D,1,7,0,605,10.0,625.48,4,612.13
2026-01-28 02:00:00,A,2,7,0,577,10.0,823.12,5,783.72
2026-01-28 02:00:00,B,2,7,0,470,10.0,510.96,6,524.54
2026-01-28 02:00:00,C,2,7,0,627,10.0,599.96,4,636.55
2026-01-28 02:00:00,D,2,7,0,621,10.0,674.17,4,689.95
2026-01-28 03:00:00,A,3,7,0,722,10.22,955.4,5,688.4
2026-01-28 03:00:00,B,3,7,0,566,10.0,626.38,6,524.77
2026-01-28 03:00:00,C,3,7,0,675,26.74,787.25,4,684.81
2026-01-28 03:00:00,D,3,7,0,605,23.89,733.08,4,702.6
2026-01-28 04:00:00,A,4,7,0,669,12.37,738.21,5,778.3
2026-01-28 04:00:00,B,4,7,0,531,10.0,725.04,6,531.6
2026-01-28 04:00:00,C,4,7,0,624,18.84,773.04,4,776.15
2026-01-28 04:00:00,D,4,7,0,587,11.61,819.47,4,718.94
2026-01-28 05:00:00,A,5,7,0,900,10.0,809.4,5,907.25
2026-01-28 05:00:00,B,5,7,0,635,19.99,721.06,6,620.45
2026-01-28 05:00:00,C,5,7,0,693,10.0,720.42,4,726.4
2026-01-28 05:00:00,D,5,7,0,731,25.76,661.84,4,701.18
2026-01-28 06:00:00,A,6,7,0,827,10.0,822.16,5,867.28
2026-01-28 06:00:00,B,6,7,0,566,16.78,657.08,6,630.29
2026-01-28 06:00:00,C,6,7,0,737,10.0,889.69,4,762.06
2026-01-28 06:00:00,D,6,7,0,802,10.0,919.12,4,696.53
2026-01-28 07:00:00,A,7,7,1,1041,19.92,1366.21,5,1281.83
2026-01-28 07:00:00,B,7,7,1,729,10.0,816.48,6,939.11
2026-01-28 07:00:00,C,7,7,1,1087,12.72,1290.19,4,1220.09
2026-01-28 07:00:00,D,7,7,1,1061,12.09,1183.13,4,1160.8
2026-01-28 08:00:00,A,8,7,1,1263,10.27,1040.26,5,1234.32
2026-01-28 08:00:00,B,8,7,1,777,20.19,944.52,6,914.81
2026-01-28 08:00:00,C,8,7,1,853,13.97,1008.45,4,1199.96
2026-01-28 08:00:00,D,8,7,1,837,12.7,1068.99,4,1163.26
2026-01-28 09:00:00,A,9,7,1,921,10.0,1085.9,5,1228.9
2026-01-28 09:00:00,B,9,7,1,710,18.1,814.74,6,952.24
2026-01-28 09:00:00,C,9,7,1,1094,19.84,1041.53,4,1096.45
2026-01-28 09:00:00,D,9,7,1,876,22.0,1176.76,4,1094.11
2026-01-28 10:00:00,A,10,7,0,723,10.0,764.08,5,792.21
2026-01-28 10:00:00,B,10,7,0,571,10.0,565.06,6,531.38
2026-01-28 10:00:00,C,10,7,0,629,10.0,611.05,4,686.2
2026-01-28 10:00:00,D,10,7,0,650,10.0,769.9,4,571.3
2026-01-28 11:00:00,A,11,7,0,669,10.0,688.76,5,650.69
2026-01-28 11:00:00,B,11,7,0,397,10.0,586.24,6,431.4
2026-01-28 11:00:00,C,11,7,0,465,10.0,737.64,4,525.12
2026-01-28 11:00:00,D,11,7,0,498,10.0,679.07,4,583.64
2026-01-28 12:00:00,A,12,7,0,613,23.35,648.2,5,611.83
2026-01-28 12:00:00,B,12,7,0,352,10.0,419.58,6,461.99
2026-01-28 12:00:00,C,12,7,0,553,25.05,569.86,4,512.87
2026-01-28 12:00:00,D,12,7,0,457,10.0,652.64,4,520.29
2026-01-28 13:00:00,A,13,7,0,552,10.0,646.11,5,427.78
2026-01-28 13:00:00,B,13,7,0,344,10.0,415.64,6,391.07
2026-01-28 13:00:00,C,13,7,0,453,10.0,441.69,4,479.01
2026-01-28 13:00:00,D,13,7,0,461,10.0,447.2,4,485.9
2026-01-28 14:00:00,A,14,7,0,523,10.0,556.86,5,407.12
2026-01-28 14:00:00,B,14,7,0,268,18.4,357.68,6,380.62
2026-01-28 14:00:00,C,14,7,0,398,10.0,518.34,4,422.32
2026-01-28 14:00:00,D,14,7,0,450,30.04,500.67,4,352.47
2026-01-28 15:00:00,A,15,7,0,467,10.0,483.4,5,468.38
2026-01-28 15:00:00,B,15,7,0,304,10.0,324.88,6,287.6
2026-01-28 15:00:00,C,15,7,0,371,10.0,360.57,4,347.22
2026-01-28 15:00:00,D,15,7,0,333,13.78,363.3,4,335.04
2026-01-28 16:00:00,A,16,7,1,426,21.56,632.96,5,695.33
2026-01-28 16:00:00,B,16,7,1,447,10.0,494.73,6,516.64
2026-01-28 16:00:00,C,16,7,1,542,10.0,632.7,4,618.57
2026-01-28 16:00:00,D,16,7,1,499,10.0,480.67,4,612.59
2026-01-28 17:00:00,A,17,7,1,565,10.0,550.68,5,619.1
2026-01-28 17:00:00,B,17,7,1,422,28.7,351.44,6,481.92
2026-01-28 17:00:00,C,17,7,1,516,10.0,528.6,4,635.34
2026-01-28 17:00:00,D,17,7,1,379,10.0,522.75,4,637.73
2026-01-28 18:00:00,A,18,7,1,456,10.0,602.78,5,594.58
2026-01-28 18:00:00,B,18,7,1,327,10.0,346.06,6,541.57
2026-01-28 18:00:00,C,18,7,1,491,10.0,574.07,4,565.74
2026-01-28 18:00:00,D,18,7,1,466,10.0,416.35,4,545.3
2026-01-28 19:00:00,A,19,7,1,578,10.83,559.02,5,679.59
2026-01-28 19:00:00,B,19,7,1,384,29.6,451.14,6,561.03
2026-01-28 19:00:00,C,19,7,1,401,10.0,591.36,4,626.16
2026-01-28 19:00:00,D,19,7,1,486,25.33,432.15,4,623.26
2026-01-28 20:00:00,A,20,7,0,423,10.0,469.46,5,415.8
2026-01-28 20:00:00,B,20,7,0,217,19.08,309.15,6,204.0
2026-01-28 20:00:00,C,20,7,0,267,10.0,408.84,4,261.94
2026-01-28 20:00:00,D,20,7,0,335,10.0,352.08,4,240.68
2026-01-28 21:00:00,A,21,7,0,350,10.0,418.18,5,504.34
2026-01-28 21:00:00,B,21,7,0,236,17.61,296.79,6,283.18
2026-01-28 21:00:00,C,21,7,0,370,10.0,457.76,4,349.02
2026-01-28 21:00:00,D,21,7,0,294,10.0,469.63,4,447.91
2026-01-28 22:00:00,A,22,7,0,512,10.0,493.52,5,495.81
2026-01-28 22:00:00,B,22,7,0,273,13.21,330.38,6,327.53
2026-01-28 22:00:00,C,22,7,0,393,10.0,419.0,4,400.69
2026-01-28 22:00:00,D,22,7,0,338,10.0,458.41,4,434.41
2026-01-28 23:00:00,A,23,7,0,521,10.0,609.1,5,470.77
2026-01-28 23:00:00,B,23,7,0,424,10.0,385.79,6,419.34
2026-01-28 23:00:00,C,23,7,0,487,10.0,460.03,4,491.15
2026-01-28 23:00:00,D,23,7,0,446,10.0,456.31,4,516.75
2026-01-01 00:00:00,A,0,1,0,544,10.0,546.12,5,570.03
2026-01-01 00:00:00,B,0,1,0,389,10.0,539.4,6,440.72
2026-01-01 00:00:00,C,0,1,0,573,10.0,624.4,4,447.12
2026-01-01 00:00:00,D,0,1,0,577,10.0,592.67,4,564.98
2026-01-01 01:00:00,A,1,1,0,668,10.0,706.5,5,772.79
2026-01-01 01:00:00,B,1,1,0,459,10.0,513.7,6,464.54
2026-01-01 01:00:00,C,1,1,0,574,10.0,715.74,4,616.95
2026-01-01 01:00:00,D,1,1,0,506,31.03,568.74,4,556.37
2026-01-01 02:00:00,A,2,1,0,551,14.35,768.08,5,735.02
2026-01-01 02:00:00,B,2,1,0,411,23.07,528.86,6,494.79
2026-01-01 02:00:00,C,2,1,0,641,12.07,706.13,4,697.56
2026-01-01 02:00:00,D,2,1,0,600,13.45,634.67,4,678.19
2026-01-01 03:00:00,A,3,1,0,646,10.0,931.38,5,781.72
2026-01-01 03:00:00,B,3,1,0,536,20.44,556.51,6,496.55
2026-01-01 03:00:00,C,3,1,0,730,10.0,797.37,4,660.74
2026-01-01 03:00:00,D,3,1,0,678,10.0,704.86,4,697.28
2026-01-01 04:00:00,A,4,1,0,713,11.46,820.82,5,796.26
2026-01-01 04:00:00,B,4,1,0,468,10.0,659.55,6,589.46
2026-01-01 04:00:00,C,4,1,0,776,10.0,858.4,4,679.36
2026-01-01 04:00:00,D,4,1,0,675,14.35,681.03,4,672.49
2026-01-01 05:00:00,A,5,1,0,910,10.0,1014.75,5,921.91
2026-01-01 05:00:00,B,5,1,0,530,10.99,668.16,6,623.07
2026-01-01 05:00:00,C,5,1,0,795,10.0,890.8,4,753.54
2026-01-01 05:00:00,D,5,1,0,642,10.0,721.5,4,731.71
2026-01-01 06:00:00,A,6,1,0,750,25.17,807.55,5,861.84
2026-01-01 06:00:00,B,6,1,0,655,10.0,618.47,6,617.15
2026-01-01 06:00:00,C,6,1,0,596,10.0,774.59,4,882.54
2026-01-01 06:00:00,D,6,1,0,622,21.77,697.76,4,726.45
2026-01-01 07:00:00,A,7,1,1,1008,10.0,1234.27,5,1287.47
2026-01-01 07:00:00,B,7,1,1,750,20.45,990.76,6,1022.87
2026-01-01 07:00:00,C,7,1,1,1100,10.0,983.5,4,1271.38
2026-01-01 07:00:00,D,7,1,1,1142,10.0,1247.73,4,1152.82
2026-01-01 08:00:00,A,8,1,1,1020,15.5,1401.82,5,1236.3
2026-01-01 08:00:00,B,8,1,1,901,10.0,825.29,6,986.67
2026-01-01 08:00:00,C,8,1,1,871,10.0,1136.63,4,1176.13
2026-01-01 08:00:00,D,8,1,1,936,20.77,1270.29,4,1118.22
2026-01-01 09:00:00,A,9,1,1,990,10.0,1360.73,5,1219.48
2026-01-01 09:00:00,B,9,1,1,608,10.0,907.05,6,899.11
2026-01-01 09:00:00,C,9,1,1,1001,10.0,1155.12,4,1062.89
2026-01-01 09:00:00,D,9,1,1,837,10.0,932.95,4,1102.4
2026-01-01 10:00:00,A,10,1,0,695,11.07,692.58,5,692.86
2026-01-01 10:00:00,B,10,1,0,468,10.0,625.57,6,505.71
2026-01-01 10:00:00,C,10,1,0,515,10.0,756.32,4,606.37
2026-01-01 10:00:00,D,10,1,0,485,10.0,609.35,4,644.92
2026-01-01 11:00:00,A,11,1,0,558,10.0,667.4,5,679.29
2026-01-01 11:00:00,B,11,1,0,504,27.74,589.46,6,461.37
2026-01-01 11:00:00,C,11,1,0,481,11.09,640.24,4,512.98
2026-01-01 11:00:00,D,11,1,0,521,10.0,574.3,4,591.23
2026-01-01 12:00:00,A,12,1,0,600,10.0,548.23,5,660.39
2026-01-01 12:00:00,B,12,1,0,344,10.0,541.14,6,475.74
2026-01-01 12:00:00,C,12,1,0,452,11.63,622.76,4,614.39
2026-01-01 12:00:00,D,12,1,0,484,10.0,561.57,4,543.28
2026-01-01 13:00:00,A,13,1,0,457,10.0,498.9,5,443.01
2026-01-01 13:00:00,B,13,1,0,308,10.0,360.63,6,381.21
2026-01-01 13:00:00,C,13,1,0,441,10.0,546.49,4,476.05
2026-01-01 13:00:00,D,13,1,0,393,10.0,487.08,4,453.63
2026-01-01 14:00:00,A,14,1,0,425,10.0,480.02,5,512.16
2026-01-01 14:00:00,B,14,1,0,265,10.0,343.3,6,345.49
2026-01-01 14:00:00,C,14,1,0,375,22.92,529.78,4,427.8
2026-01-01 14:00:00,D,14,1,0,405,10.0,526.32,4,376.92
2026-01-01 15:00:00,A,15,1,0,409,10.1,520.2,5,399.31
2026-01-01 15:00:00,B,15,1,0,322,10.0,333.41,6,334.78
2026-01-01 15:00:00,C,15,1,0,326,10.0,425.2,4,406.3
2026-01-01 15:00:00,D,15,1,0,315,10.0,395.36,4,342.14
2026-01-01 16:00:00,A,16,1,1,521,10.0,628.3,5,635.52
2026-01-01 16:00:00,B,16,1,1,366,16.76,419.11,6,639.78
2026-01-01 16:00:00,C,16,1,1,474,10.0,519.14,4,601.18
2026-01-01 16:00:00,D,16,1,1,373,13.25,475.67,4,625.53
2026-01-01 17:00:00,A,17,1,1,440,16.08,654.56,5,651.51
2026-01-01 17:00:00,B,17,1,1,312,16.69,402.36,6,507.25
2026-01-01 17:00:00,C,17,1,1,455,23.31,435.27,4,618.67
2026-01-01 17:00:00,D,17,1,1,412,21.89,528.75,4,560.2
2026-01-01 18:00:00,A,18,1,1,484,10.0,463.4,5,634.24
2026-01-01 18:00:00,B,18,1,1,390,10.0,465.33,6,498.18
2026-01-01 18:00:00,C,18,1,1,416,10.0,551.77,4,577.47
2026-01-01 18:00:00,D,18,1,1,382,10.0,484.46,4,574.51
2026-01-01 19:00:00,A,19,1,1,440,10.0,644.52,5,685.12
2026-01-01 19:00:00,B,19,1,1,327,11.24,385.94,6,504.45
2026-01-01 19:00:00,C,19,1,1,423,10.0,465.87,4,514.09
2026-01-01 19:00:00,D,19,1,1,381,10.0,558.98,4,535.44
2026-01-01 20:00:00,A,20,1,0,345,10.0,439.38,5,300.08
2026-01-01 20:00:00,B,20,1,0,255,24.07,300.56,6,232.27
2026-01-01 20:00:00,C,20,1,0,336,14.74,409.1,4,340.33
2026-01-01 20:00:00,D,20,1,0,330,10.0,404.61,4,336.07
2026-01-01 21:00:00,A,21,1,0,459,20.08,505.2,5,415.25
2026-01-01 21:00:00,B,21,1,0,295,17.89,342.05,6,312.64
2026-01-01 21:00:00,C,21,1,0,376,11.0,405.73,4,360.89
2026-01-01 21:00:00,D,21,1,0,337,10.0,463.75,4,343.72
2026-01-01 22:00:00,A,22,1,0,488,10.0,542.27,5,488.41
2026-01-01 22:00:00,B,22,1,0,324,10.0,412.85,6,338.89
2026-01-01 22:00:00,C,22,1,0,365,10.0,490.79,4,503.52
2026-01-01 22:00:00,D,22,1,0,440,10.0,456.53,4,439.92
2026-01-01 23:00:00,A,23,1,0,455,10.0,540.49,5,469.16
2026-01-01 23:00:00,B,23,1,0,304,10.0,452.47,6,388.11
2026-01-01 23:00:00,C,23,1,0,517,10.0,579.85,4,508.94
2026-01-01 23:00:00,D,23,1,0,379,10.0,481.21,4,466.79
2026-01-02 00:00:00,A,0,2,0,594,10.0,614.15,5,619.98
2026-01-02 00:00:00,B,0,2,0,437,10.0,425.3,6,413.8
2026-01-02 00:00:00,C,0,2,0,448,10.0,607.05,4,568.66
2026-01-02 00:00:00,D,0,2,0,459,10.0,576.24,4,527.76
2026-01-02 01:00:00,A,1,2,0,621,10.0,828.74,5,710.68
2026-01-02 01:00:00,B,1,2,0,472,16.45,477.91,6,509.01
2026-01-02 01:00:00,C,1,2,0,502,10.0,632.41,4,651.63
2026-01-02 01:00:00,D,1,2,0,634,10.0,661.11,4,604.14
2026-01-02 02:00:00,A,2,2,0,609,10.0,933.08,5,797.47
2026-01-02 02:00:00,B,2,2,0,524,10.0,559.5,6,563.66
2026-01-02 02:00:00,C,2,2,0,611,14.31,825.63,4,680.92
2026-01-02 02:00:00,D,2,2,0,512,10.0,768.16,4,638.37
2026-01-02 03:00:00,A,3,2,0,670,12.74,940.52,5,822.25
2026-01-02 03:00:00,B,3,2,0,492,10.0,656.26,6,505.53
2026-01-02 03:00:00,C,3,2,0,762,10.0,690.01,4,717.15
2026-01-02 03:00:00,D,3,2,0,551,10.0,690.61,4,659.7
2026-01-02 04:00:00,A,4,2,0,916,43.35,1005.32,5,770.85
2026-01-02 04:00:00,B,4,2,0,611,10.0,710.68,6,708.82
2026-01-02 04:00:00,C,4,2,0,652,10.0,715.89,4,781.6
2026-01-02 04:00:00,D,4,2,0,801,10.0,674.81,4,782.94
2026-01-02 05:00:00,A,5,2,0,741,12.02,896.45,5,869.61
2026-01-02 05:00:00,B,5,2,0,529,10.0,598.55,6,597.0
2026-01-02 05:00:00,C,5,2,0,622,10.0,970.39,4,789.57
2026-01-02 05:00:00,D,5,2,0,677,15.48,892.98,4,816.59
2026-01-02 06:00:00,A,6,2,0,735,14.31,1083.89,5,930.65
2026-01-02 06:00:00,B,6,2,0,506,18.3,741.24,6,629.36
2026-01-02 06:00:00,C,6,2,0,731,24.94,937.08,4,788.37
2026-01-02 06:00:00,D,6,2,0,799,10.0,916.17,4,795.33
2026-01-02 07:00:00,A,7,2,1,1111,23.87,1404.32,5,1306.82
2026-01-02 07:00:00,B,7,2,1,832,10.0,819.66,6,996.16
2026-01-02 07:00:00,C,7,2,1,1194,10.0,1238.01,4,1188.86
2026-01-02 07:00:00,D,7,2,1,818,10.0,977.15,4,1214.41
2026-01-02 08:00:00,A,8,2,1,1286,10.0,1136.07,5,1281.92
2026-01-02 08:00:00,B,8,2,1,757,11.24,894.89,6,995.95
2026-01-02 08:00:00,C,8,2,1,901,21.95,1308.43,4,1104.59
2026-01-02 08:00:00,D,8,2,1,1151,19.03,1175.24,4,1118.78
2026-01-02 09:00:00,A,9,2,1,1190,12.58,1386.16,5,1196.96
2026-01-02 09:00:00,B,9,2,1,871,13.79,919.87,6,816.13
2026-01-02 09:00:00,C,9,2,1,944,10.0,1254.38,4,1153.73
2026-01-02 09:00:00,D,9,2,1,1028,10.0,1039.19,4,1042.29
2026-01-02 10:00:00,A,10,2,0,664,10.0,895.62,5,765.01
2026-01-02 10:00:00,B,10,2,0,498,10.0,495.85,6,578.3
2026-01-02 10:00:00,C,10,2,0,703,10.0,816.46,4,686.33
2026-01-02 10:00:00,D,10,2,0,651,10.0,816.29,4,678.8
2026-01-02 11:00:00,A,11,2,0,726,15.41,745.12,5,607.05
2026-01-02 11:00:00,B,11,2,0,507,10.0,540.8,6,580.12
2026-01-02 11:00:00,C,11,2,0,575,10.0,758.71,4,610.78
2026-01-02 11:00:00,D,11,2,0,589,10.0,701.81,4,502.78
2026-01-02 12:00:00,A,12,2,0,619,11.88,638.73,5,609.82
2026-01-02 12:00:00,B,12,2,0,444,10.0,527.03,6,492.83
2026-01-02 12:00:00,C,12,2,0,616,10.0,538.04,4,609.6
2026-01-02 12:00:00,D,12,2,0,605,10.0,527.24,4,565.6
2026-01-02 13:00:00,A,13,2,0,464,10.0,658.31,5,574.84
2026-01-02 13:00:00,B,13,2,0,401,10.0,463.22,6,457.8
2026-01-02 13:00:00,C,13,2,0,473,11.7,469.43,4,482.54
2026-01-02 13:00:00,D,13,2,0,519,10.0,563.66,4,507.84
2026-01-02 14:00:00,A,14,2,0,460,10.0,507.95,5,505.74
2026-01-02 14:00:00,B,14,2,0,278,10.0,420.38,6,402.85
2026-01-02 14:00:00,C,14,2,0,474,10.0,533.25,4,412.98
2026-01-02 14:00:00,D,14,2,0,478,10.0,548.22,4,491.21
2026-01-02 15:00:00,A,15,2,0,391,13.53,555.33,5,463.72
2026-01-02 15:00:00,B,15,2,0,305,10.0,389.29,6,322.58
2026-01-02 15:00:00,C,15,2,0,320,10.0,464.17,4,462.3
2026-01-02 15:00:00,D,15,2,0,419,10.0,379.21,4,361.73
2026-01-02 16:00:00,A,16,2,1,596,12.36,588.76,5,598.49
2026-01-02 16:00:00,B,16,2,1,340,19.75,441.92,6,603.19
2026-01-02 16:00:00,C,16,2,1,467,10.0,651.3,4,594.91
2026-01-02 16:00:00,D,16,2,1,518,10.0,562.49,4,582.86
2026-01-02 17:00:00,A,17,2,1,524,10.0,613.66,5,579.43
2026-01-02 17:00:00,B,17,2,1,421,14.41,446.67,6,544.52
2026-01-02 17:00:00,C,17,2,1,488,10.0,468.08,4,575.25
2026-01-02 17:00:00,D,17,2,1,516,10.0,516.84,4,615.7
2026-01-02 18:00:00,A,18,2,1,456,18.28,500.51,5,615.05
2026-01-02 18:00:00,B,18,2,1,343,17.49,467.71,6,514.73
2026-01-02 18:00:00,C,18,2,1,447,18.62,477.65,4,573.75
2026-01-02 18:00:00,D,18,2,1,487,10.0,453.23,4,634.11
2026-01-02 19:00:00,A,19,2,1,418,10.0,665.0,5,695.28
2026-01-02 19:00:00,B,19,2,1,332,10.0,457.15,6,506.93
2026-01-02 19:00:00,C,19,2,1,401,10.0,569.15,4,608.13
2026-01-02 19:00:00,D,19,2,1,392,10.0,595.16,4,584.19
2026-01-02 20:00:00,A,20,2,0,401,10.0,441.51,5,421.14
2026-01-02 20:00:00,B,20,2,0,248,15.93,313.25,6,269.02
2026-01-02 20:00:00,C,20,2,0,305,10.52,433.83,4,315.76
2026-01-02 20:00:00,D,20,2,0,293,10.0,436.04,4,339.48
2026-01-02 21:00:00,A,21,2,0,407,10.0,456.0,5,459.86
2026-01-02 21:00:00,B,21,2,0,355,18.29,324.39,6,285.67
2026-01-02 21:00:00,C,21,2,0,332,10.0,414.6,4,404.49
2026-01-02 21:00:00,D,21,2,0,417,10.0,390.73,4,397.33
2026-01-02 22:00:00,A,22,2,0,464,10.0,525.74,5,450.44
2026-01-02 22:00:00,B,22,2,0,299,10.0,338.37,6,408.25
2026-01-02 22:00:00,C,22,2,0,493,10.0,465.82,4,375.12
2026-01-02 22:00:00,D,22,2,0,389,10.0,476.11,4,406.13
2026-01-02 23:00:00,A,23,2,0,432,10.0,596.05,5,589.39
2026-01-02 23:00:00,B,23,2,0,319,10.0,506.1,6,395.48
2026-01-02 23:00:00,C,23,2,0,459,14.35,602.14,4,505.33
2026-01-02 23:00:00,D,23,2,0,414,17.25,474.39,4,518.55
2026-01-03 00:00:00,A,0,3,0,525,10.0,627.97,5,561.18
2026-01-03 00:00:00,B,0,3,0,498,10.45,505.04,6,542.05
2026-01-03 00:00:00,C,0,3,0,487,17.91,539.76,4,521.31
2026-01-03 00:00:00,D,0,3,0,486,10.0,633.69,4,576.41
2026-01-03 01:00:00,A,1,3,0,562,10.0,729.87,5,688.95
2026-01-03 01:00:00,B,1,3,0,455,22.22,455.96,6,514.6
2026-01-03 01:00:00,C,1,3,0,487,10.0,570.56,4,622.04
2026-01-03 01:00:00,D,1,3,0,472,10.0,759.48,4,567.1
2026-01-03 02:00:00,A,2,3,0,717,29.37,897.35,5,652.03
2026-01-03 02:00:00,B,2,3,0,586,10.0,639.89,6,504.18
2026-01-03 02:00:00,C,2,3,0,685,10.0,706.63,4,601.23
2026-01-03 02:00:00,D,2,3,0,525,23.57,706.42,4,689.69
2026-01-03 03:00:00,A,3,3,0,646,17.38,858.51,5,783.74
2026-01-03 03:00:00,B,3,3,0,469,18.7,705.78,6,609.93
2026-01-03 03:00:00,C,3,3,0,752,10.0,774.2,4,743.44
2026-01-03 03:00:00,D,3,3,0,571,10.0,708.72,4,720.97
2026-01-03 04:00:00,A,4,3,0,857,10.0,1033.0,5,907.22
2026-01-03 04:00:00,B,4,3,0,497,16.8,750.1,6,555.45
2026-01-03 04:00:00,C,4,3,0,590,10.0,830.17,4,848.58
2026-01-03 04:00:00,D,4,3,0,629,10.0,742.02,4,683.79
2026-01-03 05:00:00,A,5,3,0,713,15.09,956.65,5,924.22
2026-01-03 05:00:00,B,5,3,0,614,10.0,626.61,6,650.52
2026-01-03 05:00:00,C,5,3,0,802,10.0,790.76,4,812.09
2026-01-03 05:00:00,D,5,3,0,759,10.0,814.48,4,774.66
2026-01-03 06:00:00,A,6,3,0,696,18.62,990.56,5,855.16
2026-01-03 06:00:00,B,6,3,0,561,15.68,661.11,6,666.23
2026-01-03 06:00:00,C,6,3,0,631,10.0,887.22,4,756.97
2026-01-03 06:00:00,D,6,3,0,686,15.39,742.55,4,739.71
2026-01-03 07:00:00,A,7,3,1,942,10.0,1121.9,5,1341.41
2026-01-03 07:00:00,B,7,3,1,715,10.0,948.9,6,1036.6
2026-01-03 07:00:00,C,7,3,1,977,23.94,1085.01,4,1220.56
2026-01-03 07:00:00,D,7,3,1,945,12.77,1147.32,4,1132.77
2026-01-03 08:00:00,A,8,3,1,920,10.0,1221.52,5,1404.02
2026-01-03 08:00:00,B,8,3,1,775,13.46,843.3,6,1036.98
2026-01-03 08:00:00,C,8,3,1,963,10.0,1225.38,4,1163.09
2026-01-03 08:00:00,D,8,3,1,851,10.0,1009.71,4,1203.91
2026-01-03 09:00:00,A,9,3,1,1210,10.0,1175.6,5,1181.45
2026-01-03 09:00:00,B,9,3,1,758,10.0,981.03,6,917.01
2026-01-03 09:00:00,C,9,3,1,855,20.28,1025.62,4,1220.77
2026-01-03 09:00:00,D,9,3,1,771,10.0,1057.01,4,1137.99
2026-01-03 10:00:00,A,10,3,0,692,19.81,852.89,5,782.41
2026-01-03 10:00:00,B,10,3,0,456,10.0,611.03,6,534.32
2026-01-03 10:00:00,C,10,3,0,518,10.0,793.51,4,647.55
2026-01-03 10:00:00,D,10,3,0,594,10.0,685.51,4,723.06
2026-01-03 11:00:00,A,11,3,0,699,12.19,812.9,5,617.11
2026-01-03 11:00:00,B,11,3,0,437,10.0,594.49,6,583.05
2026-01-03 11:00:00,C,11,3,0,497,10.0,609.48,4,655.86
2026-01-03 11:00:00,D,11,3,0,471,10.0,754.3,4,632.9
2026-01-03 12:00:00,A,12,3,0,623,10.0,769.11,5,691.2
2026-01-03 12:00:00,B,12,3,0,464,21.63,490.38,6,395.93
2026-01-03 12:00:00,C,12,3,0,557,10.0,568.15,4,546.86
2026-01-03 12:00:00,D,12,3,0,587,13.17,588.3,4,659.19
2026-01-03 13:00:00,A,13,3,0,579,10.0,626.6,5,620.65
2026-01-03 13:00:00,B,13,3,0,407,10.0,379.87,6,416.06
2026-01-03 13:00:00,C,13,3,0,512,10.0,553.16,4,538.09
2026-01-03 13:00:00,D,13,3,0,538,22.95,517.53,4,537.03
2026-01-03 14:00:00,A,14,3,0,498,10.0,485.8,5,449.19
2026-01-03 14:00:00,B,14,3,0,345,10.0,426.34,6,421.51
2026-01-03 14:00:00,C,14,3,0,373,10.0,542.36,4,464.49
2026-01-03 14:00:00,D,14,3,0,415,14.16,465.08,4,443.89
2026-01-03 15:00:00,A,15,3,0,469,15.9,404.03,5,440.99
2026-01-03 15:00:00,B,15,3,0,281,10.0,302.15,6,281.72
2026-01-03 15:00:00,C,15,3,0,407,10.0,444.36,4,414.33
2026-01-03 15:00:00,D,15,3,0,316,12.92,440.34,4,431.61
2026-01-03 16:00:00,A,16,3,1,538,20.48,663.33,5,686.87
2026-01-03 16:00:00,B,16,3,1,348,27.72,524.01,6,590.17
2026-01-03 16:00:00,C,16,3,1,424,10.0,543.45,4,586.28
2026-01-03 16:00:00,D,16,3,1,425,10.3,466.51,4,577.67
2026-01-03 17:00:00,A,17,3,1,567,10.0,491.08,5,701.64
2026-01-03 17:00:00,B,17,3,1,431,10.0,375.67,6,430.94
2026-01-03 17:00:00,C,17,3,1,375,10.0,609.96,4,572.07
2026-01-03 17:00:00,D,17,3,1,420,17.19,520.33,4,665.36
2026-01-03 18:00:00,A,18,3,1,523,10.0,623.41,5,670.36
2026-01-03 18:00:00,B,18,3,1,407,10.0,376.3,6,512.97
2026-01-03 18:00:00,C,18,3,1,471,10.0,536.7,4,554.48
2026-01-03 18:00:00,D,18,3,1,365,10.0,578.29,4,544.8
2026-01-03 19:00:00,A,19,3,1,542,10.0,638.56,5,654.92
2026-01-03 19:00:00,B,19,3,1,399,10.0,440.71,6,477.76
2026-01-03 19:00:00,C,19,3,1,372,10.67,584.47,4,635.66
2026-01-03 19:00:00,D,19,3,1,441,10.0,496.46,4,621.35
2026-01-03 20:00:00,A,20,3,0,378,10.0,490.61,5,369.29
2026-01-03 20:00:00,B,20,3,0,240,10.0,370.29,6,250.3
2026-01-03 20:00:00,C,20,3,0,387,10.0,419.21,4,360.02
2026-01-03 20:00:00,D,20,3,0,381,10.0,406.2,4,344.81
2026-01-03 21:00:00,A,21,3,0,384,10.0,432.04,5,429.39
2026-01-03 21:00:00,B,21,3,0,297,10.0,298.34,6,356.28
2026-01-03 21:00:00,C,21,3,0,440,17.88,382.92,4,393.85
2026-01-03 21:00:00,D,21,3,0,314,10.0,466.15,4,324.18
2026-01-03 22:00:00,A,22,3,0,449,29.18,562.56,5,533.56
2026-01-03 22:00:00,B,22,3,0,296,10.0,446.83,6,307.88
2026-01-03 22:00:00,C,22,3,0,352,10.0,418.58,4,378.04
2026-01-03 22:00:00,D,22,3,0,344,10.0,466.55,4,411.66
2026-01-03 23:00:00,A,23,3,0,562,10.0,604.19,5,532.2
2026-01-03 23:00:00,B,23,3,0,392,14.59,430.57,6,351.56
2026-01-03 23:00:00,C,23,3,0,403,10.0,623.32,4,459.44
2026-01-03 23:00:00,D,23,3,0,392,10.0,467.26,4,471.41
2026-01-04 00:00:00,A,0,4,0,591,10.0,705.52,5,645.38
2026-01-04 00:00:00,B,0,4,0,342,10.0,437.24,6,448.16
2026-01-04 00:00:00,C,0,4,0,500,10.0,513.42,4,547.55
2026-01-04 00:00:00,D,0,4,0,597,10.0,647.91,4,587.2
2026-01-04 01:00:00,A,1,4,0,712,19.86,711.8,5,635.1
2026-01-04 01:00:00,B,1,4,0,480,10.0,468.48,6,460.82
2026-01-04 01:00:00,C,1,4,0,526,10.0,576.99,4,649.8
2026-01-04 01:00:00,D,1,4,0,584,10.0,631.61,4,576.14
2026-01-04 02:00:00,A,2,4,0,608,10.0,856.07,5,756.06
2026-01-04 02:00:00,B,2,4,0,550,10.0,602.54,6,555.33
2026-01-04 02:00:00,C,2,4,0,593,10.0,671.44,4,680.42
2026-01-04 02:00:00,D,2,4,0,628,15.54,795.72,4,654.81
2026-01-04 03:00:00,A,3,4,0,855,24.17,994.41,5,809.59
2026-01-04 03:00:00,B,3,4,0,486,10.0,699.73,6,573.75
2026-01-04 03:00:00,C,3,4,0,619,12.4,710.26,4,737.62
2026-01-04 03:00:00,D,3,4,0,721,12.05,681.57,4,710.29
2026-01-04 04:00:00,A,4,4,0,669,23.77,786.16,5,869.18
2026-01-04 04:00:00,B,4,4,0,606,10.0,580.66,6,623.21
2026-01-04 04:00:00,C,4,4,0,832,29.95,927.58,4,817.68
2026-01-04 04:00:00,D,4,4,0,628,10.0,674.46,4,753.51
2026-01-04 05:00:00,A,5,4,0,860,23.84,973.96,5,818.78
2026-01-04 05:00:00,B,5,4,0,521,10.0,716.87,6,672.93
2026-01-04 05:00:00,C,5,4,0,683,10.0,972.12,4,769.07
2026-01-04 05:00:00,D,5,4,0,755,10.0,806.23,4,798.89
2026-01-04 06:00:00,A,6,4,0,897,10.0,949.59,5,910.56
2026-01-04 06:00:00,B,6,4,0,651,10.0,646.39,6,644.95
2026-01-04 06:00:00,C,6,4,0,764,10.0,763.52,4,785.28
2026-01-04 06:00:00,D,6,4,0,643,10.0,702.07,4,840.24
2026-01-04 07:00:00,A,7,4,1,1043,10.0,1296.03,5,1390.77
2026-01-04 07:00:00,B,7,4,1,940,10.0,1076.16,6,1061.65
2026-01-04 07:00:00,C,7,4,1,898,10.0,1189.08,4,1179.23
2026-01-04 07:00:00,D,7,4,1,1038,22.96,1225.75,4,1272.24
2026-01-04 08:00:00,A,8,4,1,1200,10.0,1476.79,5,1274.32
2026-01-04 08:00:00,B,8,4,1,839,10.0,910.63,6,903.86
2026-01-04 08:00:00,C,8,4,1,1077,10.0,1250.22,4,1185.16
2026-01-04 08:00:00,D,8,4,1,992,10.0,977.74,4,1110.51
2026-01-04 09:00:00,A,9,4,1,1199,10.0,1069.73,5,1228.75
2026-01-04 09:00:00,B,9,4,1,729,10.0,831.67,6,946.42
2026-01-04 09:00:00,C,9,4,1,888,12.1,993.16,4,1159.32
2026-01-04 09:00:00,D,9,4,1,849,13.68,1142.15,4,1105.62
2026-01-04 10:00:00,A,10,4,0,732,24.07,784.98,5,724.76
2026-01-04 10:00:00,B,10,4,0,454,10.0,519.91,6,492.52
2026-01-04 10:00:00,C,10,4,0,579,10.0,843.05,4,623.0
2026-01-04 10:00:00,D,10,4,0,569,10.0,780.5,4,618.57
2026-01-04 11:00:00,A,11,4,0,693,10.0,835.81,5,705.97
2026-01-04 11:00:00,B,11,4,0,418,23.5,544.56,6,445.87
2026-01-04 11:00:00,C,11,4,0,605,10.0,652.7,4,624.09
2026-01-04 11:00:00,D,11,4,0,559,18.6,626.52,4,608.66
2026-01-04 12:00:00,A,12,4,0,547,10.0,735.99,5,746.85
2026-01-04 12:00:00,B,12,4,0,456,10.0,534.77,6,466.48
2026-01-04 12:00:00,C,12,4,0,516,10.0,525.88,4,584.89
2026-01-04 12:00:00,D,12,4,0,466,17.67,647.91,4,557.63
2026-01-04 13:00:00,A,13,4,0,446,16.38,517.11,5,564.52
2026-01-04 13:00:00,B,13,4,0,441,10.0,423.33,6,340.15
2026-01-04 13:00:00,C,13,4,0,412,12.22,527.19,4,512.49
2026-01-04 13:00:00,D,13,4,0,432,16.71,560.71,4,526.64
2026-01-04 14:00:00,A,14,4,0,530,10.0,587.49,5,476.77
2026-01-04 14:00:00,B,14,4,0,367,10.0,356.61,6,362.39
2026-01-04 14:00:00,C,14,4,0,438,10.0,536.52,4,378.42
2026-01-04 14:00:00,D,14,4,0,366,10.0,397.74,4,415.18
2026-01-04 15:00:00,A,15,4,0,431,10.0,476.34,5,442.98
2026-01-04 15:00:00,B,15,4,0,299,10.0,375.36,6,287.56
2026-01-04 15:00:00,C,15,4,0,436,10.0,384.38,4,434.33
2026-01-04 15:00:00,D,15,4,0,429,11.61,358.29,4,447.78
2026-01-04 16:00:00,A,16,4,1,466,10.0,585.66,5,754.53
2026-01-04 16:00:00,B,16,4,1,328,11.7,437.63,6,568.98
2026-01-04 16:00:00,C,16,4,1,512,10.0,587.9,4,610.87
2026-01-04 16:00:00,D,16,4,1,491,10.82,601.77,4,674.82
2026-01-04 17:00:00,A,17,4,1,423,22.38,524.74,5,711.67
2026-01-04 17:00:00,B,17,4,1,306,10.0,414.85,6,451.68
2026-01-04 17:00:00,C,17,4,1,527,10.0,538.91,4,634.79
2026-01-04 17:00:00,D,17,4,1,486,10.0,574.13,4,674.21
2026-01-04 18:00:00,A,18,4,1,474,19.7,654.58,5,639.67
2026-01-04 18:00:00,B,18,4,1,383,10.0,358.87,6,523.16
2026-01-04 18:00:00,C,18,4,1,519,10.0,519.45,4,618.04
2026-01-04 18:00:00,D,18,4,1,505,10.0,478.58,4,557.49
2026-01-04 19:00:00,A,19,4,1,534,10.0,558.03,5,633.13
2026-01-04 19:00:00,B,19,4,1,370,10.0,489.99,6,463.53
2026-01-04 19:00:00,C,19,4,1,508,15.09,549.69,4,608.62
2026-01-04 19:00:00,D,19,4,1,490,10.0,484.42,4,545.17
2026-01-04 20:00:00,A,20,4,0,383,15.66,437.18,5,472.31
2026-01-04 20:00:00,B,20,4,0,302,10.0,275.93,6,302.73
2026-01-04 20:00:00,C,20,4,0,380,17.69,351.52,4,394.71
2026-01-04 20:00:00,D,20,4,0,300,10.0,414.95,4,346.67
2026-01-04 21:00:00,A,21,4,0,474,10.0,515.88,5,404.05
2026-01-04 21:00:00,B,21,4,0,271,10.0,303.56,6,347.31
2026-01-04 21:00:00,C,21,4,0,352,10.0,439.58,4,400.72
2026-01-04 21:00:00,D,21,4,0,354,10.0,397.85,4,328.65
2026-01-04 22:00:00,A,22,4,0,406,10.0,476.43,5,462.03
2026-01-04 22:00:00,B,22,4,0,342,10.0,413.56,6,351.56
2026-01-04 22:00:00,C,22,4,0,458,10.0,561.33,4,424.25
2026-01-04 22:00:00,D,22,4,0,425,10.0,551.42,4,465.21
2026-01-04 23:00:00,A,23,4,0,523,10.0,653.16,5,504.95
2026-01-04 23:00:00,B,23,4,0,391,10.0,505.61,6,376.84
2026-01-04 23:00:00,C,23,4,0,447,10.0,532.14,4,412.78
2026-01-04 23:00:00,D,23,4,0,458,24.95,589.11,4,401.56
2026-01-05 00:00:00,A,0,5,0,647,10.0,777.67,5,619.49
2026-01-05 00:00:00,B,0,5,0,407,10.0,466.2,6,358.79
2026-01-05 00:00:00,C,0,5,0,530,10.0,638.21,4,609.79
2026-01-05 00:00:00,D,0,5,0,523,10.0,629.52,4,551.16
2026-01-05 01:00:00,A,1,5,0,607,10.0,774.48,5,677.96
2026-01-05 01:00:00,B,1,5,0,510,27.12,498.65,6,491.35
2026-01-05 01:00:00,C,1,5,0,507,10.0,609.53,4,544.09
2026-01-05 01:00:00,D,1,5,0,622,19.25,620.76,4,558.93
2026-01-05 02:00:00,A,2,5,0,787,10.0,890.09,5,807.69
2026-01-05 02:00:00,B,2,5,0,545,10.0,637.43,6,476.86
2026-01-05 02:00:00,C,2,5,0,642,12.61,707.37,4,643.59
2026-01-05 02:00:00,D,2,5,0,717,11.45,740.64,4,740.02
2026-01-05 03:00:00,A,3,5,0,836,11.48,964.44,5,793.34
2026-01-05 03:00:00,B,3,5,0,560,10.0,661.9,6,546.58
2026-01-05 03:00:00,C,3,5,0,792,10.0,851.74,4,740.8
2026-01-05 03:00:00,D,3,5,0,687,20.74,789.58,4,720.5
2026-01-05 04:00:00,A,4,5,0,670,10.0,930.37,5,839.07
2026-01-05 04:00:00,B,4,5,0,547,10.0,742.55,6,663.54
2026-01-05 04:00:00,C,4,5,0,628,14.17,726.46,4,823.48
2026-01-05 04:00:00,D,4,5,0,626,21.84,707.98,4,838.25
2026-01-05 05:00:00,A,5,5,0,811,17.41,858.76,5,895.73
2026-01-05 05:00:00,B,5,5,0,623,10.0,697.26,6,480.95
2026-01-05 05:00:00,C,5,5,0,695,10.0,888.47,4,825.65
2026-01-05 05:00:00,D,5,5,0,694,10.0,905.24,4,817.1
2026-01-05 06:00:00,A,6,5,0,811,10.0,1087.87,5,877.17
2026-01-05 06:00:00,B,6,5,0,607,24.92,647.41,6,670.24
2026-01-05 06:00:00,C,6,5,0,797,10.0,753.22,4,877.44
2026-01-05 06:00:00,D,6,5,0,719,10.0,963.56,4,736.13
2026-01-05 07:00:00,A,7,5,1,981,10.0,1188.32,5,1346.25
2026-01-05 07:00:00,B,7,5,1,919,10.0,866.26,6,1024.07
2026-01-05 07:00:00,C,7,5,1,840,10.0,1268.49,4,1145.23
2026-01-05 07:00:00,D,7,5,1,1133,10.0,1015.99,4,1204.97
2026-01-05 08:00:00,A,8,5,1,1271,10.0,1265.09,5,1248.74
2026-01-05 08:00:00,B,8,5,1,895,10.0,1046.69,6,1013.48
2026-01-05 08:00:00,C,8,5,1,976,26.09,1328.62,4,1170.83
2026-01-05 08:00:00,D,8,5,1,953,10.0,1025.38,4,1176.07
2026-01-05 09:00:00,A,9,5,1,927,31.02,1276.29,5,1249.7
2026-01-05 09:00:00,B,9,5,1,759,10.0,758.95,6,933.18
2026-01-05 09:00:00,C,9,5,1,945,14.44,953.03,4,1144.53
2026-01-05 09:00:00,D,9,5,1,948,10.0,1224.16,4,1134.06
2026-01-05 10:00:00,A,10,5,0,638,10.0,763.84,5,702.21
2026-01-05 10:00:00,B,10,5,0,508,10.0,666.17,6,481.49
2026-01-05 10:00:00,C,10,5,0,556,13.13,686.7,4,716.96
2026-01-05 10:00:00,D,10,5,0,534,10.0,610.08,4,645.58
2026-01-05 11:00:00,A,11,5,0,739,10.0,768.4,5,700.91
2026-01-05 11:00:00,B,11,5,0,389,10.0,582.33,6,535.99
2026-01-05 11:00:00,C,11,5,0,491,10.0,604.41,4,628.36
2026-01-05 11:00:00,D,11,5,0,479,10.0,669.96,4,637.24
2026-01-05 12:00:00,A,12,5,0,651,10.0,615.53,5,711.92
2026-01-05 12:00:00,B,12,5,0,460,10.0,426.13,6,438.69
2026-01-05 12:00:00,C,12,5,0,493,10.0,613.78,4,565.27
2026-01-05 12:00:00,D,12,5,0,536,24.41,618.02,4,506.84
2026-01-05 13:00:00,A,13,5,0,549,12.39,604.31,5,523.24
2026-01-05 13:00:00,B,13,5,0,335,10.0,396.08,6,427.52
2026-01-05 13:00:00,C,13,5,0,483,10.0,499.79,4,503.72
2026-01-05 13:00:00,D,13,5,0,485,10.0,504.27,4,569.13
2026-01-05 14:00:00,A,14,5,0,391,11.45,502.36,5,483.23
2026-01-05 14:00:00,B,14,5,0,392,11.8,369.28,6,307.66
2026-01-05 14:00:00,C,14,5,0,470,10.0,439.1,4,428.76
2026-01-05 14:00:00,D,14,5,0,399,29.85,444.59,4,404.51
2026-01-05 15:00:00,A,15,5,0,399,10.89,531.26,5,422.36
2026-01-05 15:00:00,B,15,5,0,261,10.0,343.04,6,294.88
2026-01-05 15:00:00,C,15,5,0,320,10.0,444.64,4,400.59
2026-01-05 15:00:00,D,15,5,0,382,10.0,463.02,4,438.03
2026-01-05 16:00:00,A,16,5,1,499,10.0,689.55,5,725.91
2026-01-05 16:00:00,B,16,5,1,448,10.0,472.82,6,485.8
2026-01-05 16:00:00,C,16,5,1,489,10.0,635.26,4,635.36
2026-01-05 16:00:00,D,16,5,1,425,33.61,534.42,4,679.6
2026-01-05 17:00:00,A,17,5,1,413,22.6,496.57,5,648.45
2026-01-05 17:00:00,B,17,5,1,326,10.0,394.27,6,495.33
2026-01-05 17:00:00,C,17,5,1,473,10.0,597.75,4,639.92
2026-01-05 17:00:00,D,17,5,1,390,10.0,569.76,4,623.38
2026-01-05 18:00:00,A,18,5,1,509,16.97,503.82,5,662.44
2026-01-05 18:00:00,B,18,5,1,312,10.0,457.97,6,516.55
2026-01-05 18:00:00,C,18,5,1,448,10.0,443.66,4,591.55
2026-01-05 18:00:00,D,18,5,1,438,10.0,524.06,4,603.75
2026-01-05 19:00:00,A,19,5,1,476,10.0,554.34,5,628.35
2026-01-05 19:00:00,B,19,5,1,358,10.0,409.21,6,491.39
2026-01-05 19:00:00,C,19,5,1,374,10.0,576.05,4,649.62
2026-01-05 19:00:00,D,19,5,1,420,10.0,592.2,4,623.46
2026-01-05 20:00:00,A,20,5,0,447,10.0,371.83,5,397.47
2026-01-05 20:00:00,B,20,5,0,230,10.0,316.74,6,235.76
2026-01-05 20:00:00,C,20,5,0,360,10.0,339.95,4,315.72
2026-01-05 20:00:00,D,20,5,0,361,10.0,348.73,4,393.23
2026-01-05 21:00:00,A,21,5,0,354,10.0,542.1,5,413.92
2026-01-05 21:00:00,B,21,5,0,347,10.0,385.62,6,273.74
2026-01-05 21:00:00,C,21,5,0,433,10.0,494.01,4,442.99
2026-01-05 21:00:00,D,21,5,0,433,20.08,421.88,4,392.59
2026-01-05 22:00:00,A,22,5,0,438,10.0,578.74,5,558.58
2026-01-05 22:00:00,B,22,5,0,377,25.33,373.69,6,375.53
2026-01-05 22:00:00,C,22,5,0,411,10.0,489.14,4,484.75
2026-01-05 22:00:00,D,22,5,0,368,10.0,512.54,4,469.69
2026-01-05 23:00:00,A,23,5,0,478,10.0,559.22,5,536.66
2026-01-05 23:00:00,B,23,5,0,410,10.0,468.11,6,366.6
2026-01-05 23:00:00,C,23,5,0,379,10.0,536.53,4,463.69
2026-01-05 23:00:00,D,23,5,0,402,17.04,543.68,4,457.81
2026-01-06 00:00:00,A,0,6,0,588,10.0,609.45,5,586.48
2026-01-06 00:00:00,B,0,6,0,402,10.0,516.79,6,454.54
2026-01-06 00:00:00,C,0,6,0,607,10.0,640.0,4,549.74
2026-01-06 00:00:00,D,0,6,0,456,10.0,635.59,4,537.55
2026-01-06 01:00:00,A,1,6,0,582,10.0,624.79,5,648.78
2026-01-06 01:00:00,B,1,6,0,382,10.0,491.76,6,526.21
2026-01-06 01:00:00,C,1,6,0,511,10.0,591.38,4,613.66
2026-01-06 01:00:00,D,1,6,0,596,10.0,720.17,4,618.67
2026-01-06 02:00:00,A,2,6,0,597,19.0,901.98,5,681.3
2026-01-06 02:00:00,B,2,6,0,516,12.57,680.57,6,478.5
2026-01-06 02:00:00,C,2,6,0,543,10.0,783.42,4,602.97
2026-01-06 02:00:00,D,2,6,0,590,10.0,666.37,4,619.39
2026-01-06 03:00:00,A,3,6,0,848,10.0,880.92,5,843.02
2026-01-06 03:00:00,B,3,6,0,448,10.0,639.32,6,537.32
2026-01-06 03:00:00,C,3,6,0,620,11.15,836.04,4,750.37
2026-01-06 03:00:00,D,3,6,0,761,10.0,854.04,4,713.64
2026-01-06 04:00:00,A,4,6,0,658,10.0,830.27,5,790.27
2026-01-06 04:00:00,B,4,6,0,662,10.0,693.35,6,656.83
2026-01-06 04:00:00,C,4,6,0,606,25.17,821.29,4,750.5
2026-01-06 04:00:00,D,4,6,0,684,10.0,700.26,4,699.18
2026-01-06 05:00:00,A,5,6,0,944,17.6,992.85,5,821.26
2026-01-06 05:00:00,B,5,6,0,574,10.0,653.69,6,615.32
2026-01-06 05:00:00,C,5,6,0,602,13.24,846.07,4,790.8
2026-01-06 05:00:00,D,5,6,0,642,28.56,830.28,4,772.87
2026-01-06 06:00:00,A,6,6,0,822,18.12,889.0,5,847.13
2026-01-06 06:00:00,B,6,6,0,529,10.0,707.08,6,682.06
2026-01-06 06:00:00,C,6,6,0,795,16.42,756.86,4,728.55
2026-01-06 06:00:00,D,6,6,0,799,10.0,883.7,4,782.22
2026-01-06 07:00:00,A,7,6,1,1106,10.0,1168.91,5,1330.52
2026-01-06 07:00:00,B,7,6,1,705,10.0,952.98,6,1038.69
2026-01-06 07:00:00,C,7,6,1,1072,10.0,1040.87,4,1205.94
2026-01-06 07:00:00,D,7,6,1,874,36.05,1252.55,4,1236.76
2026-01-06 08:00:00,A,8,6,1,1232,24.16,1074.25,5,1247.85
2026-01-06 08:00:00,B,8,6,1,902,35.47,877.72,6,1077.76
2026-01-06 08:00:00,C,8,6,1,1082,17.53,1105.06,4,1187.12
2026-01-06 08:00:00,D,8,6,1,884,10.0,1208.42,4,1200.13
2026-01-06 09:00:00,A,9,6,1,1106,32.2,1278.57,5,1247.13
2026-01-06 09:00:00,B,9,6,1,910,10.0,878.82,6,876.18
2026-01-06 09:00:00,C,9,6,1,800,10.0,963.34,4,1110.74
2026-01-06 09:00:00,D,9,6,1,914,10.0,919.55,4,1042.07
2026-01-06 10:00:00,A,10,6,0,790,27.13,816.53,5,806.75
2026-01-06 10:00:00,B,10,6,0,412,10.0,500.38,6,449.99
2026-01-06 10:00:00,C,10,6,0,614,10.19,621.91,4,739.41
2026-01-06 10:00:00,D,10,6,0,615,27.97,745.84,4,678.77
2026-01-06 11:00:00,A,11,6,0,629,10.0,674.25,5,698.06
2026-01-06 11:00:00,B,11,6,0,481,10.0,458.5,6,486.91
2026-01-06 11:00:00,C,11,6,0,652,10.0,630.03,4,673.04
2026-01-06 11:00:00,D,11,6,0,522,10.09,684.66,4,549.56
2026-01-06 12:00:00,A,12,6,0,652,18.86,737.32,5,702.52
2026-01-06 12:00:00,B,12,6,0,459,10.0,430.66,6,473.34
2026-01-06 12:00:00,C,12,6,0,487,10.0,669.33,4,489.57
2026-01-06 12:00:00,D,12,6,0,484,10.0,676.9,4,586.67
2026-01-06 13:00:00,A,13,6,0,584,10.0,692.04,5,619.29
2026-01-06 13:00:00,B,13,6,0,399,10.0,495.16,6,335.05
2026-01-06 13:00:00,C,13,6,0,450,10.0,498.95,4,550.79
2026-01-06 13:00:00,D,13,6,0,391,10.0,540.35,4,466.38
2026-01-06 14:00:00,A,14,6,0,527,10.0,475.17,5,544.98
2026-01-06 14:00:00,B,14,6,0,297,20.55,363.99,6,352.57
2026-01-06 14:00:00,C,14,6,0,351,10.0,538.68,4,425.65
2026-01-06 14:00:00,D,14,6,0,431,10.0,540.57,4,387.77
2026-01-06 15:00:00,A,15,6,0,346,10.0,485.63,5,341.9
2026-01-06 15:00:00,B,15,6,0,321,10.0,331.18,6,316.56
2026-01-06 15:00:00,C,15,6,0,377,16.0,417.19,4,437.92
2026-01-06 15:00:00,D,15,6,0,299,10.0,414.81,4,426.13
2026-01-06 16:00:00,A,16,6,1,469,10.0,713.74,5,618.59
2026-01-06 16:00:00,B,16,6,1,339,10.0,408.95,6,460.2
2026-01-06 16:00:00,C,16,6,1,511,23.18,596.34,4,549.34
2026-01-06 16:00:00,D,16,6,1,456,15.73,562.41,4,610.45
2026-01-06 17:00:00,A,17,6,1,505,10.37,581.32,5,655.54
2026-01-06 17:00:00,B,17,6,1,379,10.0,363.68,6,471.34
2026-01-06 17:00:00,C,17,6,1,486,10.83,450.43,4,648.44
2026-01-06 17:00:00,D,17,6,1,462,10.0,507.26,4,610.05
2026-01-06 18:00:00,A,18,6,1,401,10.0,555.78,5,580.9
2026-01-06 18:00:00,B,18,6,1,364,10.0,452.18,6,563.12
2026-01-06 18:00:00,C,18,6,1,472,10.0,454.69,4,630.53
2026-01-06 18:00:00,D,18,6,1,508,10.0,435.73,4,538.97
2026-01-06 19:00:00,A,19,6,1,589,10.0,496.79,5,681.07
2026-01-06 19:00:00,B,19,6,1,316,10.0,400.29,6,512.73
2026-01-06 19:00:00,C,19,6,1,503,10.0,580.09,4,598.54
2026-01-06 19:00:00,D,19,6,1,444,10.0,529.26,4,596.28
2026-01-06 20:00:00,A,20,6,0,420,10.0,480.29,5,393.25
2026-01-06 20:00:00,B,20,6,0,271,10.0,286.82,6,281.22
2026-01-06 20:00:00,C,20,6,0,336,11.8,447.45,4,400.79
2026-01-06 20:00:00,D,20,6,0,393,10.0,434.95,4,357.3
2026-01-06 21:00:00,A,21,6,0,474,10.0,428.28,5,452.55
2026-01-06 21:00:00,B,21,6,0,308,10.0,297.97,6,321.41
2026-01-06 21:00:00,C,21,6,0,401,10.0,386.78,4,350.19
2026-01-06 21:00:00,D,21,6,0,401,18.74,435.64,4,424.11
2026-01-06 22:00:00,A,22,6,0,435,10.0,499.6,5,493.57
2026-01-06 22:00:00,B,22,6,0,341,10.0,342.6,6,358.35
2026-01-06 22:00:00,C,22,6,0,396,11.54,443.13,4,346.07
2026-01-06 22:00:00,D,22,6,0,422,10.0,449.49,4,382.15
2026-01-06 23:00:00,A,23,6,0,524,39.6,547.3,5,599.25
2026-01-06 23:00:00,B,23,6,0,371,10.0,392.5,6,344.83
2026-01-06 23:00:00,C,23,6,0,426,10.0,582.62,4,499.04
2026-01-06 23:00:00,D,23,6,0,481,10.0,602.61,4,464.97
2026-01-07 00:00:00,A,0,7,0,599,10.0,670.82,5,699.34
2026-01-07 00:00:00,B,0,7,0,409,10.0,408.38,6,510.44
2026-01-07 00:00:00,C,0,7,0,431,10.0,506.04,4,633.78
2026-01-07 00:00:00,D,0,7,0,450,10.0,642.55,4,526.07
2026-01-07 01:00:00,A,1,7,0,674,22.57,681.12,5,596.56
2026-01-07 01:00:00,B,1,7,0,496,10.0,488.38,6,467.32
2026-01-07 01:00:00,C,1,7,0,605,15.7,560.43,4,512.81
2026-01-07 01:00:00,D,1,7,0,495,10.0,645.74,4,486.72
2026-01-07 02:00:00,A,2,7,0,733,10.0,701.57,5,771.72
2026-01-07 02:00:00,B,2,7,0,483,10.0,580.05,6,483.55
2026-01-07 02:00:00,C,2,7,0,548,12.74,599.18,4,610.77
2026-01-07 02:00:00,D,2,7,0,577,17.86,614.08,4,705.91
2026-01-07 03:00:00,A,3,7,0,761,10.0,753.74,5,785.9
2026-01-07 03:00:00,B,3,7,0,437,18.44,634.93,6,559.09
2026-01-07 03:00:00,C,3,7,0,662,10.0,634.13,4,750.37
2026-01-07 03:00:00,D,3,7,0,623,10.92,725.19,4,660.96
2026-01-07 04:00:00,A,4,7,0,613,10.0,794.2,5,783.49
2026-01-07 04:00:00,B,4,7,0,594,10.0,612.44,6,604.64
2026-01-07 04:00:00,C,4,7,0,759,14.92,809.93,4,614.67
2026-01-07 04:00:00,D,4,7,0,605,22.05,777.61,4,742.79
2026-01-07 05:00:00,A,5,7,0,837,10.0,828.06,5,799.16
2026-01-07 05:00:00,B,5,7,0,569,10.0,693.47,6,643.23
2026-01-07 05:00:00,C,5,7,0,640,10.0,867.92,4,697.67
2026-01-07 05:00:00,D,5,7,0,772,10.55,685.95,4,747.52
2026-01-07 06:00:00,A,6,7,0,769,33.4,817.36,5,743.15
2026-01-07 06:00:00,B,6,7,0,459,10.0,567.34,6,521.38
2026-01-07 06:00:00,C,6,7,0,572,10.0,914.65,4,750.33
2026-01-07 06:00:00,D,6,7,0,613,10.0,853.25,4,806.46
2026-01-07 07:00:00,A,7,7,1,1057,10.0,1174.15,5,1213.52
2026-01-07 07:00:00,B,7,7,1,708,30.95,859.18,6,1017.0
2026-01-07 07:00:00,C,7,7,1,916,18.22,1086.68,4,1125.87
2026-01-07 07:00:00,D,7,7,1,791,10.0,1124.81,4,1217.52
2026-01-07 08:00:00,A,8,7,1,1212,21.6,1352.78,5,1228.03
2026-01-07 08:00:00,B,8,7,1,683,10.0,999.99,6,999.35
2026-01-07 08:00:00,C,8,7,1,871,10.0,1261.83,4,1135.28
2026-01-07 08:00:00,D,8,7,1,937,10.0,1046.71,4,1125.69
2026-01-07 09:00:00,A,9,7,1,1176,25.58,1066.63,5,1264.88
2026-01-07 09:00:00,B,9,7,1,729,10.14,935.39,6,921.7
2026-01-07 09:00:00,C,9,7,1,827,16.78,997.85,4,957.38
2026-01-07 09:00:00,D,9,7,1,952,10.51,1196.27,4,1092.59
2026-01-07 10:00:00,A,10,7,0,738,10.0,882.76,5,667.84
2026-01-07 10:00:00,B,10,7,0,485,11.21,532.31,6,528.6
2026-01-07 10:00:00,C,10,7,0,711,10.0,623.07,4,629.07
2026-01-07 10:00:00,D,10,7,0,570,21.55,723.58,4,661.8
2026-01-07 11:00:00,A,11,7,0,584,10.24,786.93,5,607.09
2026-01-07 11:00:00,B,11,7,0,495,10.0,498.75,6,594.85
2026-01-07 11:00:00,C,11,7,0,651,10.0,615.98,4,633.73
2026-01-07 11:00:00,D,11,7,0,525,10.0,653.83,4,581.08
2026-01-07 12:00:00,A,12,7,0,548,18.15,589.04,5,560.22
2026-01-07 12:00:00,B,12,7,0,336,10.0,518.23,6,425.39
2026-01-07 12:00:00,C,12,7,0,431,10.0,505.22,4,527.21
2026-01-07 12:00:00,D,12,7,0,491,10.0,555.63,4,528.84
2026-01-07 13:00:00,A,13,7,0,434,14.82,617.08,5,493.3
2026-01-07 13:00:00,B,13,7,0,407,10.0,450.25,6,387.46
2026-01-07 13:00:00,C,13,7,0,391,10.0,468.47,4,439.02
2026-01-07 13:00:00,D,13,7,0,411,17.31,582.75,4,524.31
2026-01-07 14:00:00,A,14,7,0,505,10.0,444.74,5,512.43
2026-01-07 14:00:00,B,14,7,0,263,10.0,407.88,6,389.22
2026-01-07 14:00:00,C,14,7,0,351,10.0,394.58,4,382.14
2026-01-07 14:00:00,D,14,7,0,447,10.0,412.74,4,503.18
2026-01-07 15:00:00,A,15,7,0,437,10.0,405.88,5,351.0
2026-01-07 15:00:00,B,15,7,0,280,12.94,305.91,6,317.8
2026-01-07 15:00:00,C,15,7,0,416,10.0,365.82,4,369.52
2026-01-07 15:00:00,D,15,7,0,362,10.0,380.29,4,413.58
2026-01-07 16:00:00,A,16,7,1,456,10.0,625.31,5,599.71
2026-01-07 16:00:00,B,16,7,1,434,10.0,381.9,6,487.99
2026-01-07 16:00:00,C,16,7,1,436,10.0,569.05,4,620.01
2026-01-07 16:00:00,D,16,7,1,379,11.31,591.05,4,573.97
2026-01-07 17:00:00,A,17,7,1,451,14.1,550.31,5,640.62
2026-01-07 17:00:00,B,17,7,1,343,10.0,449.08,6,431.59
2026-01-07 17:00:00,C,17,7,1,366,10.0,590.32,4,565.05
2026-01-07 17:00:00,D,17,7,1,424,39.4,498.7,4,611.04
2026-01-07 18:00:00,A,18,7,1,548,10.0,553.07,5,596.18
2026-01-07 18:00:00,B,18,7,1,397,25.23,443.43,6,492.94
2026-01-07 18:00:00,C,18,7,1,463,10.0,574.6,4,525.11
2026-01-07 18:00:00,D,18,7,1,467,10.0,420.59,4,556.66
2026-01-07 19:00:00,A,19,7,1,502,16.7,588.19,5,582.11
2026-01-07 19:00:00,B,19,7,1,292,13.08,465.42,6,536.14
2026-01-07 19:00:00,C,19,7,1,377,19.17,554.55,4,550.83
2026-01-07 19:00:00,D,19,7,1,466,13.8,469.54,4,556.38
2026-01-07 20:00:00,A,20,7,0,348,10.0,440.98,5,383.25
2026-01-07 20:00:00,B,20,7,0,225,10.0,264.03,6,297.03
2026-01-07 20:00:00,C,20,7,0,302,10.0,370.89,4,286.59
2026-01-07 20:00:00,D,20,7,0,368,10.0,387.32,4,380.07
2026-01-07 21:00:00,A,21,7,0,444,10.0,412.42,5,404.68
2026-01-07 21:00:00,B,21,7,0,314,10.0,385.6,6,377.23
2026-01-07 21:00:00,C,21,7,0,343,10.0,381.88,4,476.54
2026-01-07 21:00:00,D,21,7,0,297,16.41,385.92,4,357.26
2026-01-07 22:00:00,A,22,7,0,471,10.0,514.18,5,501.09
2026-01-07 22:00:00,B,22,7,0,301,10.0,330.91,6,296.22
2026-01-07 22:00:00,C,22,7,0,431,10.0,461.47,4,409.9
2026-01-07 22:00:00,D,22,7,0,455,24.12,459.9,4,463.52
2026-01-07 23:00:00,A,23,7,0,451,15.76,606.96,5,557.02
2026-01-07 23:00:00,B,23,7,0,364,10.0,402.13,6,379.85
2026-01-07 23:00:00,C,23,7,0,411,10.0,593.27,4,438.9
2026-01-07 23:00:00,D,23,7,0,375,10.0,512.25,4,509.32
2026-01-08 00:00:00,A,0,1,0,612,11.92,665.03,5,549.05
2026-01-08 00:00:00,B,0,1,0,460,10.0,524.42,6,389.02
2026-01-08 00:00:00,C,0,1,0,410,13.56,550.11,4,588.1
2026-01-08 00:00:00,D,0,1,0,515,10.0,483.52,4,534.66
2026-01-08 01:00:00,A,1,1,0,692,10.0,787.52,5,718.77
2026-01-08 01:00:00,B,1,1,0,467,10.0,547.46,6,493.53
2026-01-08 01:00:00,C,1,1,0,654,10.0,703.16,4,551.56
2026-01-08 01:00:00,D,1,1,0,576,10.0,624.21,4,530.3
2026-01-08 02:00:00,A,2,1,0,542,10.0,723.19,5,685.8
2026-01-08 02:00:00,B,2,1,0,558,10.0,514.9,6,604.46
2026-01-08 02:00:00,C,2,1,0,697,15.66,787.65,4,683.28
2026-01-08 02:00:00,D,2,1,0,674,14.12,663.31,4,653.91
2026-01-08 03:00:00,A,3,1,0,707,18.91,726.61,5,741.22
2026-01-08 03:00:00,B,3,1,0,503,10.0,562.6,6,483.03
2026-01-08 03:00:00,C,3,1,0,567,14.79,721.78,4,695.86
2026-01-08 03:00:00,D,3,1,0,578,10.0,653.81,4,629.98
2026-01-08 04:00:00,A,4,1,0,614,10.0,751.93,5,782.5
2026-01-08 04:00:00,B,4,1,0,625,10.0,705.69,6,627.87
2026-01-08 04:00:00,C,4,1,0,797,18.61,840.03,4,792.28
2026-01-08 04:00:00,D,4,1,0,601,16.87,868.31,4,734.59
2026-01-08 05:00:00,A,5,1,0,757,10.0,940.42,5,824.37
2026-01-08 05:00:00,B,5,1,0,551,22.27,663.55,6,686.05
2026-01-08 05:00:00,C,5,1,0,612,10.0,792.12,4,729.05
2026-01-08 05:00:00,D,5,1,0,784,24.21,907.64,4,781.69
2026-01-08 06:00:00,A,6,1,0,830,10.0,1032.68,5,849.46
2026-01-08 06:00:00,B,6,1,0,471,10.4,759.93,6,661.84
2026-01-08 06:00:00,C,6,1,0,592,19.27,695.2,4,741.15
2026-01-08 06:00:00,D,6,1,0,705,23.33,752.28,4,811.24
2026-01-08 07:00:00,A,7,1,1,1130,10.0,1332.69,5,1367.12
2026-01-08 07:00:00,B,7,1,1,948,10.0,976.79,6,1011.37
2026-01-08 07:00:00,C,7,1,1,1076,29.13,1139.05,4,1241.25
2026-01-08 07:00:00,D,7,1,1,894,10.0,1309.03,4,1181.3
2026-01-08 08:00:00,A,8,1,1,909,16.78,1277.46,5,1276.31
2026-01-08 08:00:00,B,8,1,1,697,10.0,1038.45,6,923.78
2026-01-08 08:00:00,C,8,1,1,1094,31.15,1304.24,4,1146.62
2026-01-08 08:00:00,D,8,1,1,894,10.0,1047.36,4,1157.28
2026-01-08 09:00:00,A,9,1,1,892,10.0,1336.09,5,1295.64
2026-01-08 09:00:00,B,9,1,1,852,10.0,770.18,6,884.07
2026-01-08 09:00:00,C,9,1,1,934,10.0,1042.32,4,1157.03
2026-01-08 09:00:00,D,9,1,1,859,13.32,1046.7,4,1094.63
2026-01-08 10:00:00,A,10,1,0,676,11.32,799.7,5,738.51
2026-01-08 10:00:00,B,10,1,0,541,11.23,554.87,6,540.88
2026-01-08 10:00:00,C,10,1,0,500,14.31,613.1,4,671.1
2026-01-08 10:00:00,D,10,1,0,578,10.0,739.64,4,601.08
2026-01-08 11:00:00,A,11,1,0,496,10.0,818.82,5,630.0
2026-01-08 11:00:00,B,11,1,0,429,10.0,593.56,6,497.08
2026-01-08 11:00:00,C,11,1,0,644,14.41,665.48,4,526.68
2026-01-08 11:00:00,D,11,1,0,631,10.0,538.0,4,520.68
2026-01-08 12:00:00,A,12,1,0,479,10.0,543.33,5,600.76
2026-01-08 12:00:00,B,12,1,0,343,10.0,506.68,6,437.46
2026-01-08 12:00:00,C,12,1,0,574,10.0,529.86,4,538.78
2026-01-08 12:00:00,D,12,1,0,503,10.0,659.28,4,521.61
2026-01-08 13:00:00,A,13,1,0,547,15.0,538.99,5,607.29
2026-01-08 13:00:00,B,13,1,0,339,10.0,402.18,6,359.58
2026-01-08 13:00:00,C,13,1,0,451,10.0,467.93,4,401.9
2026-01-08 13:00:00,D,13,1,0,421,19.86,580.06,4,461.51
2026-01-08 14:00:00,A,14,1,0,462,10.0,532.28,5,480.09
2026-01-08 14:00:00,B,14,1,0,358,10.0,317.56,6,359.6
2026-01-08 14:00:00,C,14,1,0,458,10.0,430.2,4,451.19
2026-01-08 14:00:00,D,14,1,0,396,10.0,472.98,4,326.99
2026-01-08 15:00:00,A,15,1,0,404,13.54,495.15,5,417.75
2026-01-08 15:00:00,B,15,1,0,262,10.0,322.86,6,356.7
2026-01-08 15:00:00,C,15,1,0,342,10.0,482.64,4,347.35
2026-01-08 15:00:00,D,15,1,0,393,10.0,459.98,4,346.51
2026-01-08 16:00:00,A,16,1,1,534,10.0,677.37,5,702.89
2026-01-08 16:00:00,B,16,1,1,396,20.31,508.74,6,473.01
2026-01-08 16:00:00,C,16,1,1,455,10.0,578.68,4,585.85
2026-01-08 16:00:00,D,16,1,1,431,16.97,539.52,4,620.5
2026-01-08 17:00:00,A,17,1,1,520,10.0,494.26,5,666.26
2026-01-08 17:00:00,B,17,1,1,394,14.61,399.89,6,523.26
2026-01-08 17:00:00,C,17,1,1,497,11.11,581.01,4,655.79
2026-01-08 17:00:00,D,17,1,1,402,10.0,495.68,4,536.84
2026-01-08 18:00:00,A,18,1,1,490,10.0,513.4,5,604.51
2026-01-08 18:00:00,B,18,1,1,319,20.79,376.38,6,469.59
2026-01-08 18:00:00,C,18,1,1,384,10.0,491.67,4,567.29
2026-01-08 18:00:00,D,18,1,1,451,10.0,526.37,4,536.54
2026-01-08 19:00:00,A,19,1,1,478,10.0,497.07,5,596.99
2026-01-08 19:00:00,B,19,1,1,412,19.36,420.25,6,518.85
2026-01-08 19:00:00,C,19,1,1,376,10.0,484.79,4,562.57
2026-01-08 19:00:00,D,19,1,1,353,10.0,469.14,4,558.33
2026-01-08 20:00:00,A,20,1,0,322,10.0,405.22,5,440.05
2026-01-08 20:00:00,B,20,1,0,245,10.0,278.07,6,294.47
2026-01-08 20:00:00,C,20,1,0,302,10.0,441.47,4,320.05
2026-01-08 20:00:00,D,20,1,0,301,10.0,387.99,4,352.96
2026-01-08 21:00:00,A,21,1,0,469,10.0,453.49,5,442.39
2026-01-08 21:00:00,B,21,1,0,297,10.0,296.88,6,351.5
2026-01-08 21:00:00,C,21,1,0,303,14.46,404.76,4,321.23
2026-01-08 21:00:00,D,21,1,0,350,10.0,400.72,4,392.41
2026-01-08 22:00:00,A,22,1,0,492,10.0,585.28,5,521.58
2026-01-08 22:00:00,B,22,1,0,268,10.0,328.98,6,391.95
2026-01-08 22:00:00,C,22,1,0,379,10.0,424.07,4,360.07
2026-01-08 22:00:00,D,22,1,0,433,10.0,486.14,4,422.61
2026-01-08 23:00:00,A,23,1,0,477,10.0,514.44,5,557.11
2026-01-08 23:00:00,B,23,1,0,363,14.69,463.68,6,425.36
2026-01-08 23:00:00,C,23,1,0,473,11.63,505.55,4,463.33
2026-01-08 23:00:00,D,23,1,0,450,10.0,505.32,4,541.97
2026-01-09 00:00:00,A,0,2,0,518,10.0,660.76,5,566.11
2026-01-09 00:00:00,B,0,2,0,379,10.0,523.44,6,452.44
2026-01-09 00:00:00,C,0,2,0,547,10.0,680.11,4,594.11
2026-01-09 00:00:00,D,0,2,0,471,10.0,546.09,4,551.2
2026-01-09 01:00:00,A,1,2,0,533,17.21,859.65,5,623.68
2026-01-09 01:00:00,B,1,2,0,479,10.0,555.91,6,517.58
2026-01-09 01:00:00,C,1,2,0,613,20.79,657.94,4,716.77
2026-01-09 01:00:00,D,1,2,0,490,10.0,747.26,4,585.85
2026-01-09 02:00:00,A,2,2,0,707,10.0,739.61,5,703.15
2026-01-09 02:00:00,B,2,2,0,445,21.16,503.04,6,580.04
2026-01-09 02:00:00,C,2,2,0,729,10.0,793.45,4,672.15
2026-01-09 02:00:00,D,2,2,0,637,10.0,655.46,4,612.01
2026-01-09 03:00:00,A,3,2,0,860,10.0,732.38,5,773.19
2026-01-09 03:00:00,B,3,2,0,583,13.01,577.62,6,624.72
2026-01-09 03:00:00,C,3,2,0,551,10.0,749.36,4,737.97
2026-01-09 03:00:00,D,3,2,0,650,10.0,646.24,4,702.02
2026-01-09 04:00:00,A,4,2,0,633,23.05,808.75,5,778.19
2026-01-09 04:00:00,B,4,2,0,639,20.72,558.01,6,648.69
2026-01-09 04:00:00,C,4,2,0,771,10.0,781.04,4,788.62
2026-01-09 04:00:00,D,4,2,0,675,10.0,767.25,4,717.82
2026-01-09 05:00:00,A,5,2,0,682,10.0,1046.2,5,901.24
2026-01-09 05:00:00,B,5,2,0,539,10.0,651.07,6,707.91
2026-01-09 05:00:00,C,5,2,0,809,14.97,797.79,4,793.96
2026-01-09 05:00:00,D,5,2,0,767,10.0,770.14,4,744.83
2026-01-09 06:00:00,A,6,2,0,799,10.0,918.87,5,892.16
2026-01-09 06:00:00,B,6,2,0,684,10.0,711.34,6,612.6
2026-01-09 06:00:00,C,6,2,0,775,27.99,818.26,4,837.75
2026-01-09 06:00:00,D,6,2,0,795,10.0,772.36,4,775.79
2026-01-09 07:00:00,A,7,2,1,1187,19.29,1225.7,5,1328.03
2026-01-09 07:00:00,B,7,2,1,924,10.0,953.66,6,976.19
2026-01-09 07:00:00,C,7,2,1,984,10.23,1169.54,4,1220.92
2026-01-09 07:00:00,D,7,2,1,979,10.0,1087.83,4,1227.65
2026-01-09 08:00:00,A,8,2,1,1118,10.0,1276.31,5,1255.53
2026-01-09 08:00:00,B,8,2,1,869,17.27,982.14,6,969.32
2026-01-09 08:00:00,C,8,2,1,1107,23.03,1337.42,4,1229.53
2026-01-09 08:00:00,D,8,2,1,1002,10.0,1071.79,4,1145.2
2026-01-09 09:00:00,A,9,2,1,1113,10.0,1320.02,5,1221.44
2026-01-09 09:00:00,B,9,2,1,743,10.0,886.31,6,892.26
2026-01-09 09:00:00,C,9,2,1,898,21.31,978.63,4,1092.2
2026-01-09 09:00:00,D,9,2,1,809,10.0,964.13,4,1067.71
2026-01-09 10:00:00,A,10,2,0,639,10.0,792.19,5,735.02
2026-01-09 10:00:00,B,10,2,0,555,10.0,510.84,6,594.69
2026-01-09 10:00:00,C,10,2,0,716,10.0,743.89,4,672.91
2026-01-09 10:00:00,D,10,2,0,722,10.0,640.05,4,746.21
2026-01-09 11:00:00,A,11,2,0,700,10.0,648.91,5,719.51
2026-01-09 11:00:00,B,11,2,0,386,10.0,467.41,6,489.3
2026-01-09 11:00:00,C,11,2,0,470,20.46,590.17,4,596.7
2026-01-09 11:00:00,D,11,2,0,662,11.32,634.22,4,597.95
2026-01-09 12:00:00,A,12,2,0,570,18.12,570.61,5,635.04
2026-01-09 12:00:00,B,12,2,0,429,10.0,484.41,6,399.01
2026-01-09 12:00:00,C,12,2,0,590,22.8,578.33,4,582.76
2026-01-09 12:00:00,D,12,2,0,511,10.0,523.14,4,532.1
2026-01-09 13:00:00,A,13,2,0,494,10.0,670.47,5,572.76
2026-01-09 13:00:00,B,13,2,0,447,10.0,431.07,6,431.81
2026-01-09 13:00:00,C,13,2,0,516,18.37,544.56,4,512.73
2026-01-09 13:00:00,D,13,2,0,456,10.0,455.79,4,521.19
2026-01-09 14:00:00,A,14,2,0,467,22.75,465.27,5,493.61
2026-01-09 14:00:00,B,14,2,0,277,10.0,406.8,6,353.05
2026-01-09 14:00:00,C,14,2,0,455,10.0,458.05,4,464.33
2026-01-09 14:00:00,D,14,2,0,384,10.0,468.82,4,415.18
2026-01-09 15:00:00,A,15,2,0,342,10.0,532.15,5,337.47
2026-01-09 15:00:00,B,15,2,0,249,10.0,335.35,6,310.87
2026-01-09 15:00:00,C,15,2,0,310,10.0,413.88,4,385.55
2026-01-09 15:00:00,D,15,2,0,405,11.41,470.33,4,366.33
2026-01-09 16:00:00,A,16,2,1,552,10.0,586.28,5,731.87
2026-01-09 16:00:00,B,16,2,1,425,10.0,410.51,6,569.47
2026-01-09 16:00:00,C,16,2,1,568,10.0,524.72,4,635.25
2026-01-09 16:00:00,D,16,2,1,481,10.0,476.49,4,571.53
2026-01-09 17:00:00,A,17,2,1,569,10.0,584.93,5,599.03
2026-01-09 17:00:00,B,17,2,1,405,10.0,430.39,6,517.83
2026-01-09 17:00:00,C,17,2,1,418,16.11,585.87,4,549.5
2026-01-09 17:00:00,D,17,2,1,491,10.0,433.52,4,651.96
2026-01-09 18:00:00,A,18,2,1,566,13.63,642.47,5,656.5
2026-01-09 18:00:00,B,18,2,1,312,10.0,460.14,6,510.05
2026-01-09 18:00:00,C,18,2,1,378,10.0,448.91,4,581.45
2026-01-09 18:00:00,D,18,2,1,421,10.0,502.47,4,551.63
2026-01-09 19:00:00,A,19,2,1,469,10.0,643.17,5,693.48
2026-01-09 19:00:00,B,19,2,1,343,10.0,479.67,6,591.6
2026-01-09 19:00:00,C,19,2,1,483,10.0,567.86,4,446.34
2026-01-09 19:00:00,D,19,2,1,382,10.0,477.92,4,600.97
2026-01-09 20:00:00,A,20,2,0,316,10.43,502.2,5,380.89
2026-01-09 20:00:00,B,20,2,0,317,10.0,335.88,6,290.02
2026-01-09 20:00:00,C,20,2,0,349,10.0,417.98,4,329.46
2026-01-09 20:00:00,D,20,2,0,324,10.0,370.05,4,373.16
2026-01-09 21:00:00,A,21,2,0,462,10.0,431.23,5,478.01
2026-01-09 21:00:00,B,21,2,0,310,10.0,349.4,6,294.41
2026-01-09 21:00:00,C,21,2,0,420,20.09,496.27,4,425.12
2026-01-09 21:00:00,D,21,2,0,406,10.0,463.09,4,375.44
2026-01-09 22:00:00,A,22,2,0,449,10.0,612.76,5,452.59
2026-01-09 22:00:00,B,22,2,0,336,10.0,449.93,6,369.63
2026-01-09 22:00:00,C,22,2,0,413,10.0,420.96,4,507.43
2026-01-09 22:00:00,D,22,2,0,335,10.0,447.52,4,450.38
2026-01-09 23:00:00,A,23,2,0,609,10.0,661.67,5,530.17
2026-01-09 23:00:00,B,23,2,0,397,10.0,483.27,6,351.01
2026-01-09 23:00:00,C,23,2,0,517,10.0,495.06,4,491.74
2026-01-09 23:00:00,D,23,2,0,504,10.0,535.86,4,507.2
2026-01-10 00:00:00,A,0,3,0,623,20.26,702.53,5,660.22
2026-01-10 00:00:00,B,0,3,0,407,10.0,434.48,6,488.58
2026-01-10 00:00:00,C,0,3,0,582,23.6,595.07,4,531.99
2026-01-10 00:00:00,D,0,3,0,446,10.0,582.63,4,568.8
2026-01-10 01:00:00,A,1,3,0,730,11.14,850.56,5,675.4
2026-01-10 01:00:00,B,1,3,0,470,10.0,572.48,6,492.21
2026-01-10 01:00:00,C,1,3,0,515,10.0,580.73,4,553.19
2026-01-10 01:00:00,D,1,3,0,539,20.12,662.31,4,532.5
2026-01-10 02:00:00,A,2,3,0,687,10.0,744.55,5,770.95
2026-01-10 02:00:00,B,2,3,0,584,15.71,652.09,6,441.43
2026-01-10 02:00:00,C,2,3,0,683,10.0,718.05,4,704.22
2026-01-10 02:00:00,D,2,3,0,645,10.0,667.01,4,673.96
2026-01-10 03:00:00,A,3,3,0,619,10.0,969.6,5,823.38
2026-01-10 03:00:00,B,3,3,0,511,10.0,723.67,6,668.3
2026-01-10 03:00:00,C,3,3,0,785,10.0,865.48,4,694.98
2026-01-10 03:00:00,D,3,3,0,582,10.0,821.08,4,705.88
2026-01-10 04:00:00,A,4,3,0,702,10.0,1010.96,5,895.81
2026-01-10 04:00:00,B,4,3,0,593,24.8,562.52,6,586.76
2026-01-10 04:00:00,C,4,3,0,630,10.76,731.6,4,771.25
2026-01-10 04:00:00,D,4,3,0,603,10.24,890.99,4,704.28
2026-01-10 05:00:00,A,5,3,0,937,10.0,909.75,5,867.0
2026-01-10 05:00:00,B,5,3,0,600,10.0,784.63,6,577.17
2026-01-10 05:00:00,C,5,3,0,613,10.0,880.28,4,774.5
2026-01-10 05:00:00,D,5,3,0,638,18.13,771.95,4,796.4
2026-01-10 06:00:00,A,6,3,0,878,21.79,950.1,5,871.15
2026-01-10 06:00:00,B,6,3,0,568,10.0,705.64,6,689.71
2026-01-10 06:00:00,C,6,3,0,864,10.0,948.92,4,726.14
2026-01-10 06:00:00,D,6,3,0,712,12.46,793.64,4,693.95
2026-01-10 07:00:00,A,7,3,1,1256,10.0,1246.56,5,1216.95
2026-01-10 07:00:00,B,7,3,1,930,10.0,1084.62,6,1001.17
2026-01-10 07:00:00,C,7,3,1,1157,10.0,1379.09,4,1218.92
2026-01-10 07:00:00,D,7,3,1,1142,22.32,1321.16,4,1172.15
2026-01-10 08:00:00,A,8,3,1,1005,18.09,1189.05,5,1240.27
2026-01-10 08:00:00,B,8,3,1,782,10.0,1006.75,6,941.94
2026-01-10 08:00:00,C,8,3,1,1042,10.0,1118.12,4,1215.95
2026-01-10 08:00:00,D,8,3,1,1089,10.0,1217.15,4,1094.61
2026-01-10 09:00:00,A,9,3,1,904,11.07,1346.94,5,1249.96
2026-01-10 09:00:00,B,9,3,1,858,10.0,888.57,6,993.11
2026-01-10 09:00:00,C,9,3,1,1110,10.0,1092.52,4,1164.89
2026-01-10 09:00:00,D,9,3,1,827,13.59,974.83,4,1065.27
2026-01-10 10:00:00,A,10,3,0,570,18.21,931.51,5,761.58
2026-01-10 10:00:00,B,10,3,0,551,16.43,549.3,6,613.84
2026-01-10 10:00:00,C,10,3,0,719,10.0,611.5,4,686.37
2026-01-10 10:00:00,D,10,3,0,672,10.0,602.58,4,706.47
2026-01-10 11:00:00,A,11,3,0,718,10.0,688.49,5,637.62
2026-01-10 11:00:00,B,11,3,0,447,10.0,516.88,6,499.49
2026-01-10 11:00:00,C,11,3,0,547,13.71,743.96,4,556.43
2026-01-10 11:00:00,D,11,3,0,534,10.0,719.57,4,582.37
2026-01-10 12:00:00,A,12,3,0,547,10.0,669.73,5,676.7
2026-01-10 12:00:00,B,12,3,0,472,10.0,536.14,6,475.13
2026-01-10 12:00:00,C,12,3,0,562,10.0,571.86,4,529.92
2026-01-10 12:00:00,D,12,3,0,506,10.0,576.53,4,493.82
2026-01-10 13:00:00,A,13,3,0,444,10.0,528.76,5,526.37
2026-01-10 13:00:00,B,13,3,0,374,10.0,425.13,6,437.92
2026-01-10 13:00:00,C,13,3,0,474,12.05,481.71,4,496.71
2026-01-10 13:00:00,D,13,3,0,506,10.0,592.39,4,431.85
2026-01-10 14:00:00,A,14,3,0,515,25.03,602.73,5,557.85
2026-01-10 14:00:00,B,14,3,0,347,10.0,412.17,6,349.45
2026-01-10 14:00:00,C,14,3,0,403,15.08,500.59,4,530.49
2026-01-10 14:00:00,D,14,3,0,431,10.0,449.28,4,471.55
2026-01-10 15:00:00,A,15,3,0,473,10.0,446.83,5,391.65
2026-01-10 15:00:00,B,15,3,0,288,10.0,374.31,6,350.19
2026-01-10 15:00:00,C,15,3,0,407,10.0,418.08,4,479.1
2026-01-10 15:00:00,D,15,3,0,348,10.0,360.13,4,425.49
2026-01-10 16:00:00,A,16,3,1,560,10.0,547.58,5,665.23
2026-01-10 16:00:00,B,16,3,1,424,10.0,495.75,6,483.29
2026-01-10 16:00:00,C,16,3,1,564,29.86,575.35,4,687.42
2026-01-10 16:00:00,D,16,3,1,561,10.0,499.62,4,656.87
2026-01-10 17:00:00,A,17,3,1,574,10.0,488.53,5,698.82
2026-01-10 17:00:00,B,17,3,1,398,10.0,487.84,6,577.52
2026-01-10 17:00:00,C,17,3,1,447,10.0,607.9,4,542.73
2026-01-10 17:00:00,D,17,3,1,523,10.0,552.14,4,678.77
2026-01-10 18:00:00,A,18,3,1,420,10.0,503.74,5,658.5
2026-01-10 18:00:00,B,18,3,1,363,10.0,371.39,6,593.45
2026-01-10 18:00:00,C,18,3,1,447,10.0,595.09,4,609.6
2026-01-10 18:00:00,D,18,3,1,427,10.0,510.46,4,642.27
2026-01-10 19:00:00,A,19,3,1,537,10.0,585.84,5,638.54
2026-01-10 19:00:00,B,19,3,1,320,10.0,386.43,6,528.12
2026-01-10 19:00:00,C,19,3,1,449,10.0,581.49,4,575.89
2026-01-10 19:00:00,D,19,3,1,509,10.0,539.55,4,553.47
2026-01-10 20:00:00,A,20,3,0,314,12.54,444.96,5,376.43
2026-01-10 20:00:00,B,20,3,0,314,47.6,335.12,6,304.48
2026-01-10 20:00:00,C,20,3,0,308,10.0,424.8,4,400.64
2026-01-10 20:00:00,D,20,3,0,323,31.86,356.33,4,310.53
2026-01-10 21:00:00,A,21,3,0,480,10.0,476.48,5,435.24
2026-01-10 21:00:00,B,21,3,0,277,10.0,388.21,6,280.54
2026-01-10 21:00:00,C,21,3,0,317,11.14,440.53,4,403.01
2026-01-10 21:00:00,D,21,3,0,346,10.0,458.17,4,318.57
2026-01-10 22:00:00,A,22,3,0,415,10.0,607.64,5,477.28
2026-01-10 22:00:00,B,22,3,0,376,17.68,411.73,6,340.84
2026-01-10 22:00:00,C,22,3,0,371,10.0,429.84,4,419.62
2026-01-10 22:00:00,D,22,3,0,396,10.0,524.45,4,519.2
2026-01-10 23:00:00,A,23,3,0,436,10.0,531.45,5,546.39
2026-01-10 23:00:00,B,23,3,0,409,10.37,504.85,6,433.54
2026-01-10 23:00:00,C,23,3,0,554,10.0,591.16,4,482.53
2026-01-10 23:00:00,D,23,3,0,502,10.0,554.63,4,487.15
2026-01-11 00:00:00,A,0,4,0,473,10.0,730.59,5,573.43
2026-01-11 00:00:00,B,0,4,0,461,10.0,554.83,6,452.73
2026-01-11 00:00:00,C,0,4,0,548,11.64,608.15,4,583.1
2026-01-11 00:00:00,D,0,4,0,416,11.23,631.48,4,651.48
2026-01-11 01:00:00,A,1,4,0,642,39.65,827.28,5,665.93
2026-01-11 01:00:00,B,1,4,0,547,10.0,467.85,6,509.12
2026-01-11 01:00:00,C,1,4,0,570,10.0,735.44,4,613.8
2026-01-11 01:00:00,D,1,4,0,467,10.0,751.36,4,559.33
2026-01-11 02:00:00,A,2,4,0,823,15.3,690.45,5,723.35
2026-01-11 02:00:00,B,2,4,0,487,10.0,602.02,6,599.91
2026-01-11 02:00:00,C,2,4,0,536,10.0,658.89,4,697.73
2026-01-11 02:00:00,D,2,4,0,548,10.0,674.56,4,615.97
2026-01-11 03:00:00,A,3,4,0,827,10.0,861.67,5,821.08
2026-01-11 03:00:00,B,3,4,0,638,17.52,627.33,6,571.38
2026-01-11 03:00:00,C,3,4,0,713,19.08,732.58,4,710.55
2026-01-11 03:00:00,D,3,4,0,686,10.0,724.61,4,711.84
2026-01-11 04:00:00,A,4,4,0,682,10.0,767.92,5,868.87
2026-01-11 04:00:00,B,4,4,0,489,18.92,701.78,6,568.11
2026-01-11 04:00:00,C,4,4,0,586,10.0,854.35,4,810.96
2026-01-11 04:00:00,D,4,4,0,671,10.0,741.57,4,709.21
2026-01-11 05:00:00,A,5,4,0,845,25.68,886.64,5,945.15
2026-01-11 05:00:00,B,5,4,0,495,10.0,620.31,6,636.75
2026-01-11 05:00:00,C,5,4,0,672,28.34,889.16,4,836.27
2026-01-11 05:00:00,D,5,4,0,627,28.69,800.93,4,738.82
2026-01-11 06:00:00,A,6,4,0,886,10.0,969.62,5,791.18
2026-01-11 06:00:00,B,6,4,0,578,10.0,711.85,6,567.71
2026-01-11 06:00:00,C,6,4,0,745,10.0,852.97,4,750.57
2026-01-11 06:00:00,D,6,4,0,824,10.0,729.67,4,743.54
2026-01-11 07:00:00,A,7,4,1,1314,26.98,1461.65,5,1293.2
2026-01-11 07:00:00,B,7,4,1,755,10.0,1075.65,6,944.16
2026-01-11 07:00:00,C,7,4,1,955,24.05,1100.85,4,1175.76
2026-01-11 07:00:00,D,7,4,1,1180,17.56,1164.15,4,1200.43
2026-01-11 08:00:00,A,8,4,1,1073,22.65,1388.21,5,1368.97
2026-01-11 08:00:00,B,8,4,1,741,10.0,1049.39,6,991.24
2026-01-11 08:00:00,C,8,4,1,888,10.0,1079.57,4,1188.19
2026-01-11 08:00:00,D,8,4,1,1141,10.0,1055.35,4,1079.27
2026-01-11 09:00:00,A,9,4,1,1246,16.31,1069.18,5,1357.65
2026-01-11 09:00:00,B,9,4,1,665,15.48,927.27,6,881.88
2026-01-11 09:00:00,C,9,4,1,1117,10.0,1077.61,4,1194.35
2026-01-11 09:00:00,D,9,4,1,1061,16.99,908.03,4,1129.03
2026-01-11 10:00:00,A,10,4,0,615,12.23,758.13,5,641.96
2026-01-11 10:00:00,B,10,4,0,512,10.0,544.11,6,516.4
2026-01-11 10:00:00,C,10,4,0,554,23.88,766.01,4,776.01
2026-01-11 10:00:00,D,10,4,0,675,10.0,609.02,4,738.1
2026-01-11 11:00:00,A,11,4,0,653,13.48,739.25,5,583.06
2026-01-11 11:00:00,B,11,4,0,466,20.36,482.13,6,550.25
2026-01-11 11:00:00,C,11,4,0,659,10.0,774.65,4,621.96
2026-01-11 11:00:00,D,11,4,0,546,12.83,640.38,4,643.88
2026-01-11 12:00:00,A,12,4,0,666,23.35,642.8,5,693.2
2026-01-11 12:00:00,B,12,4,0,483,10.0,504.53,6,420.87
2026-01-11 12:00:00,C,12,4,0,555,10.0,514.72,4,527.76
2026-01-11 12:00:00,D,12,4,0,447,10.0,616.42,4,536.6
2026-01-11 13:00:00,A,13,4,0,540,10.0,598.53,5,551.38
2026-01-11 13:00:00,B,13,4,0,353,19.45,462.55,6,410.96
2026-01-11 13:00:00,C,13,4,0,550,10.0,509.24,4,477.26
2026-01-11 13:00:00,D,13,4,0,448,26.1,485.47,4,552.15
2026-01-11 14:00:00,A,14,4,0,472,10.0,490.6,5,567.85
2026-01-11 14:00:00,B,14,4,0,375,12.71,412.92,6,442.03
2026-01-11 14:00:00,C,14,4,0,432,10.0,417.32,4,424.97
2026-01-11 14:00:00,D,14,4,0,396,14.22,529.41,4,462.04
2026-01-11 15:00:00,A,15,4,0,450,22.95,508.76,5,495.83
2026-01-11 15:00:00,B,15,4,0,318,10.0,319.26,6,354.55
2026-01-11 15:00:00,C,15,4,0,405,17.18,493.03,4,357.25
2026-01-11 15:00:00,D,15,4,0,376,10.0,454.65,4,354.2
2026-01-11 16:00:00,A,16,4,1,482,10.0,696.34,5,678.8
2026-01-11 16:00:00,B,16,4,1,355,10.0,474.69,6,584.05
2026-01-11 16:00:00,C,16,4,1,499,10.0,498.13,4,618.4
2026-01-11 16:00:00,D,16,4,1,449,10.0,550.2,4,634.01
2026-01-11 17:00:00,A,17,4,1,489,10.0,594.91,5,618.1
2026-01-11 17:00:00,B,17,4,1,373,14.11,455.16,6,492.32
2026-01-11 17:00:00,C,17,4,1,483,10.0,447.58,4,631.43
2026-01-11 17:00:00,D,17,4,1,518,10.0,450.71,4,531.65
2026-01-11 18:00:00,A,18,4,1,559,22.3,643.27,5,660.2
2026-01-11 18:00:00,B,18,4,1,308,10.0,358.64,6,503.02
2026-01-11 18:00:00,C,18,4,1,370,24.81,501.77,4,621.27
2026-01-11 18:00:00,D,18,4,1,380,10.0,439.78,4,579.45
2026-01-11 19:00:00,A,19,4,1,515,10.0,655.11,5,653.83
2026-01-11 19:00:00,B,19,4,1,369,10.0,398.72,6,456.79
2026-01-11 19:00:00,C,19,4,1,412,10.0,555.31,4,687.12
2026-01-11 19:00:00,D,19,4,1,428,10.0,557.96,4,599.4
2026-01-11 20:00:00,A,20,4,0,443,10.0,376.26,5,340.66
2026-01-11 20:00:00,B,20,4,0,231,10.0,356.1,6,263.62
2026-01-11 20:00:00,C,20,4,0,400,26.3,358.62,4,266.72
2026-01-11 20:00:00,D,20,4,0,330,10.0,337.59,4,335.46
2026-01-11 21:00:00,A,21,4,0,440,16.78,520.02,5,434.02
2026-01-11 21:00:00,B,21,4,0,270,10.0,321.42,6,286.35
2026-01-11 21:00:00,C,21,4,0,367,16.29,473.57,4,381.91
2026-01-11 21:00:00,D,21,4,0,423,10.0,387.63,4,389.43
2026-01-11 22:00:00,A,22,4,0,507,13.53,595.15,5,486.3
2026-01-11 22:00:00,B,22,4,0,348,10.0,409.51,6,323.11
2026-01-11 22:00:00,C,22,4,0,476,14.39,542.07,4,426.0
2026-01-11 22:00:00,D,22,4,0,343,10.0,514.81,4,498.21
2026-01-11 23:00:00,A,23,4,0,530,10.0,652.98,5,578.19
2026-01-11 23:00:00,B,23,4,0,343,10.0,497.14,6,395.72
2026-01-11 23:00:00,C,23,4,0,473,19.67,497.81,4,540.1
2026-01-11 23:00:00,D,23,4,0,418,10.0,571.34,4,496.93
2026-01-12 00:00:00,A,0,5,0,494,10.0,731.6,5,652.59
2026-01-12 00:00:00,B,0,5,0,464,10.0,515.83,6,484.51
2026-01-12 00:00:00,C,0,5,0,526,24.93,638.68,4,570.79
2026-01-12 00:00:00,D,0,5,0,519,10.0,684.98,4,547.2
2026-01-12 01:00:00,A,1,5,0,672,24.7,683.69,5,690.42
2026-01-12 01:00:00,B,1,5,0,402,10.0,596.53,6,496.39
2026-01-12 01:00:00,C,1,5,0,631,21.73,733.6,4,595.95
2026-01-12 01:00:00,D,1,5,0,556,21.89,678.04,4,598.91
2026-01-12 02:00:00,A,2,5,0,727,35.56,755.49,5,726.47
2026-01-12 02:00:00,B,2,5,0,414,10.0,659.0,6,444.0
2026-01-12 02:00:00,C,2,5,0,535,10.0,829.42,4,665.49
2026-01-12 02:00:00,D,2,5,0,562,24.36,712.57,4,703.58
2026-01-12 03:00:00,A,3,5,0,658,22.81,966.17,5,848.78
2026-01-12 03:00:00,B,3,5,0,461,10.0,726.39,6,773.32
2026-01-12 03:00:00,C,3,5,0,584,10.0,680.4,4,742.19
2026-01-12 03:00:00,D,3,5,0,551,29.21,803.78,4,750.96
2026-01-12 04:00:00,A,4,5,0,772,10.0,811.92,5,866.81
2026-01-12 04:00:00,B,4,5,0,595,10.0,722.52,6,597.9
2026-01-12 04:00:00,C,4,5,0,722,11.26,806.47,4,714.42
2026-01-12 04:00:00,D,4,5,0,647,10.0,849.27,4,663.34
2026-01-12 05:00:00,A,5,5,0,947,10.0,856.2,5,871.73
2026-01-12 05:00:00,B,5,5,0,609,18.73,741.79,6,594.64
2026-01-12 05:00:00,C,5,5,0,736,10.0,719.79,4,818.49
2026-01-12 05:00:00,D,5,5,0,707,18.5,893.15,4,808.26
2026-01-12 06:00:00,A,6,5,0,931,10.0,874.63,5,801.48
2026-01-12 06:00:00,B,6,5,0,649,10.0,785.33,6,637.11
2026-01-12 06:00:00,C,6,5,0,700,10.0,854.62,4,806.16
2026-01-12 06:00:00,D,6,5,0,674,12.91,800.34,4,797.55
2026-01-12 07:00:00,A,7,5,1,1186,10.0,1320.8,5,1327.64
2026-01-12 07:00:00,B,7,5,1,913,10.0,839.8,6,1043.67
2026-01-12 07:00:00,C,7,5,1,1150,10.0,1077.28,4,1301.05
2026-01-12 07:00:00,D,7,5,1,1113,10.0,1195.56,4,1193.51
2026-01-12 08:00:00,A,8,5,1,1167,10.0,1263.32,5,1339.97
2026-01-12 08:00:00,B,8,5,1,949,10.0,782.93,6,960.28
2026-01-12 08:00:00,C,8,5,1,1021,18.9,1342.07,4,1158.45
2026-01-12 08:00:00,D,8,5,1,852,19.67,1071.9,4,1100.49
2026-01-12 09:00:00,A,9,5,1,1160,25.72,1334.3,5,1214.86
2026-01-12 09:00:00,B,9,5,1,833,10.0,881.96,6,926.91
2026-01-12 09:00:00,C,9,5,1,864,10.0,1019.91,4,1151.95
2026-01-12 09:00:00,D,9,5,1,906,10.0,1005.38,4,1128.72
2026-01-12 10:00:00,A,10,5,0,617,10.0,683.1,5,752.54
2026-01-12 10:00:00,B,10,5,0,526,10.0,526.23,6,548.03
2026-01-12 10:00:00,C,10,5,0,726,10.0,730.84,4,608.22
2026-01-12 10:00:00,D,10,5,0,540,13.1,661.29,4,626.47
2026-01-12 11:00:00,A,11,5,0,523,10.0,667.57,5,653.26
2026-01-12 11:00:00,B,11,5,0,378,10.0,567.02,6,606.07
2026-01-12 11:00:00,C,11,5,0,496,18.19,717.22,4,699.61
2026-01-12 11:00:00,D,11,5,0,616,18.85,603.1,4,607.39
2026-01-12 12:00:00,A,12,5,0,502,15.8,663.26,5,616.46
2026-01-12 12:00:00,B,12,5,0,453,10.0,451.64,6,466.64
2026-01-12 12:00:00,C,12,5,0,498,10.0,533.93,4,554.89
2026-01-12 12:00:00,D,12,5,0,494,19.54,684.74,4,597.7
2026-01-12 13:00:00,A,13,5,0,561,10.0,666.47,5,636.36
2026-01-12 13:00:00,B,13,5,0,377,10.0,493.61,6,439.92
2026-01-12 13:00:00,C,13,5,0,542,10.0,479.09,4,642.74
2026-01-12 13:00:00,D,13,5,0,382,14.35,516.72,4,489.26
2026-01-12 14:00:00,A,14,5,0,416,10.0,616.7,5,521.62
2026-01-12 14:00:00,B,14,5,0,332,10.0,393.46,6,362.87
2026-01-12 14:00:00,C,14,5,0,356,10.83,507.27,4,386.6
2026-01-12 14:00:00,D,14,5,0,455,10.0,521.52,4,458.08
2026-01-12 15:00:00,A,15,5,0,391,10.0,454.27,5,414.72
2026-01-12 15:00:00,B,15,5,0,288,12.91,400.26,6,273.26
2026-01-12 15:00:00,C,15,5,0,403,16.33,465.7,4,432.04
2026-01-12 15:00:00,D,15,5,0,404,11.9,426.83,4,346.87
2026-01-12 16:00:00,A,16,5,1,439,18.31,686.08,5,696.93
2026-01-12 16:00:00,B,16,5,1,458,24.33,493.32,6,560.9
2026-01-12 16:00:00,C,16,5,1,531,10.0,572.06,4,570.59
2026-01-12 16:00:00,D,16,5,1,446,10.0,478.13,4,665.03
2026-01-12 17:00:00,A,17,5,1,469,14.5,523.08,5,609.46
2026-01-12 17:00:00,B,17,5,1,349,23.47,378.71,6,482.02
2026-01-12 17:00:00,C,17,5,1,494,16.81,450.68,4,563.38
2026-01-12 17:00:00,D,17,5,1,426,10.0,573.82,4,552.54
2026-01-12 18:00:00,A,18,5,1,572,10.0,615.73,5,606.25
2026-01-12 18:00:00,B,18,5,1,421,10.0,444.48,6,453.97
2026-01-12 18:00:00,C,18,5,1,446,10.0,478.31,4,511.37
2026-01-12 18:00:00,D,18,5,1,397,27.54,508.31,4,593.78
2026-01-12 19:00:00,A,19,5,1,447,10.0,542.73,5,666.34
2026-01-12 19:00:00,B,19,5,1,409,10.0,400.35,6,503.01
2026-01-12 19:00:00,C,19,5,1,451,10.0,554.8,4,623.3
2026-01-12 19:00:00,D,19,5,1,511,15.07,586.98,4,491.25
2026-01-12 20:00:00,A,20,5,0,422,10.0,427.15,5,363.02
2026-01-12 20:00:00,B,20,5,0,301,10.0,298.01,6,267.76
2026-01-12 20:00:00,C,20,5,0,391,10.0,364.1,4,368.83
2026-01-12 20:00:00,D,20,5,0,389,10.0,429.82,4,452.24
2026-01-12 21:00:00,A,21,5,0,361,10.0,506.09,5,479.37
2026-01-12 21:00:00,B,21,5,0,288,10.0,343.61,6,310.72
2026-01-12 21:00:00,C,21,5,0,405,10.0,477.25,4,296.88
2026-01-12 21:00:00,D,21,5,0,333,10.0,369.93,4,434.93
2026-01-12 22:00:00,A,22,5,0,437,18.07,572.12,5,464.31
2026-01-12 22:00:00,B,22,5,0,304,11.57,341.99,6,409.68
2026-01-12 22:00:00,C,22,5,0,455,15.19,457.53,4,459.18
2026-01-12 22:00:00,D,22,5,0,395,18.19,523.81,4,542.0
2026-01-12 23:00:00,A,23,5,0,583,10.0,564.13,5,527.14
2026-01-12 23:00:00,B,23,5,0,416,10.0,421.7,6,389.58
2026-01-12 23:00:00,C,23,5,0,390,10.0,565.76,4,585.07
2026-01-12 23:00:00,D,23,5,0,406,10.0,615.02,4,479.63
2026-01-13 00:00:00,A,0,6,0,484,10.0,631.27,5,640.27
2026-01-13 00:00:00,B,0,6,0,456,11.17,497.65,6,517.67
2026-01-13 00:00:00,C,0,6,0,430,10.0,694.32,4,624.09
2026-01-13 00:00:00,D,0,6,0,606,10.0,655.16,4,492.04
2026-01-13 01:00:00,A,1,6,0,650,10.0,811.46,5,681.37
2026-01-13 01:00:00,B,1,6,0,416,10.0,559.75,6,519.74
2026-01-13 01:00:00,C,1,6,0,486,10.0,606.81,4,662.04
2026-01-13 01:00:00,D,1,6,0,615,11.4,608.75,4,637.35
2026-01-13 02:00:00,A,2,6,0,792,10.0,725.4,5,759.19
2026-01-13 02:00:00,B,2,6,0,439,10.0,617.01,6,523.65
2026-01-13 02:00:00,C,2,6,0,727,10.0,719.29,4,712.7
2026-01-13 02:00:00,D,2,6,0,662,10.0,669.66,4,640.25
2026-01-13 03:00:00,A,3,6,0,736,10.0,958.56,5,858.98
2026-01-13 03:00:00,B,3,6,0,466,10.0,536.86,6,580.6
2026-01-13 03:00:00,C,3,6,0,754,10.0,755.04,4,698.46
2026-01-13 03:00:00,D,3,6,0,745,10.0,792.54,4,679.97
2026-01-13 04:00:00,A,4,6,0,784,10.0,795.25,5,843.99
2026-01-13 04:00:00,B,4,6,0,626,10.0,754.61,6,615.25
2026-01-13 04:00:00,C,4,6,0,636,25.22,756.48,4,714.6
2026-01-13 04:00:00,D,4,6,0,574,17.94,875.76,4,735.0
2026-01-13 05:00:00,A,5,6,0,918,10.0,954.09,5,905.43
2026-01-13 05:00:00,B,5,6,0,532,15.72,723.79,6,586.76
2026-01-13 05:00:00,C,5,6,0,678,11.02,773.85,4,772.05
2026-01-13 05:00:00,D,5,6,0,665,10.0,755.41,4,735.88
2026-01-13 06:00:00,A,6,6,0,738,10.0,958.05,5,823.45
2026-01-13 06:00:00,B,6,6,0,693,19.49,659.71,6,593.82
2026-01-13 06:00:00,C,6,6,0,860,10.9,953.94,4,746.05
2026-01-13 06:00:00,D,6,6,0,628,33.46,914.57,4,728.12
2026-01-13 07:00:00,A,7,6,1,970,10.0,1332.7,5,1396.35
2026-01-13 07:00:00,B,7,6,1,781,10.0,1016.75,6,950.78
2026-01-13 07:00:00,C,7,6,1,887,10.0,1329.53,4,1179.33
2026-01-13 07:00:00,D,7,6,1,966,38.79,1147.02,4,1117.9
2026-01-13 08:00:00,A,8,6,1,1031,16.94,1265.98,5,1362.91
2026-01-13 08:00:00,B,8,6,1,860,15.85,891.98,6,948.62
2026-01-13 08:00:00,C,8,6,1,837,21.33,1130.9,4,1190.57
2026-01-13 08:00:00,D,8,6,1,1040,15.23,1204.88,4,1196.93
2026-01-13 09:00:00,A,9,6,1,1023,10.0,1189.26,5,1265.32
2026-01-13 09:00:00,B,9,6,1,683,15.12,910.08,6,934.3
2026-01-13 09:00:00,C,9,6,1,875,10.0,1006.86,4,1127.4
2026-01-13 09:00:00,D,9,6,1,972,29.16,1233.02,4,1129.35
2026-01-13 10:00:00,A,10,6,0,721,10.0,825.06,5,703.31
2026-01-13 10:00:00,B,10,6,0,517,16.67,497.36,6,567.98
2026-01-13 10:00:00,C,10,6,0,661,10.0,659.35,4,649.09
2026-01-13 10:00:00,D,10,6,0,529,10.0,638.25,4,685.17
2026-01-13 11:00:00,A,11,6,0,609,10.0,624.54,5,713.15
2026-01-13 11:00:00,B,11,6,0,468,10.0,572.69,6,492.12
2026-01-13 11:00:00,C,11,6,0,510,17.72,697.81,4,536.48
2026-01-13 11:00:00,D,11,6,0,582,10.0,740.12,4,667.45
2026-01-13 12:00:00,A,12,6,0,594,10.0,727.77,5,615.87
2026-01-13 12:00:00,B,12,6,0,387,10.0,497.61,6,432.1
2026-01-13 12:00:00,C,12,6,0,548,10.0,594.82,4,606.19
2026-01-13 12:00:00,D,12,6,0,433,12.3,582.27,4,506.92
2026-01-13 13:00:00,A,13,6,0,609,10.0,519.29,5,489.55
2026-01-13 13:00:00,B,13,6,0,395,10.0,378.88,6,390.64
2026-01-13 13:00:00,C,13,6,0,531,10.0,621.5,4,496.05
2026-01-13 13:00:00,D,13,6,0,541,13.67,607.88,4,455.37
2026-01-13 14:00:00,A,14,6,0,412,12.38,585.29,5,420.02
2026-01-13 14:00:00,B,14,6,0,363,10.0,408.84,6,237.04
2026-01-13 14:00:00,C,14,6,0,340,10.0,470.37,4,413.56
2026-01-13 14:00:00,D,14,6,0,480,10.0,481.04,4,466.77
2026-01-13 15:00:00,A,15,6,0,405,10.0,487.14,5,429.31
2026-01-13 15:00:00,B,15,6,0,296,10.0,332.59,6,256.42
2026-01-13 15:00:00,C,15,6,0,360,10.0,479.3,4,380.16
2026-01-13 15:00:00,D,15,6,0,384,10.0,430.86,4,428.69
2026-01-13 16:00:00,A,16,6,1,548,12.75,671.6,5,646.7
2026-01-13 16:00:00,B,16,6,1,441,10.0,476.08,6,424.62
2026-01-13 16:00:00,C,16,6,1,461,10.0,543.6,4,650.64
2026-01-13 16:00:00,D,16,6,1,519,10.0,565.32,4,526.2
2026-01-13 17:00:00,A,17,6,1,526,27.39,658.17,5,618.24
2026-01-13 17:00:00,B,17,6,1,333,10.0,372.52,6,517.84
2026-01-13 17:00:00,C,17,6,1,389,10.0,565.85,4,595.73
2026-01-13 17:00:00,D,17,6,1,401,10.0,554.5,4,552.64
2026-01-13 18:00:00,A,18,6,1,579,10.0,499.71,5,606.26
2026-01-13 18:00:00,B,18,6,1,300,10.0,373.59,6,523.45
2026-01-13 18:00:00,C,18,6,1,451,10.0,445.01,4,551.93
2026-01-13 18:00:00,D,18,6,1,409,10.0,482.54,4,612.18
2026-01-13 19:00:00,A,19,6,1,574,14.9,523.96,5,619.9
2026-01-13 19:00:00,B,19,6,1,372,10.0,454.46,6,577.01
2026-01-13 19:00:00,C,19,6,1,408,10.0,584.48,4,629.29
2026-01-13 19:00:00,D,19,6,1,421,10.0,578.84,4,684.95
2026-01-13 20:00:00,A,20,6,0,363,10.0,474.43,5,416.91
2026-01-13 20:00:00,B,20,6,0,256,17.62,272.63,6,253.73
2026-01-13 20:00:00,C,20,6,0,316,11.17,346.72,4,346.44
2026-01-13 20:00:00,D,20,6,0,364,10.0,450.66,4,284.5
2026-01-13 21:00:00,A,21,6,0,362,10.0,525.33,5,406.25
2026-01-13 21:00:00,B,21,6,0,330,14.48,354.07,6,423.07
2026-01-13 21:00:00,C,21,6,0,428,10.0,418.72,4,381.33
2026-01-13 21:00:00,D,21,6,0,416,10.0,360.64,4,435.37
2026-01-13 22:00:00,A,22,6,0,382,21.55,494.18,5,520.85
2026-01-13 22:00:00,B,22,6,0,307,10.0,430.35,6,375.97
2026-01-13 22:00:00,C,22,6,0,432,13.83,462.01,4,443.39
2026-01-13 22:00:00,D,22,6,0,349,10.6,551.4,4,423.53
2026-01-13 23:00:00,A,23,6,0,478,10.0,577.88,5,594.73
2026-01-13 23:00:00,B,23,6,0,313,10.0,451.28,6,420.38
2026-01-13 23:00:00,C,23,6,0,456,15.46,505.56,4,465.75
2026-01-13 23:00:00,D,23,6,0,451,10.0,551.9,4,559.09
2026-01-14 00:00:00,A,0,7,0,595,10.0,546.73,5,635.67
2026-01-14 00:00:00,B,0,7,0,340,10.0,418.35,6,461.8
2026-01-14 00:00:00,C,0,7,0,517,11.63,641.55,4,511.18
2026-01-14 00:00:00,D,0,7,0,463,31.2,641.5,4,540.05
2026-01-14 01:00:00,A,1,7,0,667,10.0,715.42,5,599.16
2026-01-14 01:00:00,B,1,7,0,441,25.63,600.05,6,461.49
2026-01-14 01:00:00,C,1,7,0,535,10.0,714.75,4,652.91
2026-01-14 01:00:00,D,1,7,0,557,10.0,668.56,4,532.91
2026-01-14 02:00:00,A,2,7,0,660,10.0,671.05,5,743.09
2026-01-14 02:00:00,B,2,7,0,567,10.0,639.86,6,550.57
2026-01-14 02:00:00,C,2,7,0,561,15.26,646.95,4,629.68
2026-01-14 02:00:00,D,2,7,0,535,10.0,773.12,4,610.74
2026-01-14 03:00:00,A,3,7,0,821,10.0,858.96,5,768.01
2026-01-14 03:00:00,B,3,7,0,544,14.86,627.8,6,551.41
2026-01-14 03:00:00,C,3,7,0,614,10.0,805.58,4,668.08
2026-01-14 03:00:00,D,3,7,0,542,10.0,831.97,4,690.72
2026-01-14 04:00:00,A,4,7,0,844,26.45,973.15,5,793.85
2026-01-14 04:00:00,B,4,7,0,513,10.0,733.28,6,498.59
2026-01-14 04:00:00,C,4,7,0,618,10.0,873.39,4,748.11
2026-01-14 04:00:00,D,4,7,0,536,10.0,702.09,4,763.3
2026-01-14 05:00:00,A,5,7,0,890,10.0,903.69,5,807.33
2026-01-14 05:00:00,B,5,7,0,542,14.62,656.48,6,663.39
2026-01-14 05:00:00,C,5,7,0,626,12.71,819.77,4,790.39
2026-01-14 05:00:00,D,5,7,0,801,10.0,737.78,4,718.93
2026-01-14 06:00:00,A,6,7,0,781,23.18,972.13,5,796.8
2026-01-14 06:00:00,B,6,7,0,656,10.0,692.05,6,640.65
2026-01-14 06:00:00,C,6,7,0,776,20.67,902.87,4,750.69
2026-01-14 06:00:00,D,6,7,0,730,10.0,867.44,4,757.2
2026-01-14 07:00:00,A,7,7,1,1196,30.63,1190.88,5,1315.64
2026-01-14 07:00:00,B,7,7,1,878,12.1,886.2,6,973.1
2026-01-14 07:00:00,C,7,7,1,1143,10.0,1076.93,4,1169.71
2026-01-14 07:00:00,D,7,7,1,1084,10.0,1100.0,4,1038.61
2026-01-14 08:00:00,A,8,7,1,1136,32.36,1433.53,5,1249.17
2026-01-14 08:00:00,B,8,7,1,756,10.0,890.41,6,974.23
2026-01-14 08:00:00,C,8,7,1,1143,10.0,1137.73,4,1192.88
2026-01-14 08:00:00,D,8,7,1,1123,12.96,1092.28,4,1134.05
2026-01-14 09:00:00,A,9,7,1,1194,10.0,1269.4,5,1170.47
2026-01-14 09:00:00,B,9,7,1,785,12.22,949.4,6,1015.51
2026-01-14 09:00:00,C,9,7,1,854,23.14,1040.02,4,1131.57
2026-01-14 09:00:00,D,9,7,1,767,24.67,1181.04,4,1060.11
2026-01-14 10:00:00,A,10,7,0,705,10.0,735.54,5,715.62
2026-01-14 10:00:00,B,10,7,0,542,10.0,570.21,6,574.8
2026-01-14 10:00:00,C,10,7,0,545,15.37,661.71,4,565.44
2026-01-14 10:00:00,D,10,7,0,501,15.58,617.81,4,625.62
2026-01-14 11:00:00,A,11,7,0,685,10.0,706.95,5,655.44
2026-01-14 11:00:00,B,11,7,0,457,10.0,443.89,6,495.63
2026-01-14 11:00:00,C,11,7,0,548,10.0,680.82,4,588.16
2026-01-14 11:00:00,D,11,7,0,628,10.0,713.1,4,533.39
2026-01-14 12:00:00,A,12,7,0,461,31.12,706.25,5,576.7
2026-01-14 12:00:00,B,12,7,0,427,10.0,489.25,6,491.82
2026-01-14 12:00:00,C,12,7,0,537,10.0,673.96,4,501.59
2026-01-14 12:00:00,D,12,7,0,518,10.0,541.91,4,487.35
2026-01-14 13:00:00,A,13,7,0,424,25.05,660.1,5,448.24
2026-01-14 13:00:00,B,13,7,0,307,10.0,380.77,6,371.68
2026-01-14 13:00:00,C,13,7,0,365,10.0,598.51,4,459.88
2026-01-14 13:00:00,D,13,7,0,440,10.0,544.63,4,483.88
2026-01-14 14:00:00,A,14,7,0,460,10.0,580.98,5,455.71
2026-01-14 14:00:00,B,14,7,0,377,33.52,362.81,6,361.08
2026-01-14 14:00:00,C,14,7,0,471,10.0,405.51,4,393.75
2026-01-14 14:00:00,D,14,7,0,334,10.0,482.66,4,519.7
2026-01-14 15:00:00,A,15,7,0,349,10.0,460.78,5,410.21
2026-01-14 15:00:00,B,15,7,0,301,10.0,343.05,6,313.6
2026-01-14 15:00:00,C,15,7,0,391,12.01,454.94,4,384.73
2026-01-14 15:00:00,D,15,7,0,307,10.0,447.6,4,368.95
2026-01-14 16:00:00,A,16,7,1,566,12.86,657.78,5,656.4
2026-01-14 16:00:00,B,16,7,1,328,10.0,511.77,6,506.27
2026-01-14 16:00:00,C,16,7,1,517,10.0,505.25,4,587.39
2026-01-14 16:00:00,D,16,7,1,419,10.0,484.78,4,533.86
2026-01-14 17:00:00,A,17,7,1,557,10.0,611.49,5,605.85
2026-01-14 17:00:00,B,17,7,1,344,13.52,428.86,6,481.2
2026-01-14 17:00:00,C,17,7,1,507,12.67,457.41,4,609.22
2026-01-14 17:00:00,D,17,7,1,481,10.0,419.9,4,522.45
2026-01-14 18:00:00,A,18,7,1,522,26.11,476.16,5,595.97
2026-01-14 18:00:00,B,18,7,1,367,10.0,436.53,6,477.72
2026-01-14 18:00:00,C,18,7,1,472,10.0,426.75,4,536.58
2026-01-14 18:00:00,D,18,7,1,449,10.0,474.34,4,594.11
2026-01-14 19:00:00,A,19,7,1,576,10.0,624.28,5,706.57
2026-01-14 19:00:00,B,19,7,1,305,10.0,405.96,6,435.56
2026-01-14 19:00:00,C,19,7,1,523,10.0,479.26,4,587.07
2026-01-14 19:00:00,D,19,7,1,353,10.0,563.89,4,555.55
2026-01-14 20:00:00,A,20,7,0,319,10.0,420.52,5,324.44
2026-01-14 20:00:00,B,20,7,0,226,10.0,328.41,6,324.32
2026-01-14 20:00:00,C,20,7,0,311,25.28,358.7,4,346.68
2026-01-14 20:00:00,D,20,7,0,264,10.0,325.11,4,386.01
2026-01-14 21:00:00,A,21,7,0,370,10.0,509.59,5,442.62
2026-01-14 21:00:00,B,21,7,0,246,19.88,337.66,6,324.99
2026-01-14 21:00:00,C,21,7,0,353,10.0,466.52,4,451.39
2026-01-14 21:00:00,D,21,7,0,287,10.0,369.72,4,323.94
2026-01-14 22:00:00,A,22,7,0,376,10.0,559.4,5,568.9
2026-01-14 22:00:00,B,22,7,0,312,14.65,351.21,6,321.78
2026-01-14 22:00:00,C,22,7,0,357,17.04,447.23,4,417.91
2026-01-14 22:00:00,D,22,7,0,346,10.0,396.73,4,463.0
2026-01-14 23:00:00,A,23,7,0,564,10.0,606.23,5,499.36
2026-01-14 23:00:00,B,23,7,0,334,10.0,408.37,6,401.11
2026-01-14 23:00:00,C,23,7,0,493,12.56,542.76,4,438.83
2026-01-14 23:00:00,D,23,7,0,408,10.0,445.55,4,379.52
2026-01-15 00:00:00,A,0,1,0,555,10.0,598.78,5,563.22
2026-01-15 00:00:00,B,0,1,0,395,12.15,530.88,6,456.55
2026-01-15 00:00:00,C,0,1,0,435,10.0,507.46,4,462.0
2026-01-15 00:00:00,D,0,1,0,493,10.0,550.2,4,656.91
2026-01-15 01:00:00,A,1,1,0,624,10.0,599.76,5,606.35
2026-01-15 01:00:00,B,1,1,0,425,10.0,451.87,6,410.22
2026-01-15 01:00:00,C,1,1,0,510,10.0,681.91,4,624.48
2026-01-15 01:00:00,D,1,1,0,614,20.83,611.73,4,566.1
2026-01-15 02:00:00,A,2,1,0,724,10.0,722.9,5,578.56
2026-01-15 02:00:00,B,2,1,0,456,12.66,636.83,6,530.89
2026-01-15 02:00:00,C,2,1,0,574,10.0,734.39,4,648.35
2026-01-15 02:00:00,D,2,1,0,595,10.0,683.04,4,630.4
2026-01-15 03:00:00,A,3,1,0,603,10.0,740.93,5,775.3
2026-01-15 03:00:00,B,3,1,0,589,10.0,610.08,6,518.94
2026-01-15 03:00:00,C,3,1,0,687,27.24,697.55,4,686.86
2026-01-15 03:00:00,D,3,1,0,732,10.0,731.95,4,665.03
2026-01-15 04:00:00,A,4,1,0,698,10.0,878.18,5,768.11
2026-01-15 04:00:00,B,4,1,0,489,10.0,601.76,6,591.81
2026-01-15 04:00:00,C,4,1,0,564,10.0,860.12,4,672.41
2026-01-15 04:00:00,D,4,1,0,700,10.0,717.7,4,727.08
2026-01-15 05:00:00,A,5,1,0,697,10.0,878.07,5,813.76
2026-01-15 05:00:00,B,5,1,0,602,26.32,671.47,6,630.48
2026-01-15 05:00:00,C,5,1,0,696,12.86,850.92,4,774.85
2026-01-15 05:00:00,D,5,1,0,755,19.01,683.38,4,629.91
2026-01-15 06:00:00,A,6,1,0,757,10.0,761.05,5,761.95
2026-01-15 06:00:00,B,6,1,0,538,10.0,699.94,6,585.35
2026-01-15 06:00:00,C,6,1,0,669,10.0,941.57,4,785.19
2026-01-15 06:00:00,D,6,1,0,740,10.0,912.71,4,823.12
2026-01-15 07:00:00,A,7,1,1,1240,10.0,1374.0,5,1352.78
2026-01-15 07:00:00,B,7,1,1,938,10.0,980.15,6,1005.74
2026-01-15 07:00:00,C,7,1,1,900,15.29,1343.36,4,1170.14
2026-01-15 07:00:00,D,7,1,1,1146,17.2,990.83,4,1123.15
2026-01-15 08:00:00,A,8,1,1,926,10.0,1411.5,5,1292.74
2026-01-15 08:00:00,B,8,1,1,693,10.0,922.14,6,1029.91
2026-01-15 08:00:00,C,8,1,1,909,16.02,1251.58,4,1165.94
2026-01-15 08:00:00,D,8,1,1,1003,10.0,1182.65,4,1077.41
2026-01-15 09:00:00,A,9,1,1,857,20.81,1012.52,5,1253.74
2026-01-15 09:00:00,B,9,1,1,867,10.0,914.34,6,853.77
2026-01-15 09:00:00,C,9,1,1,1032,10.0,936.62,4,1102.16
2026-01-15 09:00:00,D,9,1,1,748,17.47,1081.94,4,1068.51
2026-01-15 10:00:00,A,10,1,0,644,24.29,864.61,5,736.64
2026-01-15 10:00:00,B,10,1,0,554,25.02,603.47,6,462.12
2026-01-15 10:00:00,C,10,1,0,647,10.0,604.31,4,712.45
2026-01-15 10:00:00,D,10,1,0,634,10.0,671.86,4,674.21
2026-01-15 11:00:00,A,11,1,0,721,10.0,680.14,5,730.14
2026-01-15 11:00:00,B,11,1,0,407,10.0,541.35,6,422.42
2026-01-15 11:00:00,C,11,1,0,633,10.0,710.23,4,628.76
2026-01-15 11:00:00,D,11,1,0,580,10.0,668.07,4,577.7
2026-01-15 12:00:00,A,12,1,0,493,27.99,741.79,5,558.85
2026-01-15 12:00:00,B,12,1,0,381,10.0,539.72,6,498.58
2026-01-15 12:00:00,C,12,1,0,460,10.0,617.95,4,702.01
2026-01-15 12:00:00,D,12,1,0,500,10.0,483.89,4,486.72
2026-01-15 13:00:00,A,13,1,0,546,10.0,618.16,5,549.98
2026-01-15 13:00:00,B,13,1,0,359,10.0,421.65,6,339.01
2026-01-15 13:00:00,C,13,1,0,409,17.75,497.09,4,506.0
2026-01-15 13:00:00,D,13,1,0,365,16.95,499.43,4,530.76
2026-01-15 14:00:00,A,14,1,0,521,10.0,503.99,5,598.78
2026-01-15 14:00:00,B,14,1,0,382,17.85,429.28,6,378.2
2026-01-15 14:00:00,C,14,1,0,377,10.0,466.18,4,418.98
2026-01-15 14:00:00,D,14,1,0,318,17.64,517.85,4,484.1
2026-01-15 15:00:00,A,15,1,0,343,10.0,390.86,5,449.55
2026-01-15 15:00:00,B,15,1,0,267,28.44,302.62,6,198.35
2026-01-15 15:00:00,C,15,1,0,394,21.06,428.35,4,387.83
2026-01-15 15:00:00,D,15,1,0,295,22.27,435.84,4,338.73
2026-01-15 16:00:00,A,16,1,1,423,10.0,538.47,5,685.28
2026-01-15 16:00:00,B,16,1,1,382,10.14,477.82,6,508.59
2026-01-15 16:00:00,C,16,1,1,392,10.0,595.82,4,641.95
2026-01-15 16:00:00,D,16,1,1,504,12.4,536.94,4,601.43
2026-01-15 17:00:00,A,17,1,1,504,10.43,605.92,5,717.65
2026-01-15 17:00:00,B,17,1,1,387,10.0,406.96,6,403.76
2026-01-15 17:00:00,C,17,1,1,371,10.0,594.78,4,531.34
2026-01-15 17:00:00,D,17,1,1,408,10.0,567.13,4,618.82
2026-01-15 18:00:00,A,18,1,1,453,10.0,610.87,5,661.79
2026-01-15 18:00:00,B,18,1,1,289,13.4,417.24,6,543.24
2026-01-15 18:00:00,C,18,1,1,386,27.88,463.64,4,647.27
2026-01-15 18:00:00,D,18,1,1,342,10.0,440.55,4,539.55
2026-01-15 19:00:00,A,19,1,1,551,10.0,636.52,5,665.6
2026-01-15 19:00:00,B,19,1,1,341,10.0,405.17,6,458.73
2026-01-15 19:00:00,C,19,1,1,514,10.0,541.35,4,566.72
2026-01-15 19:00:00,D,19,1,1,415,13.68,531.52,4,503.82
2026-01-15 20:00:00,A,20,1,0,378,10.0,445.71,5,279.64
2026-01-15 20:00:00,B,20,1,0,222,11.98,287.91,6,337.64
2026-01-15 20:00:00,C,20,1,0,287,10.0,396.77,4,382.5
2026-01-15 20:00:00,D,20,1,0,326,10.0,334.89,4,366.95
2026-01-15 21:00:00,A,21,1,0,438,10.0,442.91,5,448.22
2026-01-15 21:00:00,B,21,1,0,286,10.0,311.7,6,343.09
2026-01-15 21:00:00,C,21,1,0,311,10.0,363.44,4,453.02
2026-01-15 21:00:00,D,21,1,0,411,10.0,406.65,4,336.03
2026-01-15 22:00:00,A,22,1,0,470,10.0,537.55,5,439.7
2026-01-15 22:00:00,B,22,1,0,378,10.0,390.59,6,411.08
2026-01-15 22:00:00,C,22,1,0,396,10.0,495.81,4,449.88
2026-01-15 22:00:00,D,22,1,0,411,10.0,441.09,4,451.47
2026-01-15 23:00:00,A,23,1,0,404,10.0,512.29,5,552.9
2026-01-15 23:00:00,B,23,1,0,427,21.96,445.18,6,396.01
2026-01-15 23:00:00,C,23,1,0,463,10.0,526.43,4,492.37
2026-01-15 23:00:00,D,23,1,0,499,10.0,583.16,4,511.29
2026-01-16 00:00:00,A,0,2,0,540,10.0,732.51,5,691.64
2026-01-16 00:00:00,B,0,2,0,416,14.3,543.35,6,460.72
2026-01-16 00:00:00,C,0,2,0,609,10.0,548.57,4,515.89
2026-01-16 00:00:00,D,0,2,0,539,10.0,583.04,4,481.27
2026-01-16 01:00:00,A,1,2,0,638,10.0,711.12,5,609.06
2026-01-16 01:00:00,B,1,2,0,513,10.0,628.06,6,451.43
2026-01-16 01:00:00,C,1,2,0,467,10.07,560.88,4,624.41
2026-01-16 01:00:00,D,1,2,0,560,10.0,630.83,4,546.08
2026-01-16 02:00:00,A,2,2,0,656,10.0,770.42,5,743.33
2026-01-16 02:00:00,B,2,2,0,429,27.72,570.13,6,528.58
2026-01-16 02:00:00,C,2,2,0,602,14.59,824.92,4,644.33
2026-01-16 02:00:00,D,2,2,0,711,10.0,621.92,4,684.97
2026-01-16 03:00:00,A,3,2,0,780,10.0,929.35,5,797.35
2026-01-16 03:00:00,B,3,2,0,532,10.0,564.7,6,554.53
2026-01-16 03:00:00,C,3,2,0,574,10.0,745.38,4,673.98
2026-01-16 03:00:00,D,3,2,0,625,10.0,742.03,4,632.82
2026-01-16 04:00:00,A,4,2,0,887,10.0,958.5,5,962.86
2026-01-16 04:00:00,B,4,2,0,567,10.0,556.46,6,594.27
2026-01-16 04:00:00,C,4,2,0,762,12.46,769.42,4,711.5
2026-01-16 04:00:00,D,4,2,0,683,24.81,763.79,4,694.12
2026-01-16 05:00:00,A,5,2,0,940,17.99,924.44,5,970.07
2026-01-16 05:00:00,B,5,2,0,539,21.56,596.83,6,545.34
2026-01-16 05:00:00,C,5,2,0,706,10.0,917.52,4,720.4
2026-01-16 05:00:00,D,5,2,0,759,12.08,743.99,4,735.57
2026-01-16 06:00:00,A,6,2,0,659,10.0,918.28,5,862.92
2026-01-16 06:00:00,B,6,2,0,537,10.0,769.87,6,691.94
2026-01-16 06:00:00,C,6,2,0,664,20.91,812.05,4,753.0
2026-01-16 06:00:00,D,6,2,0,660,10.0,897.13,4,787.41
2026-01-16 07:00:00,A,7,2,1,1223,10.0,1458.87,5,1393.27
2026-01-16 07:00:00,B,7,2,1,842,23.32,852.73,6,1023.15
2026-01-16 07:00:00,C,7,2,1,1217,10.36,1187.13,4,1273.89
2026-01-16 07:00:00,D,7,2,1,1107,11.37,1256.38,4,1197.37
2026-01-16 08:00:00,A,8,2,1,913,11.99,1366.83,5,1275.84
2026-01-16 08:00:00,B,8,2,1,699,10.0,856.53,6,959.05
2026-01-16 08:00:00,C,8,2,1,959,31.12,1091.64,4,1084.33
2026-01-16 08:00:00,D,8,2,1,1156,10.0,1305.38,4,1141.46
2026-01-16 09:00:00,A,9,2,1,1088,13.35,1169.75,5,1212.17
2026-01-16 09:00:00,B,9,2,1,843,23.64,807.41,6,988.11
2026-01-16 09:00:00,C,9,2,1,895,26.05,1077.72,4,1140.01
2026-01-16 09:00:00,D,9,2,1,1025,23.95,1004.91,4,1076.51
2026-01-16 10:00:00,A,10,2,0,721,10.0,785.62,5,664.11
2026-01-16 10:00:00,B,10,2,0,427,10.12,564.53,6,567.18
2026-01-16 10:00:00,C,10,2,0,551,10.0,617.55,4,663.54
2026-01-16 10:00:00,D,10,2,0,527,15.04,608.4,4,718.59
2026-01-16 11:00:00,A,11,2,0,739,28.62,733.09,5,706.89
2026-01-16 11:00:00,B,11,2,0,450,10.0,613.43,6,478.03
2026-01-16 11:00:00,C,11,2,0,569,11.74,565.55,4,585.41
2026-01-16 11:00:00,D,11,2,0,627,10.78,587.92,4,573.59
2026-01-16 12:00:00,A,12,2,0,527,10.0,631.22,5,582.5
2026-01-16 12:00:00,B,12,2,0,431,10.0,429.96,6,472.57
2026-01-16 12:00:00,C,12,2,0,509,15.92,691.12,4,548.83
2026-01-16 12:00:00,D,12,2,0,561,10.0,639.01,4,473.11
2026-01-16 13:00:00,A,13,2,0,490,10.0,623.91,5,619.45
2026-01-16 13:00:00,B,13,2,0,330,34.46,377.12,6,402.84
2026-01-16 13:00:00,C,13,2,0,532,10.0,601.68,4,460.19
2026-01-16 13:00:00,D,13,2,0,456,10.0,543.08,4,552.27
2026-01-16 14:00:00,A,14,2,0,422,10.0,543.06,5,655.92
2026-01-16 14:00:00,B,14,2,0,354,10.0,402.19,6,317.66
2026-01-16 14:00:00,C,14,2,0,404,10.0,512.08,4,425.95
2026-01-16 14:00:00,D,14,2,0,403,16.63,518.49,4,442.87
2026-01-16 15:00:00,A,15,2,0,445,11.19,525.3,5,460.03
2026-01-16 15:00:00,B,15,2,0,279,10.0,324.66,6,316.69
2026-01-16 15:00:00,C,15,2,0,406,17.36,425.11,4,445.44
2026-01-16 15:00:00,D,15,2,0,406,10.0,452.17,4,376.53
2026-01-16 16:00:00,A,16,2,1,460,10.0,523.66,5,691.24
2026-01-16 16:00:00,B,16,2,1,353,10.0,503.09,6,507.36
2026-01-16 16:00:00,C,16,2,1,541,10.0,611.85,4,594.34
2026-01-16 16:00:00,D,16,2,1,445,10.0,628.94,4,600.9
2026-01-16 17:00:00,A,17,2,1,430,10.0,580.33,5,613.94
2026-01-16 17:00:00,B,17,2,1,405,10.0,445.81,6,605.69
2026-01-16 17:00:00,C,17,2,1,528,10.0,479.69,4,607.8
2026-01-16 17:00:00,D,17,2,1,526,10.69,479.11,4,602.33
2026-01-16 18:00:00,A,18,2,1,480,12.48,637.43,5,644.4
2026-01-16 18:00:00,B,18,2,1,352,10.0,397.2,6,503.94
2026-01-16 18:00:00,C,18,2,1,481,10.0,515.89,4,549.15
2026-01-16 18:00:00,D,18,2,1,424,25.43,562.03,4,499.74
2026-01-16 19:00:00,A,19,2,1,545,10.0,495.65,5,669.23
2026-01-16 19:00:00,B,19,2,1,360,20.96,437.71,6,517.67
2026-01-16 19:00:00,C,19,2,1,432,10.0,520.55,4,518.17
2026-01-16 19:00:00,D,19,2,1,457,10.0,486.22,4,567.64
2026-01-16 20:00:00,A,20,2,0,312,18.65,418.83,5,337.9
2026-01-16 20:00:00,B,20,2,0,234,10.0,336.5,6,349.96
2026-01-16 20:00:00,C,20,2,0,277,23.34,340.79,4,356.09
2026-01-16 20:00:00,D,20,2,0,317,10.0,425.18,4,405.42
2026-01-16 21:00:00,A,21,2,0,481,10.0,542.26,5,468.28
2026-01-16 21:00:00,B,21,2,0,342,10.0,317.26,6,284.48
2026-01-16 21:00:00,C,21,2,0,305,10.0,445.86,4,408.22
2026-01-16 21:00:00,D,21,2,0,311,12.86,480.28,4,443.74
2026-01-16 22:00:00,A,22,2,0,426,10.0,462.18,5,531.82
2026-01-16 22:00:00,B,22,2,0,392,10.0,442.62,6,416.92
2026-01-16 22:00:00,C,22,2,0,445,14.39,526.11,4,476.82
2026-01-16 22:00:00,D,22,2,0,438,10.0,424.91,4,441.42
2026-01-16 23:00:00,A,23,2,0,444,10.0,610.44,5,546.76
2026-01-16 23:00:00,B,23,2,0,311,11.39,509.09,6,434.37
2026-01-16 23:00:00,C,23,2,0,474,10.0,493.29,4,473.75
2026-01-16 23:00:00,D,23,2,0,422,19.29,617.44,4,511.58
2026-01-17 00:00:00,A,0,3,0,607,10.0,699.38,5,570.29
2026-01-17 00:00:00,B,0,3,0,344,16.11,511.3,6,613.44
2026-01-17 00:00:00,C,0,3,0,511,10.0,537.81,4,476.95
2026-01-17 00:00:00,D,0,3,0,479,23.87,559.7,4,514.19
2026-01-17 01:00:00,A,1,3,0,714,14.58,724.34,5,649.87
2026-01-17 01:00:00,B,1,3,0,449,26.62,573.98,6,540.63
2026-01-17 01:00:00,C,1,3,0,648,10.0,615.39,4,577.34
2026-01-17 01:00:00,D,1,3,0,599,10.0,556.46,4,586.91
2026-01-17 02:00:00,A,2,3,0,769,19.17,781.17,5,666.47
2026-01-17 02:00:00,B,2,3,0,575,10.0,591.51,6,585.73
2026-01-17 02:00:00,C,2,3,0,693,16.31,625.66,4,730.73
2026-01-17 02:00:00,D,2,3,0,658,10.0,796.33,4,648.52
2026-01-17 03:00:00,A,3,3,0,836,10.0,733.19,5,877.91
2026-01-17 03:00:00,B,3,3,0,636,10.0,569.28,6,540.56
2026-01-17 03:00:00,C,3,3,0,628,25.74,682.99,4,714.97
2026-01-17 03:00:00,D,3,3,0,752,10.0,816.19,4,794.98
2026-01-17 04:00:00,A,4,3,0,851,10.0,870.8,5,899.01
2026-01-17 04:00:00,B,4,3,0,644,10.0,744.01,6,649.57
2026-01-17 04:00:00,C,4,3,0,632,10.0,724.2,4,804.05
2026-01-17 04:00:00,D,4,3,0,697,10.0,808.56,4,745.83
2026-01-17 05:00:00,A,5,3,0,938,22.15,955.61,5,832.73
2026-01-17 05:00:00,B,5,3,0,493,10.0,673.0,6,728.37
2026-01-17 05:00:00,C,5,3,0,728,10.0,943.69,4,762.35
2026-01-17 05:00:00,D,5,3,0,831,10.0,783.57,4,739.53
2026-01-17 06:00:00,A,6,3,0,778,10.0,896.91,5,898.8
2026-01-17 06:00:00,B,6,3,0,517,14.32,743.63,6,542.21
2026-01-17 06:00:00,C,6,3,0,742,10.0,940.6,4,771.56
2026-01-17 06:00:00,D,6,3,0,601,10.0,730.52,4,719.3
2026-01-17 07:00:00,A,7,3,1,1333,10.0,1125.07,5,1390.7
2026-01-17 07:00:00,B,7,3,1,938,10.53,953.54,6,1018.78
2026-01-17 07:00:00,C,7,3,1,1124,10.0,1285.66,4,1166.02
2026-01-17 07:00:00,D,7,3,1,926,32.17,1196.9,4,1246.81
2026-01-17 08:00:00,A,8,3,1,968,23.08,1095.76,5,1313.95
2026-01-17 08:00:00,B,8,3,1,776,18.91,996.13,6,1009.36
2026-01-17 08:00:00,C,8,3,1,946,10.0,1317.15,4,1274.34
2026-01-17 08:00:00,D,8,3,1,846,20.67,1207.69,4,1154.6
2026-01-17 09:00:00,A,9,3,1,1047,10.0,1098.23,5,1190.5
2026-01-17 09:00:00,B,9,3,1,643,10.6,883.62,6,933.78
2026-01-17 09:00:00,C,9,3,1,845,10.0,1016.47,4,1147.21
2026-01-17 09:00:00,D,9,3,1,1084,10.0,1170.33,4,1102.39
2026-01-17 10:00:00,A,10,3,0,644,10.0,921.07,5,748.74
2026-01-17 10:00:00,B,10,3,0,512,21.31,524.64,6,492.05
2026-01-17 10:00:00,C,10,3,0,659,21.36,800.85,4,738.07
2026-01-17 10:00:00,D,10,3,0,675,10.0,647.17,4,671.57
2026-01-17 11:00:00,A,11,3,0,644,10.0,798.75,5,707.12
2026-01-17 11:00:00,B,11,3,0,414,10.0,627.54,6,531.2
2026-01-17 11:00:00,C,11,3,0,641,10.0,777.03,4,534.23
2026-01-17 11:00:00,D,11,3,0,485,33.35,690.18,4,646.09
2026-01-17 12:00:00,A,12,3,0,603,10.0,647.66,5,659.2
2026-01-17 12:00:00,B,12,3,0,389,10.0,549.47,6,487.55
2026-01-17 12:00:00,C,12,3,0,592,10.0,618.19,4,548.13
2026-01-17 12:00:00,D,12,3,0,415,10.64,614.49,4,565.23
2026-01-17 13:00:00,A,13,3,0,568,11.85,596.22,5,536.58
2026-01-17 13:00:00,B,13,3,0,447,10.0,460.55,6,325.51
2026-01-17 13:00:00,C,13,3,0,446,10.0,459.22,4,539.88
2026-01-17 13:00:00,D,13,3,0,440,27.65,491.87,4,516.25
2026-01-17 14:00:00,A,14,3,0,381,10.0,621.69,5,555.26
2026-01-17 14:00:00,B,14,3,0,336,10.0,444.88,6,421.51
2026-01-17 14:00:00,C,14,3,0,370,10.0,454.07,4,447.28
2026-01-17 14:00:00,D,14,3,0,474,13.74,433.99,4,485.39
2026-01-17 15:00:00,A,15,3,0,375,10.0,455.55,5,473.29
2026-01-17 15:00:00,B,15,3,0,293,14.04,372.0,6,328.22
2026-01-17 15:00:00,C,15,3,0,385,10.0,486.83,4,491.25
2026-01-17 15:00:00,D,15,3,0,388,10.0,392.45,4,333.87
2026-01-17 16:00:00,A,16,3,1,520,10.0,719.13,5,694.17
2026-01-17 16:00:00,B,16,3,1,449,10.0,433.32,6,535.67
2026-01-17 16:00:00,C,16,3,1,473,10.0,537.52,4,605.76
2026-01-17 16:00:00,D,16,3,1,452,10.0,487.28,4,561.58
2026-01-17 17:00:00,A,17,3,1,489,10.0,590.28,5,563.8
2026-01-17 17:00:00,B,17,3,1,435,10.0,402.69,6,419.54
2026-01-17 17:00:00,C,17,3,1,501,18.99,603.37,4,711.4
2026-01-17 17:00:00,D,17,3,1,427,10.0,437.72,4,608.67
2026-01-17 18:00:00,A,18,3,1,411,10.0,550.26,5,656.48
2026-01-17 18:00:00,B,18,3,1,324,20.5,352.74,6,501.17
2026-01-17 18:00:00,C,18,3,1,508,17.12,564.41,4,562.94
2026-01-17 18:00:00,D,18,3,1,494,10.0,450.73,4,565.26
2026-01-17 19:00:00,A,19,3,1,594,10.0,662.67,5,698.22
2026-01-17 19:00:00,B,19,3,1,349,15.73,393.97,6,454.79
2026-01-17 19:00:00,C,19,3,1,516,10.28,487.4,4,636.55
2026-01-17 19:00:00,D,19,3,1,503,10.0,578.53,4,597.37
2026-01-17 20:00:00,A,20,3,0,345,11.48,381.44,5,459.44
2026-01-17 20:00:00,B,20,3,0,290,10.0,310.78,6,318.22
2026-01-17 20:00:00,C,20,3,0,384,10.0,454.73,4,404.28
2026-01-17 20:00:00,D,20,3,0,340,10.0,361.26,4,263.18
2026-01-17 21:00:00,A,21,3,0,448,11.42,518.3,5,457.46
2026-01-17 21:00:00,B,21,3,0,353,10.0,373.59,6,359.22
2026-01-17 21:00:00,C,21,3,0,389,10.0,364.22,4,410.62
2026-01-17 21:00:00,D,21,3,0,316,11.25,392.07,4,442.47
2026-01-17 22:00:00,A,22,3,0,497,10.0,525.18,5,542.29
2026-01-17 22:00:00,B,22,3,0,316,10.0,360.81,6,325.81
2026-01-17 22:00:00,C,22,3,0,347,10.0,501.28,4,431.35
2026-01-17 22:00:00,D,22,3,0,406,10.0,467.12,4,476.81
2026-01-17 23:00:00,A,23,3,0,513,10.0,570.34,5,533.35
2026-01-17 23:00:00,B,23,3,0,367,10.0,445.2,6,351.81
2026-01-17 23:00:00,C,23,3,0,503,10.68,503.89,4,538.54
2026-01-17 23:00:00,D,23,3,0,517,10.0,538.25,4,533.75
2026-01-18 00:00:00,A,0,4,0,474,10.0,713.51,5,616.71
2026-01-18 00:00:00,B,0,4,0,441,10.0,511.86,6,503.72
2026-01-18 00:00:00,C,0,4,0,536,17.53,659.47,4,635.85
2026-01-18 00:00:00,D,0,4,0,434,18.82,596.6,4,561.48
2026-01-18 01:00:00,A,1,4,0,712,10.0,842.11,5,592.81
2026-01-18 01:00:00,B,1,4,0,397,10.0,469.94,6,498.96
2026-01-18 01:00:00,C,1,4,0,524,10.0,716.54,4,581.45
2026-01-18 01:00:00,D,1,4,0,552,10.0,668.91,4,575.52
2026-01-18 02:00:00,A,2,4,0,677,19.16,909.43,5,753.89
2026-01-18 02:00:00,B,2,4,0,460,10.0,659.14,6,595.58
2026-01-18 02:00:00,C,2,4,0,737,10.0,678.54,4,767.22
2026-01-18 02:00:00,D,2,4,0,682,30.49,703.47,4,673.63
2026-01-18 03:00:00,A,3,4,0,878,10.0,795.76,5,667.31
2026-01-18 03:00:00,B,3,4,0,516,10.0,637.48,6,585.47
2026-01-18 03:00:00,C,3,4,0,723,10.0,686.25,4,752.36
2026-01-18 03:00:00,D,3,4,0,587,10.0,811.16,4,652.34
2026-01-18 04:00:00,A,4,4,0,892,10.0,1002.7,5,806.78
2026-01-18 04:00:00,B,4,4,0,651,10.0,688.51,6,670.35
2026-01-18 04:00:00,C,4,4,0,693,10.0,805.87,4,809.33
2026-01-18 04:00:00,D,4,4,0,751,10.0,794.98,4,776.34
2026-01-18 05:00:00,A,5,4,0,855,23.43,952.78,5,837.08
2026-01-18 05:00:00,B,5,4,0,504,10.0,738.59,6,607.99
2026-01-18 05:00:00,C,5,4,0,800,10.0,872.4,4,811.49
2026-01-18 05:00:00,D,5,4,0,612,10.0,784.46,4,769.78
2026-01-18 06:00:00,A,6,4,0,703,10.0,978.63,5,869.2
2026-01-18 06:00:00,B,6,4,0,606,10.0,747.08,6,639.68
2026-01-18 06:00:00,C,6,4,0,731,10.0,959.96,4,761.95
2026-01-18 06:00:00,D,6,4,0,848,10.0,789.52,4,799.49
2026-01-18 07:00:00,A,7,4,1,1036,12.26,1241.36,5,1322.41
2026-01-18 07:00:00,B,7,4,1,839,10.0,831.19,6,923.55
2026-01-18 07:00:00,C,7,4,1,1010,24.72,1073.24,4,1263.81
2026-01-18 07:00:00,D,7,4,1,1030,26.53,987.31,4,1258.19
2026-01-18 08:00:00,A,8,4,1,1242,13.69,1444.47,5,1406.61
2026-01-18 08:00:00,B,8,4,1,927,10.0,876.25,6,985.05
2026-01-18 08:00:00,C,8,4,1,867,10.0,1220.86,4,1126.35
2026-01-18 08:00:00,D,8,4,1,1076,10.0,978.39,4,1139.32
2026-01-18 09:00:00,A,9,4,1,1200,18.33,1315.3,5,1253.51
2026-01-18 09:00:00,B,9,4,1,849,12.63,962.55,6,952.94
2026-01-18 09:00:00,C,9,4,1,931,12.7,1187.54,4,1107.45
2026-01-18 09:00:00,D,9,4,1,972,11.78,1021.11,4,1149.71
2026-01-18 10:00:00,A,10,4,0,738,20.95,697.87,5,794.31
2026-01-18 10:00:00,B,10,4,0,414,12.12,534.69,6,555.92
2026-01-18 10:00:00,C,10,4,0,542,10.0,690.87,4,692.3
2026-01-18 10:00:00,D,10,4,0,718,23.63,610.34,4,651.16
2026-01-18 11:00:00,A,11,4,0,622,27.03,620.63,5,706.0
2026-01-18 11:00:00,B,11,4,0,412,19.58,593.79,6,478.93
2026-01-18 11:00:00,C,11,4,0,605,10.0,690.83,4,566.78
2026-01-18 11:00:00,D,11,4,0,625,23.03,667.07,4,626.34
2026-01-18 12:00:00,A,12,4,0,473,14.77,719.09,5,629.27
2026-01-18 12:00:00,B,12,4,0,462,10.0,567.83,6,394.42
2026-01-18 12:00:00,C,12,4,0,518,10.0,581.5,4,605.27
2026-01-18 12:00:00,D,12,4,0,547,10.0,606.34,4,534.9
2026-01-18 13:00:00,A,13,4,0,461,10.0,682.78,5,586.85
2026-01-18 13:00:00,B,13,4,0,369,10.03,420.52,6,444.39
2026-01-18 13:00:00,C,13,4,0,514,10.0,513.77,4,511.62
2026-01-18 13:00:00,D,13,4,0,411,10.0,466.78,4,510.02
2026-01-18 14:00:00,A,14,4,0,508,10.0,456.37,5,523.13
2026-01-18 14:00:00,B,14,4,0,399,10.0,409.05,6,321.82
2026-01-18 14:00:00,C,14,4,0,469,17.68,525.66,4,447.56
2026-01-18 14:00:00,D,14,4,0,343,10.0,418.91,4,397.43
2026-01-18 15:00:00,A,15,4,0,429,16.17,491.59,5,465.32
2026-01-18 15:00:00,B,15,4,0,260,10.0,330.55,6,276.5
2026-01-18 15:00:00,C,15,4,0,327,10.0,398.31,4,520.61
2026-01-18 15:00:00,D,15,4,0,362,10.0,463.47,4,446.55
2026-01-18 16:00:00,A,16,4,1,527,10.0,563.65,5,722.08
2026-01-18 16:00:00,B,16,4,1,323,10.0,427.96,6,524.05
2026-01-18 16:00:00,C,16,4,1,416,10.0,648.42,4,650.72
2026-01-18 16:00:00,D,16,4,1,388,10.0,522.25,4,604.92
2026-01-18 17:00:00,A,17,4,1,436,10.0,575.75,5,617.38
2026-01-18 17:00:00,B,17,4,1,418,10.0,397.88,6,503.78
2026-01-18 17:00:00,C,17,4,1,439,15.73,509.48,4,576.95
2026-01-18 17:00:00,D,17,4,1,440,10.0,552.89,4,555.84
2026-01-18 18:00:00,A,18,4,1,481,10.0,525.27,5,644.79
2026-01-18 18:00:00,B,18,4,1,351,10.0,441.77,6,495.85
2026-01-18 18:00:00,C,18,4,1,500,10.0,582.57,4,613.04
2026-01-18 18:00:00,D,18,4,1,504,20.64,505.09,4,554.47
2026-01-18 19:00:00,A,19,4,1,447,10.0,489.51,5,656.27
2026-01-18 19:00:00,B,19,4,1,390,10.0,421.27,6,532.56
2026-01-18 19:00:00,C,19,4,1,458,10.0,453.78,4,690.73
2026-01-18 19:00:00,D,19,4,1,439,10.0,432.61,4,561.02
2026-01-18 20:00:00,A,20,4,0,330,10.0,392.29,5,385.21
2026-01-18 20:00:00,B,20,4,0,295,10.0,303.18,6,348.22
2026-01-18 20:00:00,C,20,4,0,324,10.0,347.34,4,337.69
2026-01-18 20:00:00,D,20,4,0,364,13.71,325.67,4,349.62
2026-01-18 21:00:00,A,21,4,0,440,10.0,467.16,5,519.83
2026-01-18 21:00:00,B,21,4,0,316,10.0,326.65,6,240.07
2026-01-18 21:00:00,C,21,4,0,362,10.0,377.29,4,396.88
2026-01-18 21:00:00,D,21,4,0,387,10.0,416.2,4,359.68
2026-01-18 22:00:00,A,22,4,0,527,10.0,490.25,5,479.03
2026-01-18 22:00:00,B,22,4,0,291,10.0,403.93,6,375.38
2026-01-18 22:00:00,C,22,4,0,368,10.0,491.08,4,423.85
2026-01-18 22:00:00,D,22,4,0,373,10.86,449.32,4,421.32
2026-01-18 23:00:00,A,23,4,0,461,10.0,554.3,5,500.52
2026-01-18 23:00:00,B,23,4,0,389,10.0,406.36,6,356.15
2026-01-18 23:00:00,C,23,4,0,433,10.0,590.62,4,469.95
2026-01-18 23:00:00,D,23,4,0,520,10.0,520.41,4,491.25
2026-01-19 00:00:00,A,0,5,0,562,10.0,645.68,5,641.12
2026-01-19 00:00:00,B,0,5,0,410,10.0,556.7,6,464.73
2026-01-19 00:00:00,C,0,5,0,465,11.4,528.01,4,477.91
2026-01-19 00:00:00,D,0,5,0,435,10.0,645.31,4,566.68
2026-01-19 01:00:00,A,1,5,0,552,10.0,812.48,5,686.85
2026-01-19 01:00:00,B,1,5,0,534,10.0,542.05,6,490.97
2026-01-19 01:00:00,C,1,5,0,478,10.0,767.35,4,675.85
2026-01-19 01:00:00,D,1,5,0,602,10.0,720.07,4,575.49
2026-01-19 02:00:00,A,2,5,0,585,10.0,698.91,5,687.99
2026-01-19 02:00:00,B,2,5,0,448,10.0,564.12,6,574.78
2026-01-19 02:00:00,C,2,5,0,557,10.94,732.52,4,672.27
2026-01-19 02:00:00,D,2,5,0,497,10.0,650.22,4,557.56
2026-01-19 03:00:00,A,3,5,0,685,10.0,749.13,5,770.99
2026-01-19 03:00:00,B,3,5,0,555,10.0,590.8,6,614.66
2026-01-19 03:00:00,C,3,5,0,697,26.09,866.69,4,710.59
2026-01-19 03:00:00,D,3,5,0,562,10.0,832.14,4,703.2
2026-01-19 04:00:00,A,4,5,0,886,10.0,847.96,5,899.89
2026-01-19 04:00:00,B,4,5,0,659,10.0,615.31,6,574.03
2026-01-19 04:00:00,C,4,5,0,697,10.0,924.01,4,826.47
2026-01-19 04:00:00,D,4,5,0,604,10.0,899.13,4,737.83
2026-01-19 05:00:00,A,5,5,0,711,10.0,1005.87,5,856.81
2026-01-19 05:00:00,B,5,5,0,614,10.0,644.41,6,541.91
2026-01-19 05:00:00,C,5,5,0,826,15.59,861.56,4,725.1
2026-01-19 05:00:00,D,5,5,0,723,21.71,776.94,4,780.99
2026-01-19 06:00:00,A,6,5,0,693,10.0,1015.45,5,885.31
2026-01-19 06:00:00,B,6,5,0,490,10.0,679.2,6,630.86
2026-01-19 06:00:00,C,6,5,0,620,10.0,854.71,4,824.29
2026-01-19 06:00:00,D,6,5,0,633,10.0,928.8,4,762.31
2026-01-19 07:00:00,A,7,5,1,1126,17.2,1349.3,5,1399.16
2026-01-19 07:00:00,B,7,5,1,908,10.0,1030.52,6,972.09
2026-01-19 07:00:00,C,7,5,1,993,17.12,1163.45,4,1207.1
2026-01-19 07:00:00,D,7,5,1,1007,20.6,1068.95,4,1144.64
2026-01-19 08:00:00,A,8,5,1,1142,10.0,1126.59,5,1379.73
2026-01-19 08:00:00,B,8,5,1,734,10.0,1008.86,6,1024.74
2026-01-19 08:00:00,C,8,5,1,959,10.0,1165.27,4,1211.84
2026-01-19 08:00:00,D,8,5,1,804,10.0,1025.79,4,1193.65
2026-01-19 09:00:00,A,9,5,1,1134,10.0,1241.67,5,1220.06
2026-01-19 09:00:00,B,9,5,1,879,10.0,978.98,6,935.22
2026-01-19 09:00:00,C,9,5,1,849,10.0,1161.67,4,1081.52
2026-01-19 09:00:00,D,9,5,1,786,10.7,951.16,4,1050.54
2026-01-19 10:00:00,A,10,5,0,728,16.26,934.41,5,760.75
2026-01-19 10:00:00,B,10,5,0,458,10.0,521.61,6,577.43
2026-01-19 10:00:00,C,10,5,0,730,10.0,708.7,4,742.72
2026-01-19 10:00:00,D,10,5,0,627,10.0,612.06,4,607.37
2026-01-19 11:00:00,A,11,5,0,574,23.8,830.38,5,702.23
2026-01-19 11:00:00,B,11,5,0,531,10.0,580.22,6,457.64
2026-01-19 11:00:00,C,11,5,0,525,10.0,624.99,4,614.11
2026-01-19 11:00:00,D,11,5,0,529,11.83,557.83,4,607.91
2026-01-19 12:00:00,A,12,5,0,668,10.0,703.87,5,623.27
2026-01-19 12:00:00,B,12,5,0,396,10.0,434.55,6,435.34
2026-01-19 12:00:00,C,12,5,0,559,17.32,610.51,4,581.12
2026-01-19 12:00:00,D,12,5,0,556,10.0,672.2,4,568.75
2026-01-19 13:00:00,A,13,5,0,490,10.0,611.2,5,539.82
2026-01-19 13:00:00,B,13,5,0,440,10.0,458.7,6,387.92
2026-01-19 13:00:00,C,13,5,0,455,14.79,585.02,4,494.28
2026-01-19 13:00:00,D,13,5,0,436,16.4,614.92,4,470.5
2026-01-19 14:00:00,A,14,5,0,536,10.0,486.89,5,490.12
2026-01-19 14:00:00,B,14,5,0,330,10.0,429.94,6,364.15
2026-01-19 14:00:00,C,14,5,0,409,10.0,503.91,4,464.98
2026-01-19 14:00:00,D,14,5,0,397,10.0,532.77,4,397.2
2026-01-19 15:00:00,A,15,5,0,412,10.0,470.55,5,449.36
2026-01-19 15:00:00,B,15,5,0,329,10.0,372.11,6,318.37
2026-01-19 15:00:00,C,15,5,0,376,10.0,405.01,4,391.07
2026-01-19 15:00:00,D,15,5,0,383,10.0,411.48,4,358.88
2026-01-19 16:00:00,A,16,5,1,550,10.0,589.23,5,665.93
2026-01-19 16:00:00,B,16,5,1,398,10.94,461.63,6,550.75
2026-01-19 16:00:00,C,16,5,1,533,10.0,486.77,4,691.6
2026-01-19 16:00:00,D,16,5,1,536,10.0,524.37,4,565.12
2026-01-19 17:00:00,A,17,5,1,438,10.0,539.58,5,590.99
2026-01-19 17:00:00,B,17,5,1,323,10.0,453.91,6,613.71
2026-01-19 17:00:00,C,17,5,1,456,10.97,454.53,4,551.83
2026-01-19 17:00:00,D,17,5,1,487,10.0,463.33,4,580.94
2026-01-19 18:00:00,A,18,5,1,505,10.0,478.12,5,629.64
2026-01-19 18:00:00,B,18,5,1,407,10.0,354.18,6,510.86
2026-01-19 18:00:00,C,18,5,1,438,10.0,537.68,4,593.37
2026-01-19 18:00:00,D,18,5,1,436,14.0,532.35,4,560.04
2026-01-19 19:00:00,A,19,5,1,494,10.0,549.12,5,631.39
2026-01-19 19:00:00,B,19,5,1,357,10.0,447.73,6,630.42
2026-01-19 19:00:00,C,19,5,1,469,12.01,551.43,4,620.09
2026-01-19 19:00:00,D,19,5,1,525,10.0,508.8,4,530.01
2026-01-19 20:00:00,A,20,5,0,392,10.0,410.67,5,384.6
2026-01-19 20:00:00,B,20,5,0,243,10.0,348.86,6,341.92
2026-01-19 20:00:00,C,20,5,0,354,28.0,444.51,4,337.29
2026-01-19 20:00:00,D,20,5,0,360,10.0,347.05,4,331.32
2026-01-19 21:00:00,A,21,5,0,345,27.29,556.32,5,489.04
2026-01-19 21:00:00,B,21,5,0,313,10.65,360.33,6,323.0
2026-01-19 21:00:00,C,21,5,0,312,10.0,481.91,4,384.8
2026-01-19 21:00:00,D,21,5,0,403,10.0,480.54,4,355.08
2026-01-19 22:00:00,A,22,5,0,509,10.0,599.27,5,470.82
2026-01-19 22:00:00,B,22,5,0,328,10.0,440.68,6,366.29
2026-01-19 22:00:00,C,22,5,0,472,10.0,458.09,4,494.47
2026-01-19 22:00:00,D,22,5,0,467,10.0,451.53,4,517.0
2026-01-19 23:00:00,A,23,5,0,611,10.0,590.51,5,549.73
2026-01-19 23:00:00,B,23,5,0,408,12.8,425.05,6,477.54
2026-01-19 23:00:00,C,23,5,0,397,10.0,563.33,4,541.38
2026-01-19 23:00:00,D,23,5,0,531,10.0,517.19,4,509.65
2026-01-20 00:00:00,A,0,6,0,562,24.69,732.32,5,621.17
2026-01-20 00:00:00,B,0,6,0,443,10.0,497.15,6,391.14
2026-01-20 00:00:00,C,0,6,0,492,23.72,699.11,4,573.13
2026-01-20 00:00:00,D,0,6,0,424,10.0,584.43,4,616.9
2026-01-20 01:00:00,A,1,6,0,558,10.0,624.84,5,653.42
2026-01-20 01:00:00,B,1,6,0,468,26.05,607.11,6,461.68
2026-01-20 01:00:00,C,1,6,0,651,10.0,611.65,4,703.43
2026-01-20 01:00:00,D,1,6,0,567,14.09,631.65,4,602.69
2026-01-20 02:00:00,A,2,6,0,564,34.76,714.72,5,723.42
2026-01-20 02:00:00,B,2,6,0,522,10.76,561.68,6,564.9
2026-01-20 02:00:00,C,2,6,0,531,23.3,745.2,4,640.66
2026-01-20 02:00:00,D,2,6,0,634,27.13,683.4,4,762.6
2026-01-20 03:00:00,A,3,6,0,733,21.66,821.7,5,769.15
2026-01-20 03:00:00,B,3,6,0,496,10.0,725.14,6,602.47
2026-01-20 03:00:00,C,3,6,0,776,10.25,664.37,4,657.05
2026-01-20 03:00:00,D,3,6,0,691,13.74,659.43,4,719.08
2026-01-20 04:00:00,A,4,6,0,870,10.0,953.55,5,835.48
2026-01-20 04:00:00,B,4,6,0,602,34.25,624.81,6,670.97
2026-01-20 04:00:00,C,4,6,0,570,10.0,852.55,4,751.19
2026-01-20 04:00:00,D,4,6,0,689,18.77,860.05,4,801.5
2026-01-20 05:00:00,A,5,6,0,711,11.1,1029.37,5,817.45
2026-01-20 05:00:00,B,5,6,0,689,10.0,595.5,6,660.59
2026-01-20 05:00:00,C,5,6,0,711,10.0,933.14,4,740.79
2026-01-20 05:00:00,D,5,6,0,711,10.0,711.03,4,702.99
2026-01-20 06:00:00,A,6,6,0,922,10.0,933.04,5,862.02
2026-01-20 06:00:00,B,6,6,0,597,22.3,726.52,6,583.02
2026-01-20 06:00:00,C,6,6,0,730,10.0,862.46,4,765.59
2026-01-20 06:00:00,D,6,6,0,613,10.0,923.7,4,749.05
2026-01-20 07:00:00,A,7,6,1,1044,10.0,1312.0,5,1351.21
2026-01-20 07:00:00,B,7,6,1,808,10.0,938.72,6,1041.04
2026-01-20 07:00:00,C,7,6,1,915,10.0,1125.76,4,1270.67
2026-01-20 07:00:00,D,7,6,1,1135,10.0,1162.0,4,1222.32
2026-01-20 08:00:00,A,8,6,1,1189,20.63,1404.11,5,1204.08
2026-01-20 08:00:00,B,8,6,1,764,15.05,1068.56,6,973.11
2026-01-20 08:00:00,C,8,6,1,893,10.59,1169.73,4,1248.24
2026-01-20 08:00:00,D,8,6,1,1083,10.0,1114.23,4,1119.66
2026-01-20 09:00:00,A,9,6,1,1095,16.24,1128.56,5,1234.04
2026-01-20 09:00:00,B,9,6,1,696,10.0,1024.28,6,932.72
2026-01-20 09:00:00,C,9,6,1,837,17.48,1182.16,4,1150.29
2026-01-20 09:00:00,D,9,6,1,788,10.0,1146.74,4,1125.33
2026-01-20 10:00:00,A,10,6,0,584,10.0,835.51,5,778.32
2026-01-20 10:00:00,B,10,6,0,584,10.0,646.38,6,616.55
2026-01-20 10:00:00,C,10,6,0,578,10.0,621.97,4,651.09
2026-01-20 10:00:00,D,10,6,0,666,10.0,630.91,4,659.61
2026-01-20 11:00:00,A,11,6,0,725,10.0,755.0,5,637.5
2026-01-20 11:00:00,B,11,6,0,407,17.62,597.7,6,471.89
2026-01-20 11:00:00,C,11,6,0,511,10.0,769.63,4,568.31
2026-01-20 11:00:00,D,11,6,0,577,31.93,688.51,4,580.49
2026-01-20 12:00:00,A,12,6,0,612,10.0,683.26,5,556.79
2026-01-20 12:00:00,B,12,6,0,488,10.0,503.22,6,539.78
2026-01-20 12:00:00,C,12,6,0,594,10.0,639.44,4,571.92
2026-01-20 12:00:00,D,12,6,0,496,10.0,567.83,4,551.48
2026-01-20 13:00:00,A,13,6,0,575,10.0,569.37,5,502.9
2026-01-20 13:00:00,B,13,6,0,359,10.0,448.61,6,445.69
2026-01-20 13:00:00,C,13,6,0,478,10.0,457.11,4,555.46
2026-01-20 13:00:00,D,13,6,0,451,17.61,497.54,4,531.82
2026-01-20 14:00:00,A,14,6,0,454,10.0,494.5,5,523.53
2026-01-20 14:00:00,B,14,6,0,294,10.0,430.38,6,326.87
2026-01-20 14:00:00,C,14,6,0,396,10.0,556.48,4,451.16
2026-01-20 14:00:00,D,14,6,0,364,10.0,497.55,4,434.82
2026-01-20 15:00:00,A,15,6,0,414,22.81,522.5,5,412.36
2026-01-20 15:00:00,B,15,6,0,267,10.0,326.94,6,373.53
2026-01-20 15:00:00,C,15,6,0,368,10.0,432.77,4,411.91
2026-01-20 15:00:00,D,15,6,0,331,10.0,487.86,4,384.54
2026-01-20 16:00:00,A,16,6,1,492,10.0,653.98,5,695.44
2026-01-20 16:00:00,B,16,6,1,425,13.22,444.02,6,490.62
2026-01-20 16:00:00,C,16,6,1,443,10.0,484.27,4,679.71
2026-01-20 16:00:00,D,16,6,1,462,10.0,516.27,4,604.64
2026-01-20 17:00:00,A,17,6,1,431,10.0,590.45,5,629.33
2026-01-20 17:00:00,B,17,6,1,413,15.18,486.04,6,392.67
2026-01-20 17:00:00,C,17,6,1,447,10.0,557.24,4,575.75
2026-01-20 17:00:00,D,17,6,1,371,10.0,540.5,4,609.44
2026-01-20 18:00:00,A,18,6,1,430,10.0,657.04,5,690.6
2026-01-20 18:00:00,B,18,6,1,378,10.0,356.83,6,534.18
2026-01-20 18:00:00,C,18,6,1,418,10.0,489.26,4,522.36
2026-01-20 18:00:00,D,18,6,1,436,10.0,471.92,4,575.59
2026-01-20 19:00:00,A,19,6,1,568,10.0,626.26,5,598.14
2026-01-20 19:00:00,B,19,6,1,409,10.0,383.3,6,529.15
2026-01-20 19:00:00,C,19,6,1,468,19.74,485.46,4,638.43
2026-01-20 19:00:00,D,19,6,1,411,10.0,473.51,4,598.82
2026-01-20 20:00:00,A,20,6,0,319,10.0,495.36,5,406.55
2026-01-20 20:00:00,B,20,6,0,245,10.0,336.84,6,314.92
2026-01-20 20:00:00,C,20,6,0,360,10.0,439.19,4,467.91
2026-01-20 20:00:00,D,20,6,0,370,10.0,430.96,4,369.19
2026-01-20 21:00:00,A,21,6,0,455,11.58,548.94,5,399.59
2026-01-20 21:00:00,B,21,6,0,283,10.0,340.14,6,357.2
2026-01-20 21:00:00,C,21,6,0,327,30.14,364.22,4,323.01
2026-01-20 21:00:00,D,21,6,0,363,29.94,474.78,4,428.02
2026-01-20 22:00:00,A,22,6,0,510,10.0,526.02,5,537.61
2026-01-20 22:00:00,B,22,6,0,385,16.96,420.31,6,355.5
2026-01-20 22:00:00,C,22,6,0,353,34.93,463.4,4,549.27
2026-01-20 22:00:00,D,22,6,0,414,10.0,397.82,4,454.71
2026-01-20 23:00:00,A,23,6,0,524,10.0,538.19,5,499.23
2026-01-20 23:00:00,B,23,6,0,341,10.0,396.61,6,420.1
2026-01-20 23:00:00,C,23,6,0,407,10.0,618.62,4,542.46
2026-01-20 23:00:00,D,23,6,0,402,10.0,475.92,4,496.67
2026-01-21 00:00:00,A,0,7,0,476,10.0,622.49,5,568.89
2026-01-21 00:00:00,B,0,7,0,353,10.0,404.84,6,411.01
2026-01-21 00:00:00,C,0,7,0,440,10.0,672.83,4,507.68
2026-01-21 00:00:00,D,0,7,0,491,10.0,484.21,4,475.91
2026-01-21 01:00:00,A,1,7,0,520,17.11,642.28,5,636.33
2026-01-21 01:00:00,B,1,7,0,397,10.0,545.33,6,482.71
2026-01-21 01:00:00,C,1,7,0,583,10.0,648.4,4,636.8
2026-01-21 01:00:00,D,1,7,0,610,25.39,592.55,4,575.89
2026-01-21 02:00:00,A,2,7,0,565,10.0,877.97,5,734.19
2026-01-21 02:00:00,B,2,7,0,514,10.0,503.87,6,487.17
2026-01-21 02:00:00,C,2,7,0,491,10.0,601.77,4,708.82
2026-01-21 02:00:00,D,2,7,0,577,18.55,710.39,4,619.89
2026-01-21 03:00:00,A,3,7,0,723,10.0,942.78,5,726.7
2026-01-21 03:00:00,B,3,7,0,444,10.0,686.55,6,569.91
2026-01-21 03:00:00,C,3,7,0,544,10.0,774.93,4,707.21
2026-01-21 03:00:00,D,3,7,0,718,10.0,799.26,4,646.31
2026-01-21 04:00:00,A,4,7,0,796,17.27,949.55,5,853.4
2026-01-21 04:00:00,B,4,7,0,500,10.0,583.86,6,707.1
2026-01-21 04:00:00,C,4,7,0,551,11.11,809.91,4,675.18
2026-01-21 04:00:00,D,4,7,0,670,10.0,713.53,4,697.63
2026-01-21 05:00:00,A,5,7,0,790,10.0,1002.65,5,819.18
2026-01-21 05:00:00,B,5,7,0,603,15.07,730.54,6,651.82
2026-01-21 05:00:00,C,5,7,0,806,27.87,686.14,4,771.42
2026-01-21 05:00:00,D,5,7,0,589,14.99,782.42,4,707.92
2026-01-21 06:00:00,A,6,7,0,675,14.27,1013.98,5,854.91
2026-01-21 06:00:00,B,6,7,0,462,10.0,644.43,6,695.11
2026-01-21 06:00:00,C,6,7,0,663,10.0,918.54,4,760.61
2026-01-21 06:00:00,D,6,7,0,697,22.23,706.93,4,703.39
2026-01-21 07:00:00,A,7,7,1,1245,10.0,1123.72,5,1335.04
2026-01-21 07:00:00,B,7,7,1,659,16.73,914.93,6,974.35
2026-01-21 07:00:00,C,7,7,1,856,12.65,1171.81,4,1188.63
2026-01-21 07:00:00,D,7,7,1,1136,19.7,1042.24,4,1205.32
2026-01-21 08:00:00,A,8,7,1,1078,27.06,1149.03,5,1330.19
2026-01-21 08:00:00,B,8,7,1,831,11.18,783.52,6,908.72
2026-01-21 08:00:00,C,8,7,1,1015,10.0,1124.46,4,1130.17
2026-01-21 08:00:00,D,8,7,1,914,10.0,1203.74,4,1138.71
2026-01-21 09:00:00,A,9,7,1,1090,10.0,1165.14,5,1130.22
2026-01-21 09:00:00,B,9,7,1,657,13.17,727.44,6,914.89
2026-01-21 09:00:00,C,9,7,1,1047,31.48,1118.49,4,1079.25
2026-01-21 09:00:00,D,9,7,1,757,28.67,1036.45,4,1047.91
2026-01-21 10:00:00,A,10,7,0,700,10.0,681.83,5,720.68
2026-01-21 10:00:00,B,10,7,0,456,10.0,490.18,6,536.32
2026-01-21 10:00:00,C,10,7,0,645,10.0,791.21,4,701.38
2026-01-21 10:00:00,D,10,7,0,553,14.45,604.23,4,653.52
2026-01-21 11:00:00,A,11,7,0,524,10.0,822.6,5,610.8
2026-01-21 11:00:00,B,11,7,0,403,23.81,568.9,6,551.9
2026-01-21 11:00:00,C,11,7,0,520,10.0,687.79,4,638.93
2026-01-21 11:00:00,D,11,7,0,585,10.0,683.08,4,553.88
2026-01-21 12:00:00,A,12,7,0,512,10.0,609.27,5,618.73
2026-01-21 12:00:00,B,12,7,0,355,10.0,502.66,6,357.59
2026-01-21 12:00:00,C,12,7,0,474,10.0,599.7,4,536.53
2026-01-21 12:00:00,D,12,7,0,482,10.0,580.17,4,510.63
2026-01-21 13:00:00,A,13,7,0,520,10.0,617.64,5,634.02
2026-01-21 13:00:00,B,13,7,0,311,10.0,354.01,6,401.61
2026-01-21 13:00:00,C,13,7,0,377,10.0,510.58,4,549.57
2026-01-21 13:00:00,D,13,7,0,471,10.0,444.89,4,504.16
2026-01-21 14:00:00,A,14,7,0,514,22.19,459.84,5,517.17
2026-01-21 14:00:00,B,14,7,0,359,10.0,330.54,6,296.18
2026-01-21 14:00:00,C,14,7,0,367,14.61,497.36,4,463.44
2026-01-21 14:00:00,D,14,7,0,393,16.92,449.05,4,458.38
2026-01-21 15:00:00,A,15,7,0,348,18.04,461.6,5,416.91
2026-01-21 15:00:00,B,15,7,0,270,10.0,291.89,6,266.98
2026-01-21 15:00:00,C,15,7,0,421,10.0,444.28,4,405.54
2026-01-21 15:00:00,D,15,7,0,378,10.0,405.06,4,449.44
2026-01-21 16:00:00,A,16,7,1,573,12.78,551.43,5,678.92
2026-01-21 16:00:00,B,16,7,1,389,10.0,401.34,6,479.83
2026-01-21 16:00:00,C,16,7,1,414,10.0,588.32,4,602.14
2026-01-21 16:00:00,D,16,7,1,467,16.04,450.58,4,549.02
2026-01-21 17:00:00,A,17,7,1,500,30.26,536.15,5,673.55
2026-01-21 17:00:00,B,17,7,1,320,10.0,403.41,6,560.91
2026-01-21 17:00:00,C,17,7,1,520,11.84,545.49,4,561.03
2026-01-21 17:00:00,D,17,7,1,371,13.98,445.44,4,533.0
2026-01-21 18:00:00,A,18,7,1,445,10.0,474.11,5,650.23
2026-01-21 18:00:00,B,18,7,1,360,10.0,388.1,6,496.48
2026-01-21 18:00:00,C,18,7,1,496,10.0,477.0,4,559.77
2026-01-21 18:00:00,D,18,7,1,423,10.0,535.03,4,571.95
2026-01-21 19:00:00,A,19,7,1,518,10.0,566.84,5,711.05
2026-01-21 19:00:00,B,19,7,1,415,10.21,384.9,6,486.91
2026-01-21 19:00:00,C,19,7,1,438,10.0,593.14,4,559.74
2026-01-21 19:00:00,D,19,7,1,417,17.88,524.41,4,606.12
2026-01-21 20:00:00,A,20,7,0,354,24.17,369.67,5,400.95
2026-01-21 20:00:00,B,20,7,0,246,10.0,305.65,6,297.31
2026-01-21 20:00:00,C,20,7,0,321,23.25,370.78,4,336.82
2026-01-21 20:00:00,D,20,7,0,348,10.0,397.15,4,334.42
2026-01-21 21:00:00,A,21,7,0,432,10.0,501.33,5,443.68
2026-01-21 21:00:00,B,21,7,0,267,10.0,386.8,6,376.39
2026-01-21 21:00:00,C,21,7,0,326,10.0,414.57,4,419.14
2026-01-21 21:00:00,D,21,7,0,365,18.08,429.19,4,332.22
2026-01-21 22:00:00,A,22,7,0,475,10.35,592.1,5,524.35
2026-01-21 22:00:00,B,22,7,0,280,10.0,329.09,6,315.71
2026-01-21 22:00:00,C,22,7,0,459,17.6,456.58,4,485.08
2026-01-21 22:00:00,D,22,7,0,418,10.0,509.64,4,434.96
2026-01-21 23:00:00,A,23,7,0,496,12.29,656.2,5,580.31
2026-01-21 23:00:00,B,23,7,0,306,10.0,415.69,6,436.0
2026-01-21 23:00:00,C,23,7,0,412,10.0,589.81,4,477.97
2026-01-21 23:00:00,D,23,7,0,508,11.48,427.13,4,491.9
2026-01-22 00:00:00,A,0,1,0,560,23.04,728.47,5,563.74
2026-01-22 00:00:00,B,0,1,0,367,10.0,398.39,6,511.12
2026-01-22 00:00:00,C,0,1,0,573,10.0,539.36,4,577.06
2026-01-22 00:00:00,D,0,1,0,482,12.82,603.38,4,510.46
2026-01-22 01:00:00,A,1,1,0,607,24.83,655.67,5,661.59
2026-01-22 01:00:00,B,1,1,0,467,10.0,568.61,6,448.93
2026-01-22 01:00:00,C,1,1,0,566,10.0,718.78,4,556.66
2026-01-22 01:00:00,D,1,1,0,518,11.49,547.87,4,606.67
2026-01-22 02:00:00,A,2,1,0,684,10.0,851.45,5,767.31
2026-01-22 02:00:00,B,2,1,0,443,10.0,476.25,6,462.07
2026-01-22 02:00:00,C,2,1,0,508,23.74,670.02,4,636.48
2026-01-22 02:00:00,D,2,1,0,483,10.0,586.68,4,634.51
2026-01-22 03:00:00,A,3,1,0,646,18.46,871.81,5,747.89
2026-01-22 03:00:00,B,3,1,0,476,20.36,628.61,6,520.75
2026-01-22 03:00:00,C,3,1,0,674,10.0,665.79,4,601.18
2026-01-22 03:00:00,D,3,1,0,662,10.0,658.06,4,624.04
2026-01-22 04:00:00,A,4,1,0,695,10.0,969.18,5,752.27
2026-01-22 04:00:00,B,4,1,0,511,10.0,683.37,6,588.35
2026-01-22 04:00:00,C,4,1,0,548,15.45,758.87,4,714.23
2026-01-22 04:00:00,D,4,1,0,626,12.83,641.94,4,718.6
2026-01-22 05:00:00,A,5,1,0,851,10.0,881.45,5,876.34
2026-01-22 05:00:00,B,5,1,0,509,10.0,690.36,6,537.49
2026-01-22 05:00:00,C,5,1,0,750,10.0,731.31,4,728.5
2026-01-22 05:00:00,D,5,1,0,568,10.0,833.87,4,727.38
2026-01-22 06:00:00,A,6,1,0,704,10.0,817.45,5,854.27
2026-01-22 06:00:00,B,6,1,0,663,10.0,734.89,6,644.13
2026-01-22 06:00:00,C,6,1,0,805,10.0,864.7,4,780.9
2026-01-22 06:00:00,D,6,1,0,809,10.0,857.01,4,773.06
2026-01-22 07:00:00,A,7,1,1,1224,13.53,1175.11,5,1270.51
2026-01-22 07:00:00,B,7,1,1,777,25.21,805.29,6,1080.76
2026-01-22 07:00:00,C,7,1,1,1102,10.0,1300.19,4,1221.31
2026-01-22 07:00:00,D,7,1,1,979,10.0,1135.04,4,1184.47
2026-01-22 08:00:00,A,8,1,1,938,12.16,1124.88,5,1299.81
2026-01-22 08:00:00,B,8,1,1,869,10.0,884.0,6,974.95
2026-01-22 08:00:00,C,8,1,1,793,11.89,941.42,4,1157.15
2026-01-22 08:00:00,D,8,1,1,1104,22.8,1233.39,4,1085.03
2026-01-22 09:00:00,A,9,1,1,875,17.73,1369.6,5,1178.17
2026-01-22 09:00:00,B,9,1,1,724,10.0,868.87,6,886.26
2026-01-22 09:00:00,C,9,1,1,855,10.0,1064.25,4,1137.76
2026-01-22 09:00:00,D,9,1,1,811,10.0,1081.94,4,1124.27
2026-01-22 10:00:00,A,10,1,0,727,10.0,818.33,5,652.82
2026-01-22 10:00:00,B,10,1,0,476,10.0,610.51,6,514.98
2026-01-22 10:00:00,C,10,1,0,606,23.03,700.84,4,606.5
2026-01-22 10:00:00,D,10,1,0,638,10.0,776.02,4,633.35
2026-01-22 11:00:00,A,11,1,0,530,10.0,800.88,5,585.37
2026-01-22 11:00:00,B,11,1,0,388,10.0,459.5,6,515.04
2026-01-22 11:00:00,C,11,1,0,514,10.0,702.28,4,619.56
2026-01-22 11:00:00,D,11,1,0,621,11.62,689.33,4,495.5
2026-01-22 12:00:00,A,12,1,0,546,24.89,577.46,5,641.63
2026-01-22 12:00:00,B,12,1,0,354,10.0,406.91,6,456.94
2026-01-22 12:00:00,C,12,1,0,573,10.0,548.02,4,482.28
2026-01-22 12:00:00,D,12,1,0,455,10.0,639.85,4,498.37
2026-01-22 13:00:00,A,13,1,0,588,10.0,497.29,5,606.62
2026-01-22 13:00:00,B,13,1,0,377,10.0,488.83,6,431.52
2026-01-22 13:00:00,C,13,1,0,503,10.0,457.54,4,456.33
2026-01-22 13:00:00,D,13,1,0,491,10.86,564.72,4,424.44
2026-01-22 14:00:00,A,14,1,0,474,10.0,547.86,5,519.34
2026-01-22 14:00:00,B,14,1,0,263,10.0,355.68,6,405.44
2026-01-22 14:00:00,C,14,1,0,404,10.0,470.24,4,474.3
2026-01-22 14:00:00,D,14,1,0,455,10.0,472.27,4,354.35
2026-01-22 15:00:00,A,15,1,0,334,10.0,518.64,5,479.82
2026-01-22 15:00:00,B,15,1,0,310,10.0,359.26,6,356.38
2026-01-22 15:00:00,C,15,1,0,301,10.0,434.74,4,351.29
2026-01-22 15:00:00,D,15,1,0,294,13.8,403.31,4,376.05
2026-01-22 16:00:00,A,16,1,1,597,10.0,669.36,5,687.01
2026-01-22 16:00:00,B,16,1,1,402,10.0,480.25,6,547.54
2026-01-22 16:00:00,C,16,1,1,455,10.0,484.54,4,541.91
2026-01-22 16:00:00,D,16,1,1,425,10.0,452.47,4,595.81
2026-01-22 17:00:00,A,17,1,1,496,20.72,603.04,5,666.92
2026-01-22 17:00:00,B,17,1,1,348,10.0,448.01,6,506.88
2026-01-22 17:00:00,C,17,1,1,521,10.0,560.93,4,542.72
2026-01-22 17:00:00,D,17,1,1,418,10.58,490.9,4,636.74
2026-01-22 18:00:00,A,18,1,1,545,10.0,579.4,5,606.35
2026-01-22 18:00:00,B,18,1,1,381,10.0,397.44,6,498.5
2026-01-22 18:00:00,C,18,1,1,473,27.2,492.04,4,542.31
2026-01-22 18:00:00,D,18,1,1,364,10.0,453.76,4,604.08
2026-01-22 19:00:00,A,19,1,1,448,10.0,527.37,5,549.34
2026-01-22 19:00:00,B,19,1,1,317,19.65,391.28,6,553.49
2026-01-22 19:00:00,C,19,1,1,468,10.0,468.5,4,586.43
2026-01-22 19:00:00,D,19,1,1,503,10.0,487.99,4,610.0
2026-01-22 20:00:00,A,20,1,0,403,11.8,363.06,5,283.75
2026-01-22 20:00:00,B,20,1,0,290,10.0,330.08,6,331.44
2026-01-22 20:00:00,C,20,1,0,385,10.0,319.79,4,361.41
2026-01-22 20:00:00,D,20,1,0,366,10.0,328.95,4,301.61
2026-01-22 21:00:00,A,21,1,0,409,10.0,422.56,5,498.14
2026-01-22 21:00:00,B,21,1,0,264,14.27,346.4,6,229.27
2026-01-22 21:00:00,C,21,1,0,401,10.0,437.12,4,303.89
2026-01-22 21:00:00,D,21,1,0,369,10.58,422.53,4,417.43
2026-01-22 22:00:00,A,22,1,0,447,11.59,491.34,5,489.14
2026-01-22 22:00:00,B,22,1,0,365,10.0,329.13,6,357.33
2026-01-22 22:00:00,C,22,1,0,453,10.0,400.83,4,443.41
2026-01-22 22:00:00,D,22,1,0,351,10.0,472.52,4,347.3
2026-01-22 23:00:00,A,23,1,0,542,10.0,561.83,5,573.87
2026-01-22 23:00:00,B,23,1,0,311,10.0,380.18,6,395.55
2026-01-22 23:00:00,C,23,1,0,531,10.0,547.51,4,434.96
2026-01-22 23:00:00,D,23,1,0,511,10.0,586.46,4,521.18
2026-01-23 00:00:00,A,0,2,0,671,19.99,777.77,5,555.78
2026-01-23 00:00:00,B,0,2,0,484,10.0,503.46,6,608.37
2026-01-23 00:00:00,C,0,2,0,507,10.0,541.09,4,567.24
2026-01-23 00:00:00,D,0,2,0,462,36.26,595.07,4,532.67
2026-01-23 01:00:00,A,1,2,0,667,10.0,754.08,5,681.94
2026-01-23 01:00:00,B,1,2,0,407,10.0,488.11,6,481.62
2026-01-23 01:00:00,C,1,2,0,522,35.36,726.51,4,582.33
2026-01-23 01:00:00,D,1,2,0,619,12.78,717.46,4,674.52
2026-01-23 02:00:00,A,2,2,0,709,10.0,691.62,5,766.97
2026-01-23 02:00:00,B,2,2,0,526,10.0,553.42,6,498.26
2026-01-23 02:00:00,C,2,2,0,666,10.0,810.85,4,738.44
2026-01-23 02:00:00,D,2,2,0,564,16.24,646.94,4,585.91
2026-01-23 03:00:00,A,3,2,0,651,17.3,878.66,5,761.38
2026-01-23 03:00:00,B,3,2,0,457,18.9,682.71,6,491.75
2026-01-23 03:00:00,C,3,2,0,755,11.85,679.04,4,679.23
2026-01-23 03:00:00,D,3,2,0,571,16.4,761.38,4,783.57
2026-01-23 04:00:00,A,4,2,0,883,10.0,991.6,5,812.05
2026-01-23 04:00:00,B,4,2,0,635,10.0,748.16,6,608.26
2026-01-23 04:00:00,C,4,2,0,626,11.74,794.49,4,686.66
2026-01-23 04:00:00,D,4,2,0,565,10.0,921.56,4,745.29
2026-01-23 05:00:00,A,5,2,0,678,10.0,1078.73,5,808.35
2026-01-23 05:00:00,B,5,2,0,517,18.62,687.66,6,598.51
2026-01-23 05:00:00,C,5,2,0,728,29.7,904.5,4,800.35
2026-01-23 05:00:00,D,5,2,0,783,15.78,867.4,4,773.18
2026-01-23 06:00:00,A,6,2,0,838,10.0,1038.02,5,879.86
2026-01-23 06:00:00,B,6,2,0,691,10.0,621.38,6,572.65
2026-01-23 06:00:00,C,6,2,0,720,10.0,911.93,4,770.47
2026-01-23 06:00:00,D,6,2,0,813,12.2,749.18,4,753.59
2026-01-23 07:00:00,A,7,2,1,966,10.0,1356.86,5,1358.71
2026-01-23 07:00:00,B,7,2,1,770,10.0,1101.18,6,1113.61
2026-01-23 07:00:00,C,7,2,1,1175,10.0,998.05,4,1256.45
2026-01-23 07:00:00,D,7,2,1,876,10.0,1145.45,4,1338.4
2026-01-23 08:00:00,A,8,2,1,1100,10.0,1339.71,5,1330.78
2026-01-23 08:00:00,B,8,2,1,654,10.0,981.71,6,882.62
2026-01-23 08:00:00,C,8,2,1,930,10.0,994.41,4,1162.5
2026-01-23 08:00:00,D,8,2,1,1022,11.53,1013.32,4,1126.73
2026-01-23 09:00:00,A,9,2,1,990,10.0,1246.45,5,1315.15
2026-01-23 09:00:00,B,9,2,1,695,10.0,863.17,6,975.41
2026-01-23 09:00:00,C,9,2,1,889,10.0,960.11,4,1144.56
2026-01-23 09:00:00,D,9,2,1,1097,10.0,1127.17,4,1093.44
2026-01-23 10:00:00,A,10,2,0,792,10.0,735.56,5,782.57
2026-01-23 10:00:00,B,10,2,0,502,10.0,572.45,6,590.76
2026-01-23 10:00:00,C,10,2,0,744,10.0,780.77,4,671.77
2026-01-23 10:00:00,D,10,2,0,523,10.0,778.04,4,675.97
2026-01-23 11:00:00,A,11,2,0,585,10.0,786.04,5,693.13
2026-01-23 11:00:00,B,11,2,0,450,22.25,461.98,6,495.47
2026-01-23 11:00:00,C,11,2,0,530,21.47,760.61,4,582.29
2026-01-23 11:00:00,D,11,2,0,617,10.0,666.1,4,570.64
2026-01-23 12:00:00,A,12,2,0,522,10.0,736.97,5,625.85
2026-01-23 12:00:00,B,12,2,0,491,10.0,543.88,6,546.43
2026-01-23 12:00:00,C,12,2,0,462,10.0,689.71,4,629.38
2026-01-23 12:00:00,D,12,2,0,538,10.0,537.54,4,518.14
2026-01-23 13:00:00,A,13,2,0,601,10.0,684.13,5,510.35
2026-01-23 13:00:00,B,13,2,0,360,10.0,412.0,6,347.49
2026-01-23 13:00:00,C,13,2,0,398,10.0,567.43,4,500.39
2026-01-23 13:00:00,D,13,2,0,431,10.0,445.37,4,555.51
2026-01-23 14:00:00,A,14,2,0,395,10.0,588.94,5,578.98
2026-01-23 14:00:00,B,14,2,0,399,14.76,420.28,6,377.86
2026-01-23 14:00:00,C,14,2,0,447,10.0,424.38,4,457.07
2026-01-23 14:00:00,D,14,2,0,386,10.0,474.51,4,467.0
2026-01-23 15:00:00,A,15,2,0,460,10.0,490.97,5,501.89
2026-01-23 15:00:00,B,15,2,0,310,17.78,391.76,6,356.39
2026-01-23 15:00:00,C,15,2,0,407,10.0,484.1,4,388.21
2026-01-23 15:00:00,D,15,2,0,350,18.43,360.6,4,508.28
2026-01-23 16:00:00,A,16,2,1,491,10.0,560.24,5,694.08
2026-01-23 16:00:00,B,16,2,1,426,10.0,395.89,6,487.49
2026-01-23 16:00:00,C,16,2,1,408,10.0,640.87,4,628.53
2026-01-23 16:00:00,D,16,2,1,560,10.0,558.01,4,667.42
2026-01-23 17:00:00,A,17,2,1,417,10.0,535.37,5,662.15
2026-01-23 17:00:00,B,17,2,1,343,10.0,493.9,6,494.27
2026-01-23 17:00:00,C,17,2,1,526,10.0,569.99,4,568.64
2026-01-23 17:00:00,D,17,2,1,520,15.54,444.59,4,529.87
2026-01-23 18:00:00,A,18,2,1,457,12.16,514.06,5,672.23
2026-01-23 18:00:00,B,18,2,1,329,10.0,376.75,6,476.97
2026-01-23 18:00:00,C,18,2,1,468,10.0,488.87,4,597.93
2026-01-23 18:00:00,D,18,2,1,435,15.38,446.52,4,612.4
2026-01-23 19:00:00,A,19,2,1,594,10.0,541.61,5,707.15
2026-01-23 19:00:00,B,19,2,1,424,10.0,466.08,6,484.16
2026-01-23 19:00:00,C,19,2,1,528,10.0,516.67,4,528.1
2026-01-23 19:00:00,D,19,2,1,409,11.29,519.23,4,686.42
2026-01-23 20:00:00,A,20,2,0,379,10.0,378.81,5,330.61
2026-01-23 20:00:00,B,20,2,0,248,10.0,331.63,6,248.97
2026-01-23 20:00:00,C,20,2,0,334,13.07,338.42,4,356.91
2026-01-23 20:00:00,D,20,2,0,290,10.0,336.16,4,350.97
2026-01-23 21:00:00,A,21,2,0,411,21.37,454.27,5,367.57
2026-01-23 21:00:00,B,21,2,0,357,13.29,366.46,6,371.38
2026-01-23 21:00:00,C,21,2,0,384,10.0,411.94,4,429.89
2026-01-23 21:00:00,D,21,2,0,417,10.0,416.54,4,439.7
2026-01-23 22:00:00,A,22,2,0,386,10.0,503.24,5,435.47
2026-01-23 22:00:00,B,22,2,0,375,18.46,329.2,6,330.62
2026-01-23 22:00:00,C,22,2,0,449,10.0,505.09,4,437.17
2026-01-23 22:00:00,D,22,2,0,450,17.26,399.44,4,528.52
2026-01-23 23:00:00,A,23,2,0,543,10.0,581.69,5,542.87
2026-01-23 23:00:00,B,23,2,0,431,10.0,508.62,6,362.83
2026-01-23 23:00:00,C,23,2,0,543,10.37,558.52,4,529.13
2026-01-23 23:00:00,D,23,2,0,501,10.0,526.16,4,434.68
2026-01-24 00:00:00,A,0,3,0,585,27.79,627.87,5,651.25
2026-01-24 00:00:00,B,0,3,0,481,24.2,550.93,6,401.43
2026-01-24 00:00:00,C,0,3,0,481,10.0,683.48,4,532.67
2026-01-24 00:00:00,D,0,3,0,538,27.96,613.26,4,559.94
2026-01-24 01:00:00,A,1,3,0,579,10.0,777.72,5,589.68
2026-01-24 01:00:00,B,1,3,0,492,10.0,546.11,6,494.06
2026-01-24 01:00:00,C,1,3,0,511,10.0,639.53,4,710.91
2026-01-24 01:00:00,D,1,3,0,653,22.35,566.54,4,597.29
2026-01-24 02:00:00,A,2,3,0,577,10.0,901.49,5,736.16
2026-01-24 02:00:00,B,2,3,0,456,10.0,537.04,6,572.61
2026-01-24 02:00:00,C,2,3,0,703,10.0,659.27,4,664.86
2026-01-24 02:00:00,D,2,3,0,504,10.0,604.67,4,649.23
2026-01-24 03:00:00,A,3,3,0,690,30.16,933.86,5,794.29
2026-01-24 03:00:00,B,3,3,0,576,10.0,633.8,6,666.05
2026-01-24 03:00:00,C,3,3,0,761,23.07,692.81,4,779.59
2026-01-24 03:00:00,D,3,3,0,625,10.0,683.59,4,688.35
2026-01-24 04:00:00,A,4,3,0,773,10.0,1043.83,5,884.43
2026-01-24 04:00:00,B,4,3,0,552,25.4,621.71,6,639.46
2026-01-24 04:00:00,C,4,3,0,614,10.0,792.8,4,767.1
2026-01-24 04:00:00,D,4,3,0,562,20.71,816.82,4,704.14
2026-01-24 05:00:00,A,5,3,0,828,10.0,925.11,5,887.05
2026-01-24 05:00:00,B,5,3,0,590,12.25,637.9,6,652.01
2026-01-24 05:00:00,C,5,3,0,610,22.73,956.05,4,780.97
2026-01-24 05:00:00,D,5,3,0,728,10.0,758.32,4,805.55
2026-01-24 06:00:00,A,6,3,0,732,33.95,854.06,5,853.24
2026-01-24 06:00:00,B,6,3,0,647,14.2,756.82,6,705.86
2026-01-24 06:00:00,C,6,3,0,666,10.54,970.0,4,741.42
2026-01-24 06:00:00,D,6,3,0,785,10.73,696.54,4,796.39
2026-01-24 07:00:00,A,7,3,1,1345,10.0,1305.59,5,1323.71
2026-01-24 07:00:00,B,7,3,1,823,10.0,901.28,6,975.24
2026-01-24 07:00:00,C,7,3,1,1165,10.0,1337.45,4,1180.65
2026-01-24 07:00:00,D,7,3,1,843,10.0,1268.29,4,1241.73
2026-01-24 08:00:00,A,8,3,1,1106,10.0,1319.64,5,1371.95
2026-01-24 08:00:00,B,8,3,1,899,12.84,846.86,6,1098.98
2026-01-24 08:00:00,C,8,3,1,817,18.0,980.48,4,1119.18
2026-01-24 08:00:00,D,8,3,1,905,25.23,1162.1,4,1079.44
2026-01-24 09:00:00,A,9,3,1,898,10.0,1399.43,5,1170.48
2026-01-24 09:00:00,B,9,3,1,713,19.59,858.83,6,1031.27
2026-01-24 09:00:00,C,9,3,1,927,33.28,1115.26,4,1151.3
2026-01-24 09:00:00,D,9,3,1,849,10.0,1098.42,4,1111.36
2026-01-24 10:00:00,A,10,3,0,722,10.0,818.97,5,755.32
2026-01-24 10:00:00,B,10,3,0,592,10.0,499.54,6,551.61
2026-01-24 10:00:00,C,10,3,0,535,10.0,709.67,4,639.72
2026-01-24 10:00:00,D,10,3,0,550,25.16,669.39,4,688.3
2026-01-24 11:00:00,A,11,3,0,605,12.46,693.35,5,696.23
2026-01-24 11:00:00,B,11,3,0,498,10.0,525.85,6,506.48
2026-01-24 11:00:00,C,11,3,0,627,29.33,750.79,4,648.42
2026-01-24 11:00:00,D,11,3,0,582,10.0,616.57,4,628.43
2026-01-24 12:00:00,A,12,3,0,636,10.0,694.15,5,608.56
2026-01-24 12:00:00,B,12,3,0,458,17.21,467.31,6,463.87
2026-01-24 12:00:00,C,12,3,0,445,12.21,567.93,4,569.35
2026-01-24 12:00:00,D,12,3,0,498,14.76,652.2,4,535.98
2026-01-24 13:00:00,A,13,3,0,496,10.0,654.33,5,644.36
2026-01-24 13:00:00,B,13,3,0,315,10.0,418.17,6,445.55
2026-01-24 13:00:00,C,13,3,0,405,10.0,510.25,4,498.94
2026-01-24 13:00:00,D,13,3,0,506,10.0,455.95,4,553.8
2026-01-24 14:00:00,A,14,3,0,424,28.69,507.54,5,489.71
2026-01-24 14:00:00,B,14,3,0,333,11.55,434.42,6,394.83
2026-01-24 14:00:00,C,14,3,0,460,12.73,522.98,4,400.26
2026-01-24 14:00:00,D,14,3,0,399,17.96,431.14,4,377.36
2026-01-24 15:00:00,A,15,3,0,462,11.57,500.72,5,512.13
2026-01-24 15:00:00,B,15,3,0,333,10.0,384.43,6,338.07
2026-01-24 15:00:00,C,15,3,0,429,13.84,423.94,4,397.02
2026-01-24 15:00:00,D,15,3,0,392,10.0,372.03,4,429.12
2026-01-24 16:00:00,A,16,3,1,597,10.0,716.53,5,606.86
2026-01-24 16:00:00,B,16,3,1,450,10.0,514.72,6,525.0
2026-01-24 16:00:00,C,16,3,1,447,13.41,585.34,4,644.42
2026-01-24 16:00:00,D,16,3,1,503,31.26,612.36,4,681.97
2026-01-24 17:00:00,A,17,3,1,563,10.0,509.3,5,706.85
2026-01-24 17:00:00,B,17,3,1,344,21.65,397.08,6,575.2
2026-01-24 17:00:00,C,17,3,1,370,10.0,463.57,4,569.32
2026-01-24 17:00:00,D,17,3,1,502,24.88,545.36,4,600.09
2026-01-24 18:00:00,A,18,3,1,481,10.0,657.0,5,667.83
2026-01-24 18:00:00,B,18,3,1,328,10.0,473.76,6,581.34
2026-01-24 18:00:00,C,18,3,1,417,10.0,591.06,4,638.42
2026-01-24 18:00:00,D,18,3,1,431,10.0,458.31,4,574.67
2026-01-24 19:00:00,A,19,3,1,593,10.0,646.08,5,725.56
2026-01-24 19:00:00,B,19,3,1,314,14.62,417.81,6,508.82
2026-01-24 19:00:00,C,19,3,1,492,15.43,596.65,4,637.87
2026-01-24 19:00:00,D,19,3,1,494,10.0,532.98,4,587.01
2026-01-24 20:00:00,A,20,3,0,363,10.0,456.93,5,372.27
2026-01-24 20:00:00,B,20,3,0,277,10.0,289.46,6,269.13
2026-01-24 20:00:00,C,20,3,0,290,10.0,437.23,4,482.89
2026-01-24 20:00:00,D,20,3,0,301,10.0,422.48,4,406.31
2026-01-24 21:00:00,A,21,3,0,379,11.97,449.52,5,468.37
2026-01-24 21:00:00,B,21,3,0,287,16.54,373.96,6,344.41
2026-01-24 21:00:00,C,21,3,0,425,10.0,472.42,4,430.57
2026-01-24 21:00:00,D,21,3,0,348,13.28,427.88,4,353.77
2026-01-24 22:00:00,A,22,3,0,449,10.0,469.21,5,548.45
2026-01-24 22:00:00,B,22,3,0,331,10.0,439.43,6,370.94
2026-01-24 22:00:00,C,22,3,0,425,28.85,430.17,4,431.7
2026-01-24 22:00:00,D,22,3,0,372,10.0,534.09,4,469.79
2026-01-24 23:00:00,A,23,3,0,570,10.0,583.78,5,541.98
2026-01-24 23:00:00,B,23,3,0,341,20.58,463.1,6,403.11
2026-01-24 23:00:00,C,23,3,0,416,17.48,626.61,4,468.24
2026-01-24 23:00:00,D,23,3,0,428,10.0,527.64,4,486.16
2026-01-25 00:00:00,A,0,4,0,684,10.0,775.27,5,586.84
2026-01-25 00:00:00,B,0,4,0,416,10.0,450.58,6,461.61
2026-01-25 00:00:00,C,0,4,0,551,10.0,536.99,4,545.53
2026-01-25 00:00:00,D,0,4,0,569,11.98,566.74,4,526.5
2026-01-25 01:00:00,A,1,4,0,690,10.0,628.03,5,660.12
2026-01-25 01:00:00,B,1,4,0,396,10.0,559.12,6,421.79
2026-01-25 01:00:00,C,1,4,0,680,12.22,645.79,4,605.01
2026-01-25 01:00:00,D,1,4,0,620,16.77,589.8,4,606.21
2026-01-25 02:00:00,A,2,4,0,575,10.0,814.71,5,725.45
2026-01-25 02:00:00,B,2,4,0,519,10.0,517.98,6,527.87
2026-01-25 02:00:00,C,2,4,0,616,10.0,777.07,4,650.99
2026-01-25 02:00:00,D,2,4,0,516,29.56,672.74,4,660.72
2026-01-25 03:00:00,A,3,4,0,777,10.0,731.03,5,731.24
2026-01-25 03:00:00,B,3,4,0,606,29.31,649.64,6,581.58
2026-01-25 03:00:00,C,3,4,0,672,10.0,801.59,4,772.98
2026-01-25 03:00:00,D,3,4,0,680,10.0,867.91,4,683.43
2026-01-25 04:00:00,A,4,4,0,810,10.0,891.41,5,851.0
2026-01-25 04:00:00,B,4,4,0,494,10.0,692.37,6,590.25
2026-01-25 04:00:00,C,4,4,0,582,15.27,806.13,4,824.41
2026-01-25 04:00:00,D,4,4,0,630,16.44,820.14,4,761.13
2026-01-25 05:00:00,A,5,4,0,667,10.0,812.96,5,888.78
2026-01-25 05:00:00,B,5,4,0,654,13.79,742.09,6,695.79
2026-01-25 05:00:00,C,5,4,0,747,10.0,949.69,4,891.88
2026-01-25 05:00:00,D,5,4,0,707,18.54,808.84,4,762.74
2026-01-25 06:00:00,A,6,4,0,827,21.87,794.33,5,861.36
2026-01-25 06:00:00,B,6,4,0,586,10.0,722.37,6,570.01
2026-01-25 06:00:00,C,6,4,0,766,30.3,900.52,4,775.92
2026-01-25 06:00:00,D,6,4,0,665,14.79,840.97,4,819.11
2026-01-25 07:00:00,A,7,4,1,1209,10.0,1134.29,5,1327.52
2026-01-25 07:00:00,B,7,4,1,818,10.0,841.58,6,965.48
2026-01-25 07:00:00,C,7,4,1,943,10.0,1210.09,4,1320.58
2026-01-25 07:00:00,D,7,4,1,1009,10.0,1230.29,4,1168.23
2026-01-25 08:00:00,A,8,4,1,1239,10.0,1425.29,5,1303.63
2026-01-25 08:00:00,B,8,4,1,925,10.0,1047.98,6,1009.66
2026-01-25 08:00:00,C,8,4,1,1021,21.33,1090.9,4,1181.62
2026-01-25 08:00:00,D,8,4,1,916,10.0,988.06,4,1150.1
2026-01-25 09:00:00,A,9,4,1,908,10.0,1239.92,5,1236.52
2026-01-25 09:00:00,B,9,4,1,878,16.15,954.67,6,826.05
2026-01-25 09:00:00,C,9,4,1,997,28.83,1160.8,4,1152.81
2026-01-25 09:00:00,D,9,4,1,963,17.31,1226.6,4,1109.87
2026-01-25 10:00:00,A,10,4,0,573,19.97,853.09,5,718.85
2026-01-25 10:00:00,B,10,4,0,447,10.0,679.29,6,541.73
2026-01-25 10:00:00,C,10,4,0,733,11.78,718.5,4,623.7
2026-01-25 10:00:00,D,10,4,0,542,28.33,657.64,4,624.86
2026-01-25 11:00:00,A,11,4,0,537,10.0,764.45,5,711.74
2026-01-25 11:00:00,B,11,4,0,432,10.0,560.31,6,556.35
2026-01-25 11:00:00,C,11,4,0,616,14.79,714.49,4,586.06
2026-01-25 11:00:00,D,11,4,0,628,10.0,594.24,4,636.43
2026-01-25 12:00:00,A,12,4,0,640,10.0,632.69,5,586.73
2026-01-25 12:00:00,B,12,4,0,481,10.0,539.04,6,520.65
2026-01-25 12:00:00,C,12,4,0,520,10.0,685.33,4,590.75
2026-01-25 12:00:00,D,12,4,0,463,10.0,533.34,4,570.24
2026-01-25 13:00:00,A,13,4,0,578,10.0,668.18,5,524.41
2026-01-25 13:00:00,B,13,4,0,422,10.0,450.11,6,378.91
2026-01-25 13:00:00,C,13,4,0,451,10.0,551.59,4,543.49
2026-01-25 13:00:00,D,13,4,0,508,10.0,603.02,4,452.27
2026-01-25 14:00:00,A,14,4,0,527,10.0,525.85,5,416.44
2026-01-25 14:00:00,B,14,4,0,286,10.0,330.65,6,352.01
2026-01-25 14:00:00,C,14,4,0,358,10.0,481.76,4,394.05
2026-01-25 14:00:00,D,14,4,0,396,10.0,445.51,4,435.52
2026-01-25 15:00:00,A,15,4,0,476,20.53,540.61,5,489.3
2026-01-25 15:00:00,B,15,4,0,279,10.0,342.02,6,291.75
2026-01-25 15:00:00,C,15,4,0,307,14.94,378.46,4,363.42
2026-01-25 15:00:00,D,15,4,0,364,10.0,379.79,4,410.71
2026-01-25 16:00:00,A,16,4,1,612,10.0,533.23,5,703.01
2026-01-25 16:00:00,B,16,4,1,385,10.0,448.35,6,514.89
2026-01-25 16:00:00,C,16,4,1,448,17.23,553.98,4,595.87
2026-01-25 16:00:00,D,16,4,1,518,10.0,535.15,4,610.76
2026-01-25 17:00:00,A,17,4,1,558,10.0,504.41,5,580.82
2026-01-25 17:00:00,B,17,4,1,376,15.1,448.06,6,499.34
2026-01-25 17:00:00,C,17,4,1,381,10.0,538.23,4,651.89
2026-01-25 17:00:00,D,17,4,1,454,10.0,446.02,4,602.0
2026-01-25 18:00:00,A,18,4,1,490,10.0,543.34,5,544.5
2026-01-25 18:00:00,B,18,4,1,373,10.0,361.96,6,435.03
2026-01-25 18:00:00,C,18,4,1,504,10.0,459.6,4,617.56
2026-01-25 18:00:00,D,18,4,1,429,10.0,433.0,4,604.0
2026-01-25 19:00:00,A,19,4,1,584,10.0,552.02,5,712.25
2026-01-25 19:00:00,B,19,4,1,329,10.0,360.76,6,499.04
2026-01-25 19:00:00,C,19,4,1,415,10.0,465.03,4,635.3
2026-01-25 19:00:00,D,19,4,1,505,12.3,584.93,4,570.6
2026-01-25 20:00:00,A,20,4,0,409,10.0,432.77,5,370.18
2026-01-25 20:00:00,B,20,4,0,305,16.86,323.63,6,372.5
2026-01-25 20:00:00,C,20,4,0,288,10.0,354.81,4,411.13
2026-01-25 20:00:00,D,20,4,0,281,10.54,411.76,4,259.94
2026-01-25 21:00:00,A,21,4,0,449,13.97,407.45,5,509.94
2026-01-25 21:00:00,B,21,4,0,349,11.67,374.12,6,286.42
2026-01-25 21:00:00,C,21,4,0,362,25.73,406.67,4,449.98
2026-01-25 21:00:00,D,21,4,0,411,10.0,387.09,4,417.03
2026-01-25 22:00:00,A,22,4,0,463,10.0,452.25,5,443.82
2026-01-25 22:00:00,B,22,4,0,358,10.0,370.56,6,380.65
2026-01-25 22:00:00,C,22,4,0,428,10.0,514.58,4,519.5
2026-01-25 22:00:00,D,22,4,0,453,10.0,442.58,4,466.6
2026-01-25 23:00:00,A,23,4,0,514,10.0,570.37,5,528.34
2026-01-25 23:00:00,B,23,4,0,434,10.0,457.06,6,405.82
2026-01-25 23:00:00,C,23,4,0,545,26.31,482.04,4,548.73
2026-01-25 23:00:00,D,23,4,0,494,10.0,493.14,4,462.16
2026-01-26 00:00:00,A,0,5,0,512,10.0,607.7,5,522.45
2026-01-26 00:00:00,B,0,5,0,429,11.63,558.2,6,475.83
2026-01-26 00:00:00,C,0,5,0,436,10.0,613.22,4,518.3
2026-01-26 00:00:00,D,0,5,0,536,10.0,605.11,4,516.18
2026-01-26 01:00:00,A,1,5,0,534,10.44,620.97,5,778.05
2026-01-26 01:00:00,B,1,5,0,490,10.0,557.86,6,516.59
2026-01-26 01:00:00,C,1,5,0,561,31.22,667.53,4,615.54
2026-01-26 01:00:00,D,1,5,0,539,10.0,625.58,4,610.29
2026-01-26 02:00:00,A,2,5,0,602,10.0,834.45,5,780.59
2026-01-26 02:00:00,B,2,5,0,460,35.38,587.37,6,515.98
2026-01-26 02:00:00,C,2,5,0,552,10.0,724.87,4,632.29
2026-01-26 02:00:00,D,2,5,0,698,14.99,657.25,4,671.07
2026-01-26 03:00:00,A,3,5,0,604,18.33,953.19,5,722.87
2026-01-26 03:00:00,B,3,5,0,445,10.0,555.2,6,615.09
2026-01-26 03:00:00,C,3,5,0,704,10.0,795.68,4,736.48
2026-01-26 03:00:00,D,3,5,0,544,10.0,788.0,4,782.81
2026-01-26 04:00:00,A,4,5,0,808,10.0,785.51,5,888.1
2026-01-26 04:00:00,B,4,5,0,491,10.0,747.58,6,533.94
2026-01-26 04:00:00,C,4,5,0,638,10.0,835.57,4,800.94
2026-01-26 04:00:00,D,4,5,0,641,16.09,801.42,4,767.89
2026-01-26 05:00:00,A,5,5,0,747,10.0,879.72,5,941.26
2026-01-26 05:00:00,B,5,5,0,594,10.0,615.8,6,622.37
2026-01-26 05:00:00,C,5,5,0,762,10.0,966.4,4,724.93
2026-01-26 05:00:00,D,5,5,0,709,10.0,828.24,4,758.23
2026-01-26 06:00:00,A,6,5,0,789,10.0,830.85,5,912.93
2026-01-26 06:00:00,B,6,5,0,611,22.76,603.61,6,749.93
2026-01-26 06:00:00,C,6,5,0,607,10.0,918.33,4,826.82
2026-01-26 06:00:00,D,6,5,0,761,10.0,892.46,4,807.32
2026-01-26 07:00:00,A,7,5,1,953,10.0,1324.29,5,1357.32
2026-01-26 07:00:00,B,7,5,1,710,22.72,883.54,6,989.07
2026-01-26 07:00:00,C,7,5,1,971,16.27,1369.0,4,1238.12
2026-01-26 07:00:00,D,7,5,1,1182,11.89,1124.23,4,1156.03
2026-01-26 08:00:00,A,8,5,1,1047,10.0,1331.84,5,1284.19
2026-01-26 08:00:00,B,8,5,1,779,17.91,960.36,6,990.76
2026-01-26 08:00:00,C,8,5,1,1042,15.73,1308.58,4,1207.43
2026-01-26 08:00:00,D,8,5,1,826,10.0,1301.35,4,1269.7
2026-01-26 09:00:00,A,9,5,1,1204,18.73,1215.67,5,1205.8
2026-01-26 09:00:00,B,9,5,1,849,10.0,1010.67,6,983.19
2026-01-26 09:00:00,C,9,5,1,1055,10.0,1030.62,4,1133.74
2026-01-26 09:00:00,D,9,5,1,916,10.0,1244.1,4,1069.34
2026-01-26 10:00:00,A,10,5,0,713,10.0,833.46,5,781.53
2026-01-26 10:00:00,B,10,5,0,555,15.16,650.22,6,530.05
2026-01-26 10:00:00,C,10,5,0,687,10.0,652.13,4,671.92
2026-01-26 10:00:00,D,10,5,0,650,10.0,716.14,4,746.94
2026-01-26 11:00:00,A,11,5,0,649,13.66,626.53,5,732.94
2026-01-26 11:00:00,B,11,5,0,400,10.0,573.04,6,532.25
2026-01-26 11:00:00,C,11,5,0,574,10.0,765.5,4,648.86
2026-01-26 11:00:00,D,11,5,0,528,10.0,719.82,4,555.04
2026-01-26 12:00:00,A,12,5,0,539,24.67,587.33,5,655.33
2026-01-26 12:00:00,B,12,5,0,483,33.89,493.06,6,417.21
2026-01-26 12:00:00,C,12,5,0,566,10.0,657.4,4,596.27
2026-01-26 12:00:00,D,12,5,0,568,10.0,656.74,4,564.31
2026-01-26 13:00:00,A,13,5,0,534,13.47,638.11,5,514.22
2026-01-26 13:00:00,B,13,5,0,317,10.0,483.91,6,377.92
2026-01-26 13:00:00,C,13,5,0,476,10.0,615.47,4,533.54
2026-01-26 13:00:00,D,13,5,0,412,10.0,466.88,4,533.74
2026-01-26 14:00:00,A,14,5,0,465,10.0,594.17,5,539.84
2026-01-26 14:00:00,B,14,5,0,303,25.54,391.63,6,315.32
2026-01-26 14:00:00,C,14,5,0,395,10.0,498.9,4,517.12
2026-01-26 14:00:00,D,14,5,0,343,10.0,470.12,4,476.01
2026-01-26 15:00:00,A,15,5,0,490,10.0,414.89,5,428.09
2026-01-26 15:00:00,B,15,5,0,287,17.26,340.75,6,314.0
2026-01-26 15:00:00,C,15,5,0,415,10.0,431.27,4,325.81
2026-01-26 15:00:00,D,15,5,0,420,10.0,402.19,4,344.77
2026-01-26 16:00:00,A,16,5,1,630,10.0,715.94,5,654.23
2026-01-26 16:00:00,B,16,5,1,362,15.16,476.8,6,451.08
2026-01-26 16:00:00,C,16,5,1,430,10.0,597.82,4,614.58
2026-01-26 16:00:00,D,16,5,1,520,10.0,626.78,4,642.52
2026-01-26 17:00:00,A,17,5,1,480,10.0,490.25,5,698.39
2026-01-26 17:00:00,B,17,5,1,321,26.54,475.25,6,452.48
2026-01-26 17:00:00,C,17,5,1,539,12.17,519.95,4,595.05
2026-01-26 17:00:00,D,17,5,1,434,10.0,465.57,4,637.26
2026-01-26 18:00:00,A,18,5,1,436,12.4,495.34,5,626.69
2026-01-26 18:00:00,B,18,5,1,411,17.55,357.62,6,493.67
2026-01-26 18:00:00,C,18,5,1,462,10.0,463.82,4,597.75
2026-01-26 18:00:00,D,18,5,1,499,20.01,505.3,4,512.86
2026-01-26 19:00:00,A,19,5,1,512,11.45,501.47,5,565.06
2026-01-26 19:00:00,B,19,5,1,313,12.44,402.22,6,524.53
2026-01-26 19:00:00,C,19,5,1,519,23.08,587.88,4,540.68
2026-01-26 19:00:00,D,19,5,1,399,10.0,573.74,4,554.66
2026-01-26 20:00:00,A,20,5,0,439,10.0,440.07,5,488.43
2026-01-26 20:00:00,B,20,5,0,268,10.0,364.0,6,323.73
2026-01-26 20:00:00,C,20,5,0,285,10.0,346.57,4,368.26
2026-01-26 20:00:00,D,20,5,0,383,15.99,369.84,4,431.8
2026-01-26 21:00:00,A,21,5,0,483,10.0,403.43,5,507.39
2026-01-26 21:00:00,B,21,5,0,309,10.0,403.8,6,294.91
2026-01-26 21:00:00,C,21,5,0,349,10.0,415.39,4,367.81
2026-01-26 21:00:00,D,21,5,0,405,10.0,427.64,4,341.94
2026-01-26 22:00:00,A,22,5,0,542,12.62,595.14,5,448.01
2026-01-26 22:00:00,B,22,5,0,363,10.0,431.58,6,339.82
2026-01-26 22:00:00,C,22,5,0,398,10.0,412.24,4,449.39
2026-01-26 22:00:00,D,22,5,0,426,10.0,433.87,4,434.07
2026-01-26 23:00:00,A,23,5,0,449,10.0,561.78,5,574.58
2026-01-26 23:00:00,B,23,5,0,357,10.0,425.99,6,427.86
2026-01-26 23:00:00,C,23,5,0,381,19.65,495.69,4,481.34
2026-01-26 23:00:00,D,23,5,0,427,10.0,578.33,4,432.91
2026-01-27 00:00:00,A,0,6,0,555,10.39,772.66,5,653.72
2026-01-27 00:00:00,B,0,6,0,426,10.0,419.7,6,486.89
2026-01-27 00:00:00,C,0,6,0,599,30.53,689.84,4,549.84
2026-01-27 00:00:00,D,0,6,0,506,10.0,528.77,4,598.46
2026-01-27 01:00:00,A,1,6,0,669,10.0,695.76,5,629.21
2026-01-27 01:00:00,B,1,6,0,428,10.0,614.34,6,539.36
2026-01-27 01:00:00,C,1,6,0,519,10.0,642.35,4,608.53
2026-01-27 01:00:00,D,1,6,0,659,11.1,574.6,4,569.69
2026-01-27 02:00:00,A,2,6,0,715,10.0,746.84,5,662.89
2026-01-27 02:00:00,B,2,6,0,472,10.0,677.15,6,597.23
2026-01-27 02:00:00,C,2,6,0,571,23.9,668.2,4,717.29
2026-01-27 02:00:00,D,2,6,0,679,13.22,703.45,4,657.96
2026-01-27 03:00:00,A,3,6,0,757,15.14,998.62,5,801.77
2026-01-27 03:00:00,B,3,6,0,630,10.0,633.2,6,637.54
2026-01-27 03:00:00,C,3,6,0,663,10.0,772.65,4,702.37
2026-01-27 03:00:00,D,3,6,0,703,10.0,672.18,4,710.52
2026-01-27 04:00:00,A,4,6,0,833,17.29,871.18,5,867.14
2026-01-27 04:00:00,B,4,6,0,574,10.0,665.17,6,559.93
2026-01-27 04:00:00,C,4,6,0,721,14.13,842.07,4,863.3
2026-01-27 04:00:00,D,4,6,0,809,10.0,869.24,4,685.25
2026-01-27 05:00:00,A,5,6,0,835,10.0,1077.73,5,801.79
2026-01-27 05:00:00,B,5,6,0,500,10.0,602.38,6,635.47
2026-01-27 05:00:00,C,5,6,0,708,19.69,844.1,4,804.86
2026-01-27 05:00:00,D,5,6,0,605,16.15,796.95,4,756.5
2026-01-27 06:00:00,A,6,6,0,818,29.09,884.78,5,810.45
2026-01-27 06:00:00,B,6,6,0,687,10.0,596.48,6,629.8
2026-01-27 06:00:00,C,6,6,0,622,10.0,726.45,4,848.15
2026-01-27 06:00:00,D,6,6,0,843,10.0,736.56,4,725.2
2026-01-27 07:00:00,A,7,6,1,1245,11.06,1466.63,5,1320.6
2026-01-27 07:00:00,B,7,6,1,783,10.0,1025.89,6,961.87
2026-01-27 07:00:00,C,7,6,1,932,10.0,1077.85,4,1264.47
2026-01-27 07:00:00,D,7,6,1,863,16.13,1158.1,4,1191.55
2026-01-27 08:00:00,A,8,6,1,1280,19.07,1479.12,5,1344.69
2026-01-27 08:00:00,B,8,6,1,829,31.72,991.16,6,1011.35
2026-01-27 08:00:00,C,8,6,1,931,20.24,1030.81,4,1149.93
2026-01-27 08:00:00,D,8,6,1,927,13.76,1018.48,4,1163.77
2026-01-27 09:00:00,A,9,6,1,1020,21.14,1178.53,5,1285.05
2026-01-27 09:00:00,B,9,6,1,796,17.37,813.03,6,994.35
2026-01-27 09:00:00,C,9,6,1,900,14.71,1046.56,4,1102.64
2026-01-27 09:00:00,D,9,6,1,1086,15.81,982.53,4,1156.27
2026-01-27 10:00:00,A,10,6,0,715,18.19,682.67,5,728.64
2026-01-27 10:00:00,B,10,6,0,591,10.0,595.04,6,612.6
2026-01-27 10:00:00,C,10,6,0,575,10.0,772.29,4,669.52
2026-01-27 10:00:00,D,10,6,0,645,10.0,625.61,4,671.07
2026-01-27 11:00:00,A,11,6,0,518,10.0,760.84,5,693.14
2026-01-27 11:00:00,B,11,6,0,403,10.0,500.75,6,561.91
2026-01-27 11:00:00,C,11,6,0,489,11.86,687.82,4,626.53
2026-01-27 11:00:00,D,11,6,0,610,10.0,641.29,4,565.24
2026-01-27 12:00:00,A,12,6,0,620,14.29,711.04,5,585.73
2026-01-27 12:00:00,B,12,6,0,418,10.0,496.65,6,442.61
2026-01-27 12:00:00,C,12,6,0,519,10.0,599.87,4,552.34
2026-01-27 12:00:00,D,12,6,0,488,10.0,605.95,4,584.69
2026-01-27 13:00:00,A,13,6,0,469,13.8,644.58,5,567.95
2026-01-27 13:00:00,B,13,6,0,324,12.86,420.59,6,351.72
2026-01-27 13:00:00,C,13,6,0,423,10.0,515.14,4,486.75
2026-01-27 13:00:00,D,13,6,0,532,10.0,542.45,4,470.03
2026-01-27 14:00:00,A,14,6,0,408,18.11,466.82,5,453.66
2026-01-27 14:00:00,B,14,6,0,338,10.0,405.11,6,373.05
2026-01-27 14:00:00,C,14,6,0,397,10.0,444.39,4,428.34
2026-01-27 14:00:00,D,14,6,0,425,10.0,429.95,4,467.67
2026-01-27 15:00:00,A,15,6,0,444,18.49,468.05,5,481.19
2026-01-27 15:00:00,B,15,6,0,255,26.01,369.28,6,402.52
2026-01-27 15:00:00,C,15,6,0,420,10.0,370.99,4,457.87
2026-01-27 15:00:00,D,15,6,0,389,22.96,402.14,4,419.93
2026-01-27 16:00:00,A,16,6,1,458,10.0,572.86,5,650.03
2026-01-27 16:00:00,B,16,6,1,445,11.48,525.55,6,477.71
2026-01-27 16:00:00,C,16,6,1,529,10.0,492.14,4,752.97
2026-01-27 16:00:00,D,16,6,1,524,10.0,532.12,4,628.41
2026-01-27 17:00:00,A,17,6,1,503,16.48,553.13,5,665.28
2026-01-27 17:00:00,B,17,6,1,358,11.47,358.35,6,444.85
2026-01-27 17:00:00,C,17,6,1,433,26.81,507.81,4,611.48
2026-01-27 17:00:00,D,17,6,1,519,10.0,464.62,4,632.18
2026-01-27 18:00:00,A,18,6,1,534,26.76,609.32,5,628.67
2026-01-27 18:00:00,B,18,6,1,347,10.0,396.81,6,551.39
2026-01-27 18:00:00,C,18,6,1,438,41.1,582.07,4,629.23
2026-01-27 18:00:00,D,18,6,1,360,10.0,565.29,4,493.2
2026-01-27 19:00:00,A,19,6,1,588,27.18,651.56,5,636.03
2026-01-27 19:00:00,B,19,6,1,345,10.0,379.15,6,477.25
2026-01-27 19:00:00,C,19,6,1,401,21.43,560.24,4,477.48
2026-01-27 19:00:00,D,19,6,1,414,17.98,589.88,4,614.15
2026-01-27 20:00:00,A,20,6,0,362,10.0,498.41,5,415.74
2026-01-27 20:00:00,B,20,6,0,254,12.25,350.44,6,284.06
2026-01-27 20:00:00,C,20,6,0,323,10.0,363.57,4,402.37
2026-01-27 20:00:00,D,20,6,0,285,10.0,402.17,4,429.37
2026-01-27 21:00:00,A,21,6,0,361,20.77,431.04,5,438.66
2026-01-27 21:00:00,B,21,6,0,320,10.0,297.03,6,387.6
2026-01-27 21:00:00,C,21,6,0,391,15.52,428.82,4,430.47
2026-01-27 21:00:00,D,21,6,0,424,17.85,444.91,4,337.89
2026-01-27 22:00:00,A,22,6,0,426,10.95,554.05,5,463.69
2026-01-27 22:00:00,B,22,6,0,356,14.12,404.38,6,389.47
2026-01-27 22:00:00,C,22,6,0,489,17.7,535.62,4,516.41
2026-01-27 22:00:00,D,22,6,0,379,10.0,516.47,4,467.77
2026-01-27 23:00:00,A,23,6,0,495,10.0,666.8,5,596.03
2026-01-27 23:00:00,B,23,6,0,371,10.0,468.64,6,389.53
2026-01-27 23:00:00,C,23,6,0,521,10.0,568.75,4,453.36
2026-01-27 23:00:00,D,23,6,0,486,10.0,578.56,4,525.21
2026-01-28 00:00:00,A,0,7,0,608,25.65,578.96,5,522.94
2026-01-28 00:00:00,B,0,7,0,437,10.0,487.86,6,458.34
2026-01-28 00:00:00,C,0,7,0,451,10.0,511.68,4,533.15
2026-01-28 00:00:00,D,0,7,0,565,10.0,611.24,4,532.65
2026-01-28 01:00:00,A,1,7,0,687,10.0,778.71,5,602.25
2026-01-28 01:00:00,B,1,7,0,457,33.27,448.32,6,455.12
2026-01-28 01:00:00,C,1,7,0,530,15.66,574.63,4,627.89
2026-01-28 01:00:00,D,1,7,0,489,10.0,723.64,4,568.02
2026-01-28 02:00:00,A,2,7,0,737,10.0,798.88,5,765.3
2026-01-28 02:00:00,B,2,7,0,558,18.25,549.76,6,519.5
2026-01-28 02:00:00,C,2,7,0,683,10.0,720.71,4,609.39
2026-01-28 02:00:00,D,2,7,0,479,10.0,592.36,4,602.15
2026-01-28 03:00:00,A,3,7,0,657,10.0,708.26,5,784.48
2026-01-28 03:00:00,B,3,7,0,447,10.0,578.7,6,522.76
2026-01-28 03:00:00,C,3,7,0,524,10.0,666.96,4,687.88
2026-01-28 03:00:00,D,3,7,0,665,18.05,726.25,4,696.11
2026-01-28 04:00:00,A,4,7,0,767,10.0,738.56,5,824.0
2026-01-28 04:00:00,B,4,7,0,511,10.0,578.19,6,623.35
2026-01-28 04:00:00,C,4,7,0,696,20.56,686.99,4,709.0
2026-01-28 04:00:00,D,4,7,0,780,10.0,776.73,4,677.02
2026-01-28 05:00:00,A,5,7,0,799,10.0,988.98,5,873.73
2026-01-28 05:00:00,B,5,7,0,578,10.0,753.43,6,610.47
2026-01-28 05:00:00,C,5,7,0,823,13.4,686.94,4,760.36
2026-01-28 05:00:00,D,5,7,0,803,10.0,764.18,4,729.1
2026-01-28 06:00:00,A,6,7,0,691,15.95,1006.28,5,833.4
2026-01-28 06:00:00,B,6,7,0,467,10.0,565.9,6,652.64
2026-01-28 06:00:00,C,6,7,0,590,14.16,899.58,4,738.81
2026-01-28 06:00:00,D,6,7,0,807,10.0,917.57,4,806.74
2026-01-28 07:00:00,A,7,7,1,981,10.0,1131.07,5,1279.42
2026-01-28 07:00:00,B,7,7,1,787,10.0,931.72,6,1006.23
2026-01-28 07:00:00,C,7,7,1,1097,24.45,1309.88,4,1166.52
2026-01-28 07:00:00,D,7,7,1,838,10.24,980.43,4,1228.56
2026-01-28 08:00:00,A,8,7,1,1142,21.42,1339.89,5,1284.85
2026-01-28 08:00:00,B,8,7,1,881,10.0,925.49,6,890.28
2026-01-28 08:00:00,C,8,7,1,954,15.7,1196.3,4,1138.79
2026-01-28 08:00:00,D,8,7,1,1096,21.96,1092.27,4,1023.91
2026-01-28 09:00:00,A,9,7,1,1056,11.58,1373.82,5,1157.59
2026-01-28 09:00:00,B,9,7,1,677,10.0,977.35,6,1008.29
2026-01-28 09:00:00,C,9,7,1,1013,16.07,1155.52,4,1084.62
2026-01-28 09:00:00,D,9,7,1,806,11.15,1190.06,4,1077.89
2026-01-28 10:00:00,A,10,7,0,714,19.22,806.9,5,751.76
2026-01-28 10:00:00,B,10,7,0,562,36.31,556.77,6,541.78
2026-01-28 10:00:00,C,10,7,0,619,10.0,790.73,4,571.73
2026-01-28 10:00:00,D,10,7,0,588,10.0,756.57,4,679.8
2026-01-28 11:00:00,A,11,7,0,587,10.0,640.31,5,654.17
2026-01-28 11:00:00,B,11,7,0,366,10.0,565.72,6,482.48
2026-01-28 11:00:00,C,11,7,0,494,13.98,626.77,4,591.75
2026-01-28 11:00:00,D,11,7,0,584,19.05,534.71,4,663.69
2026-01-28 12:00:00,A,12,7,0,559,10.0,656.51,5,589.15
2026-01-28 12:00:00,B,12,7,0,332,10.0,526.25,6,446.1
2026-01-28 12:00:00,C,12,7,0,577,10.0,573.05,4,558.07
2026-01-28 12:00:00,D,12,7,0,409,10.0,607.52,4,544.76
2026-01-28 13:00:00,A,13,7,0,541,10.0,596.21,5,568.27
2026-01-28 13:00:00,B,13,7,0,362,13.76,381.82,6,448.5
2026-01-28 13:00:00,C,13,7,0,490,10.0,469.54,4,524.37
2026-01-28 13:00:00,D,13,7,0,480,10.0,554.05,4,529.97
2026-01-28 14:00:00,A,14,7,0,470,10.0,497.09,5,459.07
2026-01-28 14:00:00,B,14,7,0,281,10.0,412.7,6,416.53
2026-01-28 14:00:00,C,14,7,0,375,10.0,443.07,4,498.3
2026-01-28 14:00:00,D,14,7,0,421,10.0,497.05,4,467.77
2026-01-28 15:00:00,A,15,7,0,330,10.46,460.91,5,439.32
2026-01-28 15:00:00,B,15,7,0,333,10.0,389.14,6,293.63
2026-01-28 15:00:00,C,15,7,0,299,33.57,450.59,4,330.73
2026-01-28 15:00:00,D,15,7,0,361,16.91,390.84,4,309.18
2026-01-28 16:00:00,A,16,7,1,529,24.72,515.79,5,704.62
2026-01-28 16:00:00,B,16,7,1,394,10.0,507.71,6,491.22
2026-01-28 16:00:00,C,16,7,1,522,10.0,596.52,4,543.62
2026-01-28 16:00:00,D,16,7,1,378,18.77,565.28,4,582.57
2026-01-28 17:00:00,A,17,7,1,564,10.0,516.93,5,682.81
2026-01-28 17:00:00,B,17,7,1,399,10.0,420.38,6,497.0
2026-01-28 17:00:00,C,17,7,1,430,10.0,519.23,4,610.21
2026-01-28 17:00:00,D,17,7,1,486,18.8,467.03,4,501.15
2026-01-28 18:00:00,A,18,7,1,525,19.34,507.63,5,620.85
2026-01-28 18:00:00,B,18,7,1,379,10.0,428.12,6,438.57
2026-01-28 18:00:00,C,18,7,1,442,10.0,495.81,4,495.06
2026-01-28 18:00:00,D,18,7,1,495,10.0,411.92,4,565.63
2026-01-28 19:00:00,A,19,7,1,569,11.81,481.52,5,687.87
2026-01-28 19:00:00,B,19,7,1,302,11.77,452.93,6,562.23
2026-01-28 19:00:00,C,19,7,1,487,10.0,543.61,4,607.39
2026-01-28 19:00:00,D,19,7,1,434,10.69,479.94,4,641.99
2026-01-28 20:00:00,A,20,7,0,314,10.0,390.83,5,362.59
2026-01-28 20:00:00,B,20,7,0,228,10.0,332.28,6,307.81
2026-01-28 20:00:00,C,20,7,0,290,10.0,366.69,4,426.39
2026-01-28 20:00:00,D,20,7,0,337,10.0,351.73,4,441.12
2026-01-28 21:00:00,A,21,7,0,458,10.0,474.63,5,392.31
2026-01-28 21:00:00,B,21,7,0,310,10.0,301.2,6,301.15
2026-01-28 21:00:00,C,21,7,0,336,16.34,366.62,4,395.21
2026-01-28 21:00:00,D,21,7,0,315,10.0,463.32,4,382.92
2026-01-28 22:00:00,A,22,7,0,506,10.0,565.64,5,487.16
2026-01-28 22:00:00,B,22,7,0,308,10.0,326.04,6,447.32
2026-01-28 22:00:00,C,22,7,0,357,10.0,506.2,4,447.12
2026-01-28 22:00:00,D,22,7,0,418,10.0,416.45,4,450.93
2026-01-28 23:00:00,A,23,7,0,468,15.09,654.54,5,467.16
2026-01-28 23:00:00,B,23,7,0,409,10.0,363.5,6,392.52
2026-01-28 23:00:00,C,23,7,0,521,10.0,530.86,4,599.39
2026-01-28 23:00:00,D,23,7,0,401,16.25,484.42,4,535.13
2026-01-01 00:00:00,A,0,1,0,522,10.0,588.7,5,602.03
2026-01-01 00:00:00,B,0,1,0,470,13.56,422.87,6,445.31
2026-01-01 00:00:00,C,0,1,0,570,19.67,564.51,4,510.88
2026-01-01 00:00:00,D,0,1,0,570,18.4,553.5,4,517.22
2026-01-01 01:00:00,A,1,1,0,652,10.0,669.24,5,668.6
2026-01-01 01:00:00,B,1,1,0,509,10.0,484.68,6,421.08
2026-01-01 01:00:00,C,1,1,0,552,10.0,740.4,4,640.47
2026-01-01 01:00:00,D,1,1,0,625,21.96,684.91,4,620.61
2026-01-01 02:00:00,A,2,1,0,736,10.0,788.58,5,737.07
2026-01-01 02:00:00,B,2,1,0,496,10.0,647.21,6,554.87
2026-01-01 02:00:00,C,2,1,0,502,12.4,716.89,4,615.48
2026-01-01 02:00:00,D,2,1,0,681,10.0,764.03,4,649.65
2026-01-01 03:00:00,A,3,1,0,776,13.23,953.71,5,813.2
2026-01-01 03:00:00,B,3,1,0,460,10.0,611.24,6,489.88
2026-01-01 03:00:00,C,3,1,0,746,10.0,854.61,4,709.63
2026-01-01 03:00:00,D,3,1,0,691,15.07,797.12,4,668.91
2026-01-01 04:00:00,A,4,1,0,654,10.0,886.96,5,764.66
2026-01-01 04:00:00,B,4,1,0,597,15.33,719.42,6,599.6
2026-01-01 04:00:00,C,4,1,0,695,12.48,864.53,4,721.86
2026-01-01 04:00:00,D,4,1,0,702,10.0,727.85,4,713.53
2026-01-01 05:00:00,A,5,1,0,623,10.0,887.74,5,889.14
2026-01-01 05:00:00,B,5,1,0,645,10.0,584.36,6,645.86
2026-01-01 05:00:00,C,5,1,0,706,10.0,857.48,4,735.32
2026-01-01 05:00:00,D,5,1,0,624,10.42,780.32,4,767.4
2026-01-01 06:00:00,A,6,1,0,908,10.0,900.74,5,788.91
2026-01-01 06:00:00,B,6,1,0,528,25.89,555.1,6,547.72
2026-01-01 06:00:00,C,6,1,0,671,10.0,867.96,4,823.04
2026-01-01 06:00:00,D,6,1,0,801,20.06,678.82,4,811.4
2026-01-01 07:00:00,A,7,1,1,1062,10.0,1479.51,5,1263.86
2026-01-01 07:00:00,B,7,1,1,711,19.16,1070.38,6,929.93
2026-01-01 07:00:00,C,7,1,1,958,10.0,1053.11,4,1122.87
2026-01-01 07:00:00,D,7,1,1,909,10.0,1062.06,4,1121.39
2026-01-01 08:00:00,A,8,1,1,978,10.0,1241.33,5,1270.49
2026-01-01 08:00:00,B,8,1,1,882,10.0,777.93,6,976.55
2026-01-01 08:00:00,C,8,1,1,813,10.0,1177.71,4,1126.57
2026-01-01 08:00:00,D,8,1,1,1071,10.0,1257.75,4,1114.11
2026-01-01 09:00:00,A,9,1,1,866,21.04,1358.08,5,1245.46
2026-01-01 09:00:00,B,9,1,1,862,10.0,869.85,6,1009.29
2026-01-01 09:00:00,C,9,1,1,890,10.0,1182.08,4,1156.02
2026-01-01 09:00:00,D,9,1,1,1058,10.0,1176.79,4,1082.87
2026-01-01 10:00:00,A,10,1,0,558,13.38,768.1,5,685.68
2026-01-01 10:00:00,B,10,1,0,398,10.0,558.15,6,575.68
2026-01-01 10:00:00,C,10,1,0,525,10.0,650.23,4,586.39
2026-01-01 10:00:00,D,10,1,0,486,10.0,738.24,4,605.46
2026-01-01 11:00:00,A,11,1,0,596,10.0,760.99,5,598.18
2026-01-01 11:00:00,B,11,1,0,399,10.0,596.24,6,442.11
2026-01-01 11:00:00,C,11,1,0,604,31.61,721.27,4,614.16
2026-01-01 11:00:00,D,11,1,0,472,16.95,622.03,4,503.87
2026-01-01 12:00:00,A,12,1,0,472,10.0,744.77,5,604.72
2026-01-01 12:00:00,B,12,1,0,423,10.32,521.15,6,333.67
2026-01-01 12:00:00,C,12,1,0,517,26.49,520.13,4,536.87
2026-01-01 12:00:00,D,12,1,0,537,10.0,590.13,4,532.75
2026-01-01 13:00:00,A,13,1,0,576,10.0,524.52,5,609.2
2026-01-01 13:00:00,B,13,1,0,407,10.0,402.27,6,372.11
2026-01-01 13:00:00,C,13,1,0,379,10.0,436.31,4,450.38
2026-01-01 13:00:00,D,13,1,0,474,10.0,460.63,4,345.14
2026-01-01 14:00:00,A,14,1,0,449,10.0,434.82,5,436.59
2026-01-01 14:00:00,B,14,1,0,290,10.0,429.67,6,357.05
2026-01-01 14:00:00,C,14,1,0,458,32.43,399.39,4,389.88
2026-01-01 14:00:00,D,14,1,0,436,10.0,464.51,4,439.55
2026-01-01 15:00:00,A,15,1,0,358,14.59,433.11,5,462.45
2026-01-01 15:00:00,B,15,1,0,241,10.0,375.44,6,302.22
2026-01-01 15:00:00,C,15,1,0,426,10.0,387.95,4,348.35
2026-01-01 15:00:00,D,15,1,0,324,10.0,399.69,4,367.75
2026-01-01 16:00:00,A,16,1,1,448,10.0,576.36,5,736.15
2026-01-01 16:00:00,B,16,1,1,394,10.0,424.27,6,481.43
2026-01-01 16:00:00,C,16,1,1,383,10.0,631.92,4,625.3
2026-01-01 16:00:00,D,16,1,1,524,10.45,541.15,4,663.28
2026-01-01 17:00:00,A,17,1,1,461,10.0,571.29,5,574.49
2026-01-01 17:00:00,B,17,1,1,318,10.0,440.0,6,493.06
2026-01-01 17:00:00,C,17,1,1,469,10.0,455.19,4,581.48
2026-01-01 17:00:00,D,17,1,1,423,10.0,559.45,4,493.02
2026-01-01 18:00:00,A,18,1,1,454,12.88,483.75,5,654.08
2026-01-01 18:00:00,B,18,1,1,355,10.0,436.33,6,479.49
2026-01-01 18:00:00,C,18,1,1,452,11.01,551.84,4,595.97
2026-01-01 18:00:00,D,18,1,1,426,10.0,542.81,4,572.41
2026-01-01 19:00:00,A,19,1,1,492,10.0,570.82,5,673.4
2026-01-01 19:00:00,B,19,1,1,420,10.0,404.84,6,503.6
2026-01-01 19:00:00,C,19,1,1,417,10.0,561.05,4,576.45
2026-01-01 19:00:00,D,19,1,1,483,10.0,529.72,4,614.3
2026-01-01 20:00:00,A,20,1,0,421,10.0,424.93,5,440.29
2026-01-01 20:00:00,B,20,1,0,263,10.0,322.67,6,304.53
2026-01-01 20:00:00,C,20,1,0,336,10.0,437.06,4,364.49
2026-01-01 20:00:00,D,20,1,0,293,15.04,373.48,4,344.47
2026-01-01 21:00:00,A,21,1,0,374,10.0,525.47,5,488.38
2026-01-01 21:00:00,B,21,1,0,264,10.0,315.84,6,276.13
2026-01-01 21:00:00,C,21,1,0,348,14.43,388.04,4,379.39
2026-01-01 21:00:00,D,21,1,0,368,10.0,460.72,4,429.52
2026-01-01 22:00:00,A,22,1,0,526,10.0,494.47,5,497.9
2026-01-01 22:00:00,B,22,1,0,332,21.14,418.9,6,301.66
2026-01-01 22:00:00,C,22,1,0,388,22.24,446.5,4,414.74
2026-01-01 22:00:00,D,22,1,0,406,10.0,397.34,4,359.42
2026-01-01 23:00:00,A,23,1,0,407,10.0,557.41,5,492.23
2026-01-01 23:00:00,B,23,1,0,391,10.0,419.84,6,386.75
2026-01-01 23:00:00,C,23,1,0,508,10.0,550.85,4,512.61
2026-01-01 23:00:00,D,23,1,0,396,26.03,503.21,4,473.5
2026-01-02 00:00:00,A,0,2,0,672,11.08,622.35,5,639.15
2026-01-02 00:00:00,B,0,2,0,432,10.0,416.49,6,398.41
2026-01-02 00:00:00,C,0,2,0,506,10.0,605.7,4,509.15
2026-01-02 00:00:00,D,0,2,0,542,21.38,656.66,4,615.96
2026-01-02 01:00:00,A,1,2,0,565,13.28,855.98,5,730.95
2026-01-02 01:00:00,B,1,2,0,446,10.0,620.39,6,525.16
2026-01-02 01:00:00,C,1,2,0,647,10.0,687.25,4,577.96
2026-01-02 01:00:00,D,1,2,0,631,16.38,560.52,4,630.84
2026-01-02 02:00:00,A,2,2,0,769,10.0,716.54,5,806.65
2026-01-02 02:00:00,B,2,2,0,470,10.0,662.13,6,578.01
2026-01-02 02:00:00,C,2,2,0,625,10.0,678.75,4,687.59
2026-01-02 02:00:00,D,2,2,0,704,14.56,752.05,4,512.21
2026-01-02 03:00:00,A,3,2,0,865,10.0,789.01,5,872.07
2026-01-02 03:00:00,B,3,2,0,447,12.63,627.49,6,600.53
2026-01-02 03:00:00,C,3,2,0,757,10.0,715.65,4,723.13
2026-01-02 03:00:00,D,3,2,0,654,17.42,870.2,4,622.63
2026-01-02 04:00:00,A,4,2,0,650,23.91,1015.58,5,775.06
2026-01-02 04:00:00,B,4,2,0,651,10.0,662.02,6,688.48
2026-01-02 04:00:00,C,4,2,0,700,10.96,784.05,4,796.23
2026-01-02 04:00:00,D,4,2,0,581,17.53,880.38,4,767.56
2026-01-02 05:00:00,A,5,2,0,687,10.0,871.04,5,854.24
2026-01-02 05:00:00,B,5,2,0,594,10.0,753.54,6,701.1
2026-01-02 05:00:00,C,5,2,0,782,10.0,969.47,4,828.99
2026-01-02 05:00:00,D,5,2,0,728,14.53,764.06,4,773.68
2026-01-02 06:00:00,A,6,2,0,922,10.0,1014.07,5,844.06
2026-01-02 06:00:00,B,6,2,0,634,10.0,749.39,6,585.85
2026-01-02 06:00:00,C,6,2,0,753,30.05,804.11,4,816.98
2026-01-02 06:00:00,D,6,2,0,815,10.0,788.76,4,695.22
2026-01-02 07:00:00,A,7,2,1,1341,10.0,1157.87,5,1332.28
2026-01-02 07:00:00,B,7,2,1,755,10.0,817.34,6,1011.39
2026-01-02 07:00:00,C,7,2,1,1140,10.0,1362.03,4,1242.2
2026-01-02 07:00:00,D,7,2,1,1088,10.0,1230.36,4,1174.01
2026-01-02 08:00:00,A,8,2,1,1085,15.55,1102.43,5,1322.37
2026-01-02 08:00:00,B,8,2,1,659,10.0,995.29,6,1017.95
2026-01-02 08:00:00,C,8,2,1,858,10.0,1087.88,4,1185.61
2026-01-02 08:00:00,D,8,2,1,847,19.1,1213.61,4,1110.86
2026-01-02 09:00:00,A,9,2,1,1200,28.13,1116.75,5,1277.04
2026-01-02 09:00:00,B,9,2,1,850,10.0,841.91,6,979.35
2026-01-02 09:00:00,C,9,2,1,789,10.0,1020.3,4,1196.75
2026-01-02 09:00:00,D,9,2,1,1023,10.0,1187.56,4,1057.05
2026-01-02 10:00:00,A,10,2,0,707,10.0,848.8,5,718.66
2026-01-02 10:00:00,B,10,2,0,473,10.0,638.66,6,584.17
2026-01-02 10:00:00,C,10,2,0,605,10.0,800.42,4,741.91
2026-01-02 10:00:00,D,10,2,0,579,11.35,723.04,4,749.36
2026-01-02 11:00:00,A,11,2,0,666,10.0,859.16,5,759.39
2026-01-02 11:00:00,B,11,2,0,445,28.72,495.6,6,473.05
2026-01-02 11:00:00,C,11,2,0,470,10.0,704.55,4,609.2
2026-01-02 11:00:00,D,11,2,0,640,10.0,753.31,4,621.91
2026-01-02 12:00:00,A,12,2,0,486,10.0,609.81,5,664.51
2026-01-02 12:00:00,B,12,2,0,431,10.9,459.34,6,422.63
2026-01-02 12:00:00,C,12,2,0,557,10.0,577.31,4,607.47
2026-01-02 12:00:00,D,12,2,0,471,10.0,541.88,4,581.8
2026-01-02 13:00:00,A,13,2,0,523,10.0,622.67,5,562.17
2026-01-02 13:00:00,B,13,2,0,319,10.0,386.32,6,417.09
2026-01-02 13:00:00,C,13,2,0,442,10.0,629.53,4,516.95
2026-01-02 13:00:00,D,13,2,0,537,10.0,548.29,4,517.08
2026-01-02 14:00:00,A,14,2,0,444,16.15,533.29,5,408.59
2026-01-02 14:00:00,B,14,2,0,348,10.0,339.56,6,334.22
2026-01-02 14:00:00,C,14,2,0,491,10.0,469.92,4,427.38
2026-01-02 14:00:00,D,14,2,0,418,10.0,511.8,4,453.31
2026-01-02 15:00:00,A,15,2,0,347,10.0,442.95,5,423.68
2026-01-02 15:00:00,B,15,2,0,281,10.0,399.62,6,320.15
2026-01-02 15:00:00,C,15,2,0,339,22.91,392.8,4,338.22
2026-01-02 15:00:00,D,15,2,0,430,10.0,494.1,4,251.95
2026-01-02 16:00:00,A,16,2,1,441,10.0,688.35,5,734.91
2026-01-02 16:00:00,B,16,2,1,369,12.37,447.39,6,554.16
2026-01-02 16:00:00,C,16,2,1,395,10.0,573.5,4,603.93
2026-01-02 16:00:00,D,16,2,1,399,10.0,503.44,4,661.4
2026-01-02 17:00:00,A,17,2,1,488,10.0,545.89,5,678.48
2026-01-02 17:00:00,B,17,2,1,413,10.0,424.92,6,532.77
2026-01-02 17:00:00,C,17,2,1,452,10.0,535.98,4,634.66
2026-01-02 17:00:00,D,17,2,1,463,10.25,504.52,4,659.01
2026-01-02 18:00:00,A,18,2,1,472,10.0,648.63,5,648.76
2026-01-02 18:00:00,B,18,2,1,418,10.0,474.88,6,430.46
2026-01-02 18:00:00,C,18,2,1,386,24.54,588.87,4,606.64
2026-01-02 18:00:00,D,18,2,1,369,10.0,427.87,4,601.65
2026-01-02 19:00:00,A,19,2,1,492,10.0,588.66,5,678.01
2026-01-02 19:00:00,B,19,2,1,435,13.06,358.97,6,519.59
2026-01-02 19:00:00,C,19,2,1,495,10.0,486.75,4,601.64
2026-01-02 19:00:00,D,19,2,1,458,11.34,597.93,4,623.94
2026-01-02 20:00:00,A,20,2,0,397,10.0,403.56,5,348.18
2026-01-02 20:00:00,B,20,2,0,271,10.0,305.51,6,288.21
2026-01-02 20:00:00,C,20,2,0,378,11.74,355.78,4,361.26
2026-01-02 20:00:00,D,20,2,0,312,10.0,365.3,4,372.69
2026-01-02 21:00:00,A,21,2,0,482,10.0,555.93,5,483.14
2026-01-02 21:00:00,B,21,2,0,268,21.4,407.05,6,285.55
2026-01-02 21:00:00,C,21,2,0,337,10.0,479.94,4,415.06
2026-01-02 21:00:00,D,21,2,0,351,10.0,416.19,4,438.41
2026-01-02 22:00:00,A,22,2,0,484,10.0,481.46,5,471.7
2026-01-02 22:00:00,B,22,2,0,352,10.0,364.42,6,336.79
2026-01-02 22:00:00,C,22,2,0,482,10.0,498.21,4,445.66
2026-01-02 22:00:00,D,22,2,0,372,10.0,483.91,4,467.99
2026-01-02 23:00:00,A,23,2,0,543,10.0,578.19,5,566.86
2026-01-02 23:00:00,B,23,2,0,364,10.0,379.02,6,416.11
2026-01-02 23:00:00,C,23,2,0,484,10.0,469.84,4,505.53
2026-01-02 23:00:00,D,23,2,0,444,10.0,526.51,4,532.46
2026-01-03 00:00:00,A,0,3,0,626,10.0,744.62,5,567.78
2026-01-03 00:00:00,B,0,3,0,490,10.0,538.26,6,495.04
2026-01-03 00:00:00,C,0,3,0,594,10.0,613.52,4,507.31
2026-01-03 00:00:00,D,0,3,0,493,10.0,624.61,4,595.7
2026-01-03 01:00:00,A,1,3,0,610,10.0,782.18,5,679.13
2026-01-03 01:00:00,B,1,3,0,478,10.0,522.33,6,484.26
2026-01-03 01:00:00,C,1,3,0,683,12.83,595.43,4,658.16
2026-01-03 01:00:00,D,1,3,0,478,13.54,592.97,4,633.51
2026-01-03 02:00:00,A,2,3,0,813,10.0,753.33,5,818.93
2026-01-03 02:00:00,B,2,3,0,479,21.95,629.18,6,541.07
2026-01-03 02:00:00,C,2,3,0,667,16.8,746.71,4,589.0
2026-01-03 02:00:00,D,2,3,0,632,17.96,737.36,4,668.53
2026-01-03 03:00:00,A,3,3,0,786,10.0,948.87,5,849.35
2026-01-03 03:00:00,B,3,3,0,534,21.97,728.64,6,504.48
2026-01-03 03:00:00,C,3,3,0,791,14.51,803.68,4,771.7
2026-01-03 03:00:00,D,3,3,0,715,20.93,834.98,4,618.77
2026-01-03 04:00:00,A,4,3,0,832,10.0,889.01,5,778.94
2026-01-03 04:00:00,B,4,3,0,538,12.4,664.2,6,681.84
2026-01-03 04:00:00,C,4,3,0,578,10.81,880.17,4,736.39
2026-01-03 04:00:00,D,4,3,0,650,22.77,903.27,4,807.71
2026-01-03 05:00:00,A,5,3,0,767,26.64,929.51,5,822.06
2026-01-03 05:00:00,B,5,3,0,634,10.0,659.63,6,561.81
2026-01-03 05:00:00,C,5,3,0,813,10.0,763.49,4,698.21
2026-01-03 05:00:00,D,5,3,0,769,17.35,953.44,4,780.79
2026-01-03 06:00:00,A,6,3,0,775,10.0,1091.47,5,1010.46
2026-01-03 06:00:00,B,6,3,0,679,10.0,617.35,6,641.39
2026-01-03 06:00:00,C,6,3,0,749,10.0,931.74,4,839.53
2026-01-03 06:00:00,D,6,3,0,826,10.0,778.21,4,730.99
2026-01-03 07:00:00,A,7,3,1,1046,13.65,1314.76,5,1329.78
2026-01-03 07:00:00,B,7,3,1,825,10.43,964.88,6,1079.03
2026-01-03 07:00:00,C,7,3,1,1210,10.0,1017.03,4,1186.45
2026-01-03 07:00:00,D,7,3,1,1042,10.0,1212.76,4,1230.34
2026-01-03 08:00:00,A,8,3,1,1068,10.0,1459.44,5,1424.88
2026-01-03 08:00:00,B,8,3,1,665,10.0,904.74,6,994.99
2026-01-03 08:00:00,C,8,3,1,1025,22.44,1301.69,4,1190.84
2026-01-03 08:00:00,D,8,3,1,866,10.0,1308.0,4,1206.9
2026-01-03 09:00:00,A,9,3,1,1072,10.0,1352.19,5,1257.59
2026-01-03 09:00:00,B,9,3,1,743,10.0,1000.25,6,978.29
2026-01-03 09:00:00,C,9,3,1,1001,31.19,1271.32,4,1125.82
2026-01-03 09:00:00,D,9,3,1,1002,12.21,995.14,4,1167.84
2026-01-03 10:00:00,A,10,3,0,693,10.0,815.6,5,771.07
2026-01-03 10:00:00,B,10,3,0,515,15.31,577.79,6,580.82
2026-01-03 10:00:00,C,10,3,0,651,10.0,671.0,4,615.32
2026-01-03 10:00:00,D,10,3,0,683,20.62,648.0,4,600.92
2026-01-03 11:00:00,A,11,3,0,757,10.0,734.63,5,687.85
2026-01-03 11:00:00,B,11,3,0,411,10.0,567.19,6,521.19
2026-01-03 11:00:00,C,11,3,0,575,14.92,657.96,4,612.22
2026-01-03 11:00:00,D,11,3,0,516,31.76,610.22,4,572.34
2026-01-03 12:00:00,A,12,3,0,644,10.0,776.55,5,548.97
2026-01-03 12:00:00,B,12,3,0,401,10.0,536.47,6,458.18
2026-01-03 12:00:00,C,12,3,0,579,11.57,576.83,4,546.72
2026-01-03 12:00:00,D,12,3,0,415,10.0,580.27,4,556.36
2026-01-03 13:00:00,A,13,3,0,606,10.0,613.22,5,567.06
2026-01-03 13:00:00,B,13,3,0,336,10.0,368.4,6,421.67
2026-01-03 13:00:00,C,13,3,0,432,10.0,535.01,4,482.69
2026-01-03 13:00:00,D,13,3,0,439,10.0,475.61,4,571.38
2026-01-03 14:00:00,A,14,3,0,431,10.0,551.03,5,576.89
2026-01-03 14:00:00,B,14,3,0,356,10.0,382.17,6,427.93
2026-01-03 14:00:00,C,14,3,0,340,14.11,479.62,4,478.65
2026-01-03 14:00:00,D,14,3,0,474,10.0,464.55,4,417.47
2026-01-03 15:00:00,A,15,3,0,407,10.0,494.6,5,490.37
2026-01-03 15:00:00,B,15,3,0,349,10.0,358.36,6,270.7
2026-01-03 15:00:00,C,15,3,0,387,10.0,428.98,4,424.1
2026-01-03 15:00:00,D,15,3,0,370,10.0,451.9,4,468.5
2026-01-03 16:00:00,A,16,3,1,634,10.0,553.3,5,734.0
2026-01-03 16:00:00,B,16,3,1,377,10.0,409.59,6,565.37
2026-01-03 16:00:00,C,16,3,1,453,10.0,556.1,4,666.69
2026-01-03 16:00:00,D,16,3,1,484,10.0,550.16,4,566.35
2026-01-03 17:00:00,A,17,3,1,475,10.0,643.57,5,613.98
2026-01-03 17:00:00,B,17,3,1,404,10.0,483.29,6,452.63
2026-01-03 17:00:00,C,17,3,1,417,10.0,572.88,4,559.32
2026-01-03 17:00:00,D,17,3,1,381,10.0,460.83,4,642.81
2026-01-03 18:00:00,A,18,3,1,443,10.0,530.39,5,645.64
2026-01-03 18:00:00,B,18,3,1,381,10.0,365.84,6,450.22
2026-01-03 18:00:00,C,18,3,1,461,10.0,577.31,4,603.01
2026-01-03 18:00:00,D,18,3,1,422,10.0,540.02,4,614.95
2026-01-03 19:00:00,A,19,3,1,456,10.0,562.31,5,656.31
2026-01-03 19:00:00,B,19,3,1,435,22.35,494.66,6,549.59
2026-01-03 19:00:00,C,19,3,1,425,20.65,444.66,4,591.57
2026-01-03 19:00:00,D,19,3,1,399,10.0,462.84,4,522.27
2026-01-03 20:00:00,A,20,3,0,435,10.0,485.76,5,390.23
2026-01-03 20:00:00,B,20,3,0,249,14.81,326.49,6,302.57
2026-01-03 20:00:00,C,20,3,0,317,10.0,426.77,4,403.56
2026-01-03 20:00:00,D,20,3,0,385,14.75,444.62,4,370.72
2026-01-03 21:00:00,A,21,3,0,478,13.43,458.9,5,445.65
2026-01-03 21:00:00,B,21,3,0,268,11.11,362.9,6,302.76
2026-01-03 21:00:00,C,21,3,0,325,10.0,468.06,4,468.35
2026-01-03 21:00:00,D,21,3,0,384,10.0,442.91,4,512.93
2026-01-03 22:00:00,A,22,3,0,493,27.14,593.53,5,564.91
2026-01-03 22:00:00,B,22,3,0,328,10.0,334.66,6,350.22
2026-01-03 22:00:00,C,22,3,0,418,10.0,443.88,4,418.92
2026-01-03 22:00:00,D,22,3,0,338,10.0,448.76,4,464.89
2026-01-03 23:00:00,A,23,3,0,566,10.0,588.14,5,514.1
2026-01-03 23:00:00,B,23,3,0,319,10.0,371.67,6,448.51
2026-01-03 23:00:00,C,23,3,0,519,10.0,510.04,4,506.81
2026-01-03 23:00:00,D,23,3,0,463,10.0,481.37,4,450.4
2026-01-04 00:00:00,A,0,4,0,513,10.0,596.05,5,644.13
2026-01-04 00:00:00,B,0,4,0,355,10.0,440.73,6,456.49
2026-01-04 00:00:00,C,0,4,0,460,10.0,621.43,4,524.56
2026-01-04 00:00:00,D,0,4,0,531,18.36,646.17,4,496.96
2026-01-04 01:00:00,A,1,4,0,583,10.0,761.01,5,668.26
2026-01-04 01:00:00,B,1,4,0,455,10.82,465.08,6,502.08
2026-01-04 01:00:00,C,1,4,0,496,17.61,735.92,4,577.17
2026-01-04 01:00:00,D,1,4,0,649,10.0,722.33,4,634.8
2026-01-04 02:00:00,A,2,4,0,666,10.0,902.96,5,775.31
2026-01-04 02:00:00,B,2,4,0,438,13.76,500.51,6,579.49
2026-01-04 02:00:00,C,2,4,0,695,10.0,686.44,4,710.5
2026-01-04 02:00:00,D,2,4,0,627,10.0,816.53,4,684.97
2026-01-04 03:00:00,A,3,4,0,709,10.0,874.97,5,807.52
2026-01-04 03:00:00,B,3,4,0,465,10.0,600.02,6,655.11
2026-01-04 03:00:00,C,3,4,0,697,10.0,723.58,4,663.22
2026-01-04 03:00:00,D,3,4,0,559,10.0,809.65,4,778.03
2026-01-04 04:00:00,A,4,4,0,653,22.69,790.98,5,855.44
2026-01-04 04:00:00,B,4,4,0,653,10.0,692.36,6,630.09
2026-01-04 04:00:00,C,4,4,0,728,11.66,897.36,4,760.32
2026-01-04 04:00:00,D,4,4,0,806,10.42,787.61,4,726.8
2026-01-04 05:00:00,A,5,4,0,772,10.0,893.68,5,904.17
2026-01-04 05:00:00,B,5,4,0,639,10.0,745.55,6,691.17
2026-01-04 05:00:00,C,5,4,0,730,14.83,948.4,4,746.51
2026-01-04 05:00:00,D,5,4,0,648,28.11,951.7,4,686.08
2026-01-04 06:00:00,A,6,4,0,689,12.24,1082.88,5,874.74
2026-01-04 06:00:00,B,6,4,0,539,10.0,782.69,6,652.82
2026-01-04 06:00:00,C,6,4,0,725,10.0,741.38,4,783.57
2026-01-04 06:00:00,D,6,4,0,670,10.0,734.57,4,780.28
2026-01-04 07:00:00,A,7,4,1,1000,10.0,1211.08,5,1319.1
2026-01-04 07:00:00,B,7,4,1,673,10.0,860.43,6,989.32
2026-01-04 07:00:00,C,7,4,1,979,18.83,1293.66,4,1198.53
2026-01-04 07:00:00,D,7,4,1,981,19.75,1079.37,4,1097.63
2026-01-04 08:00:00,A,8,4,1,1169,10.0,1191.32,5,1213.99
2026-01-04 08:00:00,B,8,4,1,799,14.88,1058.2,6,975.97
2026-01-04 08:00:00,C,8,4,1,944,10.0,1325.48,4,1158.97
2026-01-04 08:00:00,D,8,4,1,800,18.51,1051.73,4,1173.05
2026-01-04 09:00:00,A,9,4,1,1140,10.0,1353.43,5,1333.79
2026-01-04 09:00:00,B,9,4,1,726,10.0,1013.45,6,867.02
2026-01-04 09:00:00,C,9,4,1,1008,20.83,996.71,4,1110.54
2026-01-04 09:00:00,D,9,4,1,959,10.0,945.87,4,1139.28
2026-01-04 10:00:00,A,10,4,0,669,10.08,779.67,5,721.07
2026-01-04 10:00:00,B,10,4,0,517,10.0,576.01,6,581.17
2026-01-04 10:00:00,C,10,4,0,743,10.0,838.44,4,623.15
2026-01-04 10:00:00,D,10,4,0,703,14.61,675.74,4,656.32
2026-01-04 11:00:00,A,11,4,0,731,10.0,687.61,5,702.96
2026-01-04 11:00:00,B,11,4,0,408,10.0,552.04,6,490.71
2026-01-04 11:00:00,C,11,4,0,556,10.0,614.75,4,580.82
2026-01-04 11:00:00,D,11,4,0,466,10.0,749.54,4,545.36
2026-01-04 12:00:00,A,12,4,0,618,12.65,659.6,5,573.32
2026-01-04 12:00:00,B,12,4,0,372,10.0,501.43,6,493.81
2026-01-04 12:00:00,C,12,4,0,423,10.41,519.5,4,594.77
2026-01-04 12:00:00,D,12,4,0,455,18.35,498.27,4,475.89
2026-01-04 13:00:00,A,13,4,0,581,10.28,678.12,5,564.53
2026-01-04 13:00:00,B,13,4,0,365,10.0,399.7,6,430.02
2026-01-04 13:00:00,C,13,4,0,387,10.0,523.83,4,564.75
2026-01-04 13:00:00,D,13,4,0,424,10.0,596.17,4,415.07
2026-01-04 14:00:00,A,14,4,0,518,10.81,563.95,5,422.52
2026-01-04 14:00:00,B,14,4,0,374,10.0,448.29,6,402.77
2026-01-04 14:00:00,C,14,4,0,381,13.59,554.88,4,400.64
2026-01-04 14:00:00,D,14,4,0,449,10.0,400.85,4,460.67
2026-01-04 15:00:00,A,15,4,0,482,10.0,518.58,5,561.92
2026-01-04 15:00:00,B,15,4,0,271,10.0,318.16,6,393.25
2026-01-04 15:00:00,C,15,4,0,429,10.0,369.61,4,440.29
2026-01-04 15:00:00,D,15,4,0,308,17.68,434.58,4,442.65
2026-01-04 16:00:00,A,16,4,1,623,10.0,710.47,5,651.47
2026-01-04 16:00:00,B,16,4,1,331,17.94,432.56,6,373.75
2026-01-04 16:00:00,C,16,4,1,558,10.0,587.19,4,569.86
2026-01-04 16:00:00,D,16,4,1,516,10.0,582.21,4,685.43
2026-01-04 17:00:00,A,17,4,1,447,18.4,494.88,5,640.91
2026-01-04 17:00:00,B,17,4,1,425,13.41,387.91,6,502.88
2026-01-04 17:00:00,C,17,4,1,388,10.0,507.91,4,621.14
2026-01-04 17:00:00,D,17,4,1,404,10.0,565.55,4,607.15
2026-01-04 18:00:00,A,18,4,1,404,15.67,597.36,5,667.55
2026-01-04 18:00:00,B,18,4,1,308,10.0,481.25,6,467.51
2026-01-04 18:00:00,C,18,4,1,382,21.42,507.45,4,627.72
2026-01-04 18:00:00,D,18,4,1,473,10.0,441.16,4,561.66
2026-01-04 19:00:00,A,19,4,1,416,14.23,675.08,5,628.45
2026-01-04 19:00:00,B,19,4,1,319,10.0,363.58,6,500.49
2026-01-04 19:00:00,C,19,4,1,493,10.0,484.69,4,586.95
2026-01-04 19:00:00,D,19,4,1,376,12.11,598.42,4,499.62
2026-01-04 20:00:00,A,20,4,0,380,10.0,425.74,5,396.04
2026-01-04 20:00:00,B,20,4,0,248,10.0,322.92,6,355.28
2026-01-04 20:00:00,C,20,4,0,386,13.96,444.4,4,302.45
2026-01-04 20:00:00,D,20,4,0,349,10.0,425.23,4,362.41
2026-01-04 21:00:00,A,21,4,0,339,10.0,468.46,5,466.21
2026-01-04 21:00:00,B,21,4,0,295,10.0,367.48,6,368.93
2026-01-04 21:00:00,C,21,4,0,366,10.0,501.81,4,368.93
2026-01-04 21:00:00,D,21,4,0,317,10.0,398.75,4,343.48
2026-01-04 22:00:00,A,22,4,0,440,10.0,498.77,5,458.85
2026-01-04 22:00:00,B,22,4,0,294,17.85,338.7,6,359.84
2026-01-04 22:00:00,C,22,4,0,431,10.0,546.81,4,520.07
2026-01-04 22:00:00,D,22,4,0,416,10.0,486.5,4,408.5
2026-01-04 23:00:00,A,23,4,0,568,10.0,582.73,5,591.89
2026-01-04 23:00:00,B,23,4,0,422,10.0,397.47,6,416.46
2026-01-04 23:00:00,C,23,4,0,402,10.0,617.34,4,570.73
2026-01-04 23:00:00,D,23,4,0,391,14.68,603.46,4,587.23
2026-01-05 00:00:00,A,0,5,0,545,10.0,628.51,5,622.61
2026-01-05 00:00:00,B,0,5,0,366,10.0,412.15,6,444.78
2026-01-05 00:00:00,C,0,5,0,561,10.0,686.59,4,548.81
2026-01-05 00:00:00,D,0,5,0,524,17.78,500.71,4,570.8
2026-01-05 01:00:00,A,1,5,0,748,20.01,792.01,5,724.48
2026-01-05 01:00:00,B,1,5,0,546,10.0,552.15,6,452.4
2026-01-05 01:00:00,C,1,5,0,682,15.38,603.66,4,617.89
2026-01-05 01:00:00,D,1,5,0,593,17.36,759.28,4,620.37
2026-01-05 02:00:00,A,2,5,0,646,11.43,819.91,5,783.44
2026-01-05 02:00:00,B,2,5,0,576,20.33,596.55,6,541.16
2026-01-05 02:00:00,C,2,5,0,539,10.0,611.62,4,709.01
2026-01-05 02:00:00,D,2,5,0,695,10.0,729.45,4,691.26
2026-01-05 03:00:00,A,3,5,0,633,16.33,812.83,5,900.25
2026-01-05 03:00:00,B,3,5,0,520,11.96,532.08,6,640.08
2026-01-05 03:00:00,C,3,5,0,631,10.0,664.2,4,706.89
2026-01-05 03:00:00,D,3,5,0,558,10.0,669.27,4,683.17
2026-01-05 04:00:00,A,4,5,0,668,14.53,970.42,5,803.59
2026-01-05 04:00:00,B,4,5,0,492,10.0,657.67,6,571.64
2026-01-05 04:00:00,C,4,5,0,776,11.67,840.86,4,720.66
2026-01-05 04:00:00,D,4,5,0,660,10.0,866.61,4,704.98
2026-01-05 05:00:00,A,5,5,0,865,10.0,961.72,5,846.19
2026-01-05 05:00:00,B,5,5,0,605,10.0,782.43,6,661.87
2026-01-05 05:00:00,C,5,5,0,812,12.97,856.05,4,807.62
2026-01-05 05:00:00,D,5,5,0,632,15.9,871.6,4,795.97
2026-01-05 06:00:00,A,6,5,0,916,10.0,947.63,5,905.57
2026-01-05 06:00:00,B,6,5,0,598,10.0,647.96,6,645.32
2026-01-05 06:00:00,C,6,5,0,828,10.0,918.87,4,765.71
2026-01-05 06:00:00,D,6,5,0,806,22.07,917.24,4,760.57
2026-01-05 07:00:00,A,7,5,1,1080,10.0,1400.93,5,1377.44
2026-01-05 07:00:00,B,7,5,1,773,10.0,1042.34,6,1028.35
2026-01-05 07:00:00,C,7,5,1,1025,12.24,1264.91,4,1215.0
2026-01-05 07:00:00,D,7,5,1,1048,10.0,1128.75,4,1266.51
2026-01-05 08:00:00,A,8,5,1,1182,10.0,1456.73,5,1361.68
2026-01-05 08:00:00,B,8,5,1,811,14.15,999.85,6,1020.95
2026-01-05 08:00:00,C,8,5,1,841,11.77,1198.31,4,1260.01
2026-01-05 08:00:00,D,8,5,1,919,32.2,1178.88,4,1155.36
2026-01-05 09:00:00,A,9,5,1,1112,10.0,1224.36,5,1250.1
2026-01-05 09:00:00,B,9,5,1,868,10.0,870.47,6,991.94
2026-01-05 09:00:00,C,9,5,1,1046,16.06,1075.76,4,1087.28
2026-01-05 09:00:00,D,9,5,1,774,10.0,974.47,4,1126.17
2026-01-05 10:00:00,A,10,5,0,788,20.34,762.87,5,718.37
2026-01-05 10:00:00,B,10,5,0,498,11.07,596.92,6,583.22
2026-01-05 10:00:00,C,10,5,0,738,12.82,822.73,4,602.16
2026-01-05 10:00:00,D,10,5,0,527,10.0,784.93,4,647.53
2026-01-05 11:00:00,A,11,5,0,752,10.0,754.93,5,724.72
2026-01-05 11:00:00,B,11,5,0,551,10.0,600.48,6,456.82
2026-01-05 11:00:00,C,11,5,0,489,13.99,563.19,4,585.99
2026-01-05 11:00:00,D,11,5,0,580,10.0,726.01,4,592.92
2026-01-05 12:00:00,A,12,5,0,632,10.0,767.59,5,548.58
2026-01-05 12:00:00,B,12,5,0,495,10.0,423.89,6,477.21
2026-01-05 12:00:00,C,12,5,0,456,10.0,687.54,4,662.01
2026-01-05 12:00:00,D,12,5,0,422,10.0,581.4,4,619.53
2026-01-05 13:00:00,A,13,5,0,453,11.0,557.5,5,538.85
2026-01-05 13:00:00,B,13,5,0,448,10.0,465.2,6,421.51
2026-01-05 13:00:00,C,13,5,0,429,10.0,551.88,4,517.42
2026-01-05 13:00:00,D,13,5,0,537,10.0,487.87,4,444.17
2026-01-05 14:00:00,A,14,5,0,449,10.0,583.06,5,507.77
2026-01-05 14:00:00,B,14,5,0,360,10.0,345.77,6,312.82
2026-01-05 14:00:00,C,14,5,0,378,10.0,505.56,4,387.21
2026-01-05 14:00:00,D,14,5,0,472,10.0,412.96,4,436.87
2026-01-05 15:00:00,A,15,5,0,400,11.93,510.23,5,381.41
2026-01-05 15:00:00,B,15,5,0,273,10.0,331.31,6,389.88
2026-01-05 15:00:00,C,15,5,0,381,10.0,496.46,4,374.12
2026-01-05 15:00:00,D,15,5,0,415,18.92,492.0,4,492.45
2026-01-05 16:00:00,A,16,5,1,442,10.13,619.8,5,681.79
2026-01-05 16:00:00,B,16,5,1,337,10.0,519.65,6,514.37
2026-01-05 16:00:00,C,16,5,1,425,10.0,554.03,4,651.19
2026-01-05 16:00:00,D,16,5,1,467,34.64,550.27,4,645.15
2026-01-05 17:00:00,A,17,5,1,506,20.16,647.99,5,644.96
2026-01-05 17:00:00,B,17,5,1,310,10.0,399.65,6,492.77
2026-01-05 17:00:00,C,17,5,1,480,10.0,446.85,4,510.86
2026-01-05 17:00:00,D,17,5,1,412,32.81,433.01,4,563.9
2026-01-05 18:00:00,A,18,5,1,402,10.0,516.91,5,552.89
2026-01-05 18:00:00,B,18,5,1,339,10.0,455.17,6,531.08
2026-01-05 18:00:00,C,18,5,1,433,11.73,502.5,4,591.84
2026-01-05 18:00:00,D,18,5,1,382,13.65,572.06,4,554.39
2026-01-05 19:00:00,A,19,5,1,468,20.66,595.7,5,784.89
2026-01-05 19:00:00,B,19,5,1,431,17.07,383.13,6,500.57
2026-01-05 19:00:00,C,19,5,1,413,10.0,562.61,4,545.89
2026-01-05 19:00:00,D,19,5,1,521,10.0,443.0,4,535.62
2026-01-05 20:00:00,A,20,5,0,355,10.0,428.73,5,403.51
2026-01-05 20:00:00,B,20,5,0,269,10.0,342.26,6,303.33
2026-01-05 20:00:00,C,20,5,0,333,10.0,334.58,4,392.31
2026-01-05 20:00:00,D,20,5,0,306,10.0,371.04,4,380.66
2026-01-05 21:00:00,A,21,5,0,397,18.65,496.41,5,396.87
2026-01-05 21:00:00,B,21,5,0,297,10.0,360.93,6,361.64
2026-01-05 21:00:00,C,21,5,0,377,10.0,440.3,4,462.06
2026-01-05 21:00:00,D,21,5,0,306,15.13,462.25,4,455.03
2026-01-05 22:00:00,A,22,5,0,423,10.0,540.63,5,495.25
2026-01-05 22:00:00,B,22,5,0,337,10.0,365.28,6,319.87
2026-01-05 22:00:00,C,22,5,0,431,10.0,553.55,4,465.55
2026-01-05 22:00:00,D,22,5,0,403,10.0,426.02,4,395.95
2026-01-05 23:00:00,A,23,5,0,426,10.0,590.55,5,621.26
2026-01-05 23:00:00,B,23,5,0,351,10.0,503.89,6,417.2
2026-01-05 23:00:00,C,23,5,0,475,15.2,458.22,4,503.28
2026-01-05 23:00:00,D,23,5,0,521,10.0,539.68,4,452.06
2026-01-06 00:00:00,A,0,6,0,659,10.0,732.07,5,655.22
2026-01-06 00:00:00,B,0,6,0,453,10.0,489.06,6,434.42
2026-01-06 00:00:00,C,0,6,0,498,10.0,641.31,4,541.64
2026-01-06 00:00:00,D,0,6,0,603,10.0,677.41,4,594.94
2026-01-06 01:00:00,A,1,6,0,644,11.21,814.53,5,668.9
2026-01-06 01:00:00,B,1,6,0,379,14.59,483.08,6,440.69
2026-01-06 01:00:00,C,1,6,0,496,11.06,776.28,4,584.33
2026-01-06 01:00:00,D,1,6,0,607,11.96,718.96,4,619.97
2026-01-06 02:00:00,A,2,6,0,821,10.0,900.07,5,762.74
2026-01-06 02:00:00,B,2,6,0,600,10.0,596.85,6,558.24
2026-01-06 02:00:00,C,2,6,0,640,10.0,791.08,4,670.11
2026-01-06 02:00:00,D,2,6,0,581,10.0,621.09,4,737.71
2026-01-06 03:00:00,A,3,6,0,767,10.0,786.25,5,865.97
2026-01-06 03:00:00,B,3,6,0,563,17.21,592.63,6,569.24
2026-01-06 03:00:00,C,3,6,0,755,10.0,893.32,4,712.29
2026-01-06 03:00:00,D,3,6,0,703,30.42,707.05,4,688.81
2026-01-06 04:00:00,A,4,6,0,815,21.88,922.88,5,905.0
2026-01-06 04:00:00,B,4,6,0,488,10.0,748.84,6,606.43
2026-01-06 04:00:00,C,4,6,0,709,10.0,925.24,4,768.57
2026-01-06 04:00:00,D,4,6,0,670,10.0,869.47,4,739.89
2026-01-06 05:00:00,A,5,6,0,860,10.0,1042.27,5,899.24
2026-01-06 05:00:00,B,5,6,0,666,17.89,601.43,6,671.59
2026-01-06 05:00:00,C,5,6,0,650,10.0,904.03,4,810.28
2026-01-06 05:00:00,D,5,6,0,728,10.0,872.81,4,752.68
2026-01-06 06:00:00,A,6,6,0,718,10.0,844.1,5,854.07
2026-01-06 06:00:00,B,6,6,0,500,10.0,796.88,6,697.15
2026-01-06 06:00:00,C,6,6,0,650,15.86,898.95,4,752.09
2026-01-06 06:00:00,D,6,6,0,802,10.0,854.28,4,784.21
2026-01-06 07:00:00,A,7,6,1,1326,10.25,1409.47,5,1312.12
2026-01-06 07:00:00,B,7,6,1,673,10.0,828.86,6,977.0
2026-01-06 07:00:00,C,7,6,1,840,12.94,1315.73,4,1261.33
2026-01-06 07:00:00,D,7,6,1,1183,10.0,1350.37,4,1185.48
2026-01-06 08:00:00,A,8,6,1,1145,10.0,1197.2,5,1238.03
2026-01-06 08:00:00,B,8,6,1,815,10.0,855.47,6,994.31
2026-01-06 08:00:00,C,8,6,1,898,13.2,1328.04,4,1110.0
2026-01-06 08:00:00,D,8,6,1,1026,10.0,983.76,4,1142.24
2026-01-06 09:00:00,A,9,6,1,866,10.0,1107.43,5,1347.84
2026-01-06 09:00:00,B,9,6,1,676,10.0,945.26,6,926.71
2026-01-06 09:00:00,C,9,6,1,1023,10.0,1141.46,4,1146.78
2026-01-06 09:00:00,D,9,6,1,892,10.0,1066.6,4,1095.01
2026-01-06 10:00:00,A,10,6,0,783,10.0,772.41,5,779.74
2026-01-06 10:00:00,B,10,6,0,574,29.85,617.56,6,543.02
2026-01-06 10:00:00,C,10,6,0,571,10.0,837.07,4,713.56
2026-01-06 10:00:00,D,10,6,0,516,10.0,803.87,4,660.84
2026-01-06 11:00:00,A,11,6,0,567,13.87,828.57,5,607.07
2026-01-06 11:00:00,B,11,6,0,403,10.0,557.28,6,476.79
2026-01-06 11:00:00,C,11,6,0,601,20.37,702.53,4,633.07
2026-01-06 11:00:00,D,11,6,0,550,10.0,686.93,4,632.07
2026-01-06 12:00:00,A,12,6,0,566,15.12,596.25,5,624.0
2026-01-06 12:00:00,B,12,6,0,371,21.11,460.65,6,509.46
2026-01-06 12:00:00,C,12,6,0,425,10.0,535.79,4,542.07
2026-01-06 12:00:00,D,12,6,0,415,10.0,659.89,4,539.51
2026-01-06 13:00:00,A,13,6,0,461,10.0,537.01,5,567.74
2026-01-06 13:00:00,B,13,6,0,355,10.0,501.16,6,409.71
2026-01-06 13:00:00,C,13,6,0,410,10.0,591.83,4,553.18
2026-01-06 13:00:00,D,13,6,0,448,10.0,507.1,4,477.78
2026-01-06 14:00:00,A,14,6,0,488,12.01,583.35,5,566.74
2026-01-06 14:00:00,B,14,6,0,325,10.0,429.89,6,467.91
2026-01-06 14:00:00,C,14,6,0,373,10.0,407.6,4,472.14
2026-01-06 14:00:00,D,14,6,0,458,10.0,519.7,4,559.59
2026-01-06 15:00:00,A,15,6,0,408,14.0,490.02,5,462.0
2026-01-06 15:00:00,B,15,6,0,283,35.23,311.49,6,303.84
2026-01-06 15:00:00,C,15,6,0,341,10.0,369.48,4,366.78
2026-01-06 15:00:00,D,15,6,0,376,10.0,412.71,4,413.4
2026-01-06 16:00:00,A,16,6,1,465,14.3,705.5,5,627.17
2026-01-06 16:00:00,B,16,6,1,373,10.0,497.82,6,448.1
2026-01-06 16:00:00,C,16,6,1,457,10.0,470.21,4,675.62
2026-01-06 16:00:00,D,16,6,1,402,22.34,607.67,4,665.92
2026-01-06 17:00:00,A,17,6,1,542,10.0,635.92,5,620.88
2026-01-06 17:00:00,B,17,6,1,433,16.96,361.18,6,587.44
2026-01-06 17:00:00,C,17,6,1,452,10.0,599.08,4,624.04
2026-01-06 17:00:00,D,17,6,1,402,10.0,460.41,4,609.36
2026-01-06 18:00:00,A,18,6,1,447,10.0,541.6,5,712.32
2026-01-06 18:00:00,B,18,6,1,328,10.0,418.92,6,456.68
2026-01-06 18:00:00,C,18,6,1,413,10.0,502.89,4,652.63
2026-01-06 18:00:00,D,18,6,1,498,10.0,524.37,4,566.34
2026-01-06 19:00:00,A,19,6,1,539,10.0,588.78,5,698.02
2026-01-06 19:00:00,B,19,6,1,425,10.0,435.01,6,535.66
2026-01-06 19:00:00,C,19,6,1,502,19.22,528.1,4,612.89
2026-01-06 19:00:00,D,19,6,1,429,10.0,534.26,4,622.97
2026-01-06 20:00:00,A,20,6,0,328,19.56,491.03,5,394.32
2026-01-06 20:00:00,B,20,6,0,323,10.0,293.18,6,205.42
2026-01-06 20:00:00,C,20,6,0,328,10.0,452.31,4,366.5
2026-01-06 20:00:00,D,20,6,0,389,10.0,449.14,4,392.29
2026-01-06 21:00:00,A,21,6,0,416,10.0,542.28,5,444.07
2026-01-06 21:00:00,B,21,6,0,277,10.0,308.61,6,341.36
2026-01-06 21:00:00,C,21,6,0,314,10.0,381.39,4,449.79
2026-01-06 21:00:00,D,21,6,0,384,18.53,376.64,4,387.69
2026-01-06 22:00:00,A,22,6,0,409,10.0,566.92,5,462.59
2026-01-06 22:00:00,B,22,6,0,373,10.0,350.8,6,343.57
2026-01-06 22:00:00,C,22,6,0,373,10.0,558.43,4,484.6
2026-01-06 22:00:00,D,22,6,0,423,10.0,450.32,4,435.39
2026-01-06 23:00:00,A,23,6,0,507,10.0,686.6,5,581.34
2026-01-06 23:00:00,B,23,6,0,406,10.0,498.67,6,473.35
2026-01-06 23:00:00,C,23,6,0,416,15.74,577.55,4,513.52
2026-01-06 23:00:00,D,23,6,0,393,19.81,608.76,4,519.53
2026-01-07 00:00:00,A,0,7,0,530,18.87,609.21,5,636.57
2026-01-07 00:00:00,B,0,7,0,466,10.0,540.97,6,455.18
2026-01-07 00:00:00,C,0,7,0,519,10.0,555.0,4,550.0
2026-01-07 00:00:00,D,0,7,0,409,32.73,574.43,4,575.11
2026-01-07 01:00:00,A,1,7,0,588,10.0,757.93,5,722.45
2026-01-07 01:00:00,B,1,7,0,392,10.0,507.12,6,493.99
2026-01-07 01:00:00,C,1,7,0,641,10.0,555.76,4,598.53
2026-01-07 01:00:00,D,1,7,0,511,10.0,710.13,4,588.64
2026-01-07 02:00:00,A,2,7,0,561,10.0,791.01,5,730.56
2026-01-07 02:00:00,B,2,7,0,557,10.0,479.4,6,514.07
2026-01-07 02:00:00,C,2,7,0,598,10.0,634.08,4,539.44
2026-01-07 02:00:00,D,2,7,0,567,18.37,694.59,4,714.0
2026-01-07 03:00:00,A,3,7,0,718,12.18,813.76,5,767.27
2026-01-07 03:00:00,B,3,7,0,616,10.0,604.7,6,616.05
2026-01-07 03:00:00,C,3,7,0,618,10.0,749.49,4,726.18
2026-01-07 03:00:00,D,3,7,0,599,18.18,623.48,4,712.37
2026-01-07 04:00:00,A,4,7,0,621,10.0,916.71,5,787.5
2026-01-07 04:00:00,B,4,7,0,587,10.0,611.46,6,555.44
2026-01-07 04:00:00,C,4,7,0,763,14.64,783.15,4,727.05
2026-01-07 04:00:00,D,4,7,0,774,15.04,871.69,4,754.31
2026-01-07 05:00:00,A,5,7,0,638,10.0,773.41,5,865.72
2026-01-07 05:00:00,B,5,7,0,485,10.0,615.91,6,613.96
2026-01-07 05:00:00,C,5,7,0,713,10.0,838.75,4,737.4
2026-01-07 05:00:00,D,5,7,0,712,10.0,742.42,4,667.22
2026-01-07 06:00:00,A,6,7,0,657,11.27,836.72,5,831.85
2026-01-07 06:00:00,B,6,7,0,588,10.0,692.53,6,597.63
2026-01-07 06:00:00,C,6,7,0,687,10.0,829.85,4,783.89
2026-01-07 06:00:00,D,6,7,0,658,13.39,902.42,4,712.33
2026-01-07 07:00:00,A,7,7,1,1181,10.0,1299.95,5,1316.13
2026-01-07 07:00:00,B,7,7,1,898,25.14,1033.88,6,981.58
2026-01-07 07:00:00,C,7,7,1,835,17.77,1119.89,4,1166.58
2026-01-07 07:00:00,D,7,7,1,940,11.39,1160.36,4,1076.33
2026-01-07 08:00:00,A,8,7,1,1248,10.0,1401.1,5,1217.3
2026-01-07 08:00:00,B,8,7,1,658,30.94,804.71,6,953.71
2026-01-07 08:00:00,C,8,7,1,1084,39.7,1194.96,4,1153.17
2026-01-07 08:00:00,D,8,7,1,986,12.78,1104.37,4,1126.15
2026-01-07 09:00:00,A,9,7,1,1043,10.0,1104.8,5,1225.13
2026-01-07 09:00:00,B,9,7,1,867,14.93,761.88,6,876.49
2026-01-07 09:00:00,C,9,7,1,820,10.0,919.21,4,1045.85
2026-01-07 09:00:00,D,9,7,1,994,10.0,1033.67,4,1114.49
2026-01-07 10:00:00,A,10,7,0,581,12.84,796.77,5,708.5
2026-01-07 10:00:00,B,10,7,0,431,11.25,587.5,6,557.33
2026-01-07 10:00:00,C,10,7,0,657,18.37,663.99,4,564.06
2026-01-07 10:00:00,D,10,7,0,499,10.0,615.68,4,587.29
2026-01-07 11:00:00,A,11,7,0,595,10.0,771.18,5,623.92
2026-01-07 11:00:00,B,11,7,0,528,10.0,449.13,6,458.1
2026-01-07 11:00:00,C,11,7,0,656,10.0,603.18,4,656.37
2026-01-07 11:00:00,D,11,7,0,558,10.19,569.84,4,535.36
2026-01-07 12:00:00,A,12,7,0,576,10.0,701.41,5,722.74
2026-01-07 12:00:00,B,12,7,0,479,19.82,466.86,6,412.99
2026-01-07 12:00:00,C,12,7,0,548,10.0,629.27,4,569.37
2026-01-07 12:00:00,D,12,7,0,529,41.71,496.12,4,601.81
2026-01-07 13:00:00,A,13,7,0,422,10.0,600.6,5,569.26
2026-01-07 13:00:00,B,13,7,0,296,22.56,439.98,6,414.18
2026-01-07 13:00:00,C,13,7,0,393,22.35,444.74,4,454.63
2026-01-07 13:00:00,D,13,7,0,509,16.59,447.03,4,471.06
2026-01-07 14:00:00,A,14,7,0,372,12.43,528.29,5,553.38
2026-01-07 14:00:00,B,14,7,0,364,10.0,337.1,6,316.92
2026-01-07 14:00:00,C,14,7,0,419,17.44,435.68,4,444.09
2026-01-07 14:00:00,D,14,7,0,366,10.0,517.97,4,439.16
2026-01-07 15:00:00,A,15,7,0,445,10.0,418.96,5,457.27
2026-01-07 15:00:00,B,15,7,0,321,13.82,339.43,6,289.53
2026-01-07 15:00:00,C,15,7,0,394,10.0,356.31,4,364.28
2026-01-07 15:00:00,D,15,7,0,321,10.0,356.88,4,439.62
2026-01-07 16:00:00,A,16,7,1,453,10.0,509.79,5,651.28
2026-01-07 16:00:00,B,16,7,1,398,26.91,447.43,6,512.69
2026-01-07 16:00:00,C,16,7,1,491,10.0,625.56,4,735.16
2026-01-07 16:00:00,D,16,7,1,415,25.84,608.62,4,632.48
2026-01-07 17:00:00,A,17,7,1,546,10.0,610.54,5,677.19
2026-01-07 17:00:00,B,17,7,1,408,10.0,361.82,6,473.57
2026-01-07 17:00:00,C,17,7,1,391,10.0,452.52,4,557.31
2026-01-07 17:00:00,D,17,7,1,412,10.0,518.53,4,598.31
2026-01-07 18:00:00,A,18,7,1,499,11.55,585.14,5,613.43
2026-01-07 18:00:00,B,18,7,1,402,10.0,398.16,6,550.67
2026-01-07 18:00:00,C,18,7,1,453,13.97,560.03,4,541.65
2026-01-07 18:00:00,D,18,7,1,411,10.0,449.24,4,622.38
2026-01-07 19:00:00,A,19,7,1,517,10.0,508.4,5,599.94
2026-01-07 19:00:00,B,19,7,1,386,10.0,413.89,6,489.56
2026-01-07 19:00:00,C,19,7,1,457,10.0,462.52,4,563.67
2026-01-07 19:00:00,D,19,7,1,441,21.56,571.84,4,634.15
2026-01-07 20:00:00,A,20,7,0,377,10.0,400.49,5,323.41
2026-01-07 20:00:00,B,20,7,0,267,12.46,271.84,6,260.03
2026-01-07 20:00:00,C,20,7,0,298,10.0,425.87,4,372.31
2026-01-07 20:00:00,D,20,7,0,289,11.21,393.98,4,382.9
2026-01-07 21:00:00,A,21,7,0,469,10.0,529.99,5,462.15
2026-01-07 21:00:00,B,21,7,0,317,10.0,358.34,6,304.82
2026-01-07 21:00:00,C,21,7,0,359,15.31,352.9,4,429.5
2026-01-07 21:00:00,D,21,7,0,311,16.96,346.09,4,343.1
2026-01-07 22:00:00,A,22,7,0,376,10.0,535.03,5,598.98
2026-01-07 22:00:00,B,22,7,0,347,16.78,394.55,6,325.21
2026-01-07 22:00:00,C,22,7,0,326,10.0,514.62,4,464.52
2026-01-07 22:00:00,D,22,7,0,433,13.8,495.01,4,347.12
2026-01-07 23:00:00,A,23,7,0,485,10.0,575.37,5,578.01
2026-01-07 23:00:00,B,23,7,0,329,10.0,394.35,6,316.61
2026-01-07 23:00:00,C,23,7,0,489,13.39,441.58,4,428.65
2026-01-07 23:00:00,D,23,7,0,504,20.3,430.99,4,432.03
2026-01-08 00:00:00,A,0,1,0,498,10.0,549.15,5,527.35
2026-01-08 00:00:00,B,0,1,0,438,10.0,483.65,6,438.9
2026-01-08 00:00:00,C,0,1,0,518,10.0,572.79,4,517.99
2026-01-08 00:00:00,D,0,1,0,535,10.0,492.65,4,508.24
2026-01-08 01:00:00,A,1,1,0,615,13.89,779.82,5,673.57
2026-01-08 01:00:00,B,1,1,0,385,10.0,573.2,6,493.59
2026-01-08 01:00:00,C,1,1,0,487,10.0,579.73,4,616.53
2026-01-08 01:00:00,D,1,1,0,481,16.17,581.95,4,609.87
2026-01-08 02:00:00,A,2,1,0,712,16.94,753.78,5,747.99
2026-01-08 02:00:00,B,2,1,0,464,10.0,529.86,6,475.87
2026-01-08 02:00:00,C,2,1,0,687,10.0,695.16,4,577.59
2026-01-08 02:00:00,D,2,1,0,521,16.58,588.2,4,587.25
2026-01-08 03:00:00,A,3,1,0,777,10.0,738.2,5,753.79
2026-01-08 03:00:00,B,3,1,0,486,10.0,700.68,6,554.77
2026-01-08 03:00:00,C,3,1,0,596,17.41,661.82,4,711.09
2026-01-08 03:00:00,D,3,1,0,596,13.05,793.81,4,641.13
2026-01-08 04:00:00,A,4,1,0,633,14.37,736.85,5,765.4
2026-01-08 04:00:00,B,4,1,0,516,10.0,548.17,6,564.51
2026-01-08 04:00:00,C,4,1,0,669,10.0,661.26,4,831.65
2026-01-08 04:00:00,D,4,1,0,586,10.0,672.74,4,632.87
2026-01-08 05:00:00,A,5,1,0,844,17.65,802.32,5,825.39
2026-01-08 05:00:00,B,5,1,0,594,11.95,593.7,6,572.49
2026-01-08 05:00:00,C,5,1,0,767,10.0,680.77,4,750.06
2026-01-08 05:00:00,D,5,1,0,772,10.0,773.65,4,729.77
2026-01-08 06:00:00,A,6,1,0,720,16.88,969.81,5,881.36
2026-01-08 06:00:00,B,6,1,0,604,10.0,643.87,6,653.02
2026-01-08 06:00:00,C,6,1,0,672,10.0,941.66,4,779.55
2026-01-08 06:00:00,D,6,1,0,650,10.0,805.77,4,778.22
2026-01-08 07:00:00,A,7,1,1,1279,14.74,1118.24,5,1271.43
2026-01-08 07:00:00,B,7,1,1,794,10.0,1065.08,6,975.48
2026-01-08 07:00:00,C,7,1,1,949,11.36,1003.06,4,1195.29
2026-01-08 07:00:00,D,7,1,1,829,10.0,987.21,4,1230.61
2026-01-08 08:00:00,A,8,1,1,1095,10.0,1438.98,5,1287.03
2026-01-08 08:00:00,B,8,1,1,850,11.12,791.43,6,940.49
2026-01-08 08:00:00,C,8,1,1,903,25.19,1009.43,4,1116.5
2026-01-08 08:00:00,D,8,1,1,1093,16.61,1011.13,4,1153.35
2026-01-08 09:00:00,A,9,1,1,935,13.79,1139.97,5,1214.54
2026-01-08 09:00:00,B,9,1,1,780,17.6,753.38,6,863.94
2026-01-08 09:00:00,C,9,1,1,792,10.0,994.45,4,1124.04
2026-01-08 09:00:00,D,9,1,1,941,10.0,1012.62,4,1049.45
2026-01-08 10:00:00,A,10,1,0,549,20.73,658.07,5,775.66
2026-01-08 10:00:00,B,10,1,0,481,10.25,530.46,6,498.77
2026-01-08 10:00:00,C,10,1,0,557,10.0,605.94,4,659.9
2026-01-08 10:00:00,D,10,1,0,612,10.0,690.88,4,666.74
2026-01-08 11:00:00,A,11,1,0,512,10.0,743.52,5,617.57
2026-01-08 11:00:00,B,11,1,0,397,10.0,484.41,6,540.55
2026-01-08 11:00:00,C,11,1,0,634,10.52,695.36,4,603.89
2026-01-08 11:00:00,D,11,1,0,586,10.0,549.13,4,639.75
2026-01-08 12:00:00,A,12,1,0,453,26.28,603.01,5,553.32
2026-01-08 12:00:00,B,12,1,0,410,10.0,405.6,6,453.28
2026-01-08 12:00:00,C,12,1,0,408,10.0,663.98,4,509.38
2026-01-08 12:00:00,D,12,1,0,398,10.0,526.17,4,533.43
2026-01-08 13:00:00,A,13,1,0,514,24.94,620.17,5,577.24
2026-01-08 13:00:00,B,13,1,0,423,10.0,477.61,6,411.23
2026-01-08 13:00:00,C,13,1,0,522,10.0,528.86,4,487.45
2026-01-08 13:00:00,D,13,1,0,378,14.96,517.14,4,480.19
2026-01-08 14:00:00,A,14,1,0,390,10.0,482.48,5,441.25
2026-01-08 14:00:00,B,14,1,0,359,10.0,436.23,6,334.48
2026-01-08 14:00:00,C,14,1,0,426,10.0,458.71,4,397.75
2026-01-08 14:00:00,D,14,1,0,403,10.0,435.47,4,411.35
2026-01-08 15:00:00,A,15,1,0,429,10.14,506.37,5,474.0
2026-01-08 15:00:00,B,15,1,0,286,10.0,367.01,6,309.38
2026-01-08 15:00:00,C,15,1,0,315,10.0,446.44,4,368.57
2026-01-08 15:00:00,D,15,1,0,390,10.0,341.91,4,326.58
2026-01-08 16:00:00,A,16,1,1,506,10.0,525.71,5,718.44
2026-01-08 16:00:00,B,16,1,1,316,10.0,376.61,6,552.92
2026-01-08 16:00:00,C,16,1,1,399,10.0,521.21,4,616.01
2026-01-08 16:00:00,D,16,1,1,425,10.0,552.05,4,627.34
2026-01-08 17:00:00,A,17,1,1,432,10.0,529.17,5,658.93
2026-01-08 17:00:00,B,17,1,1,392,10.96,462.11,6,391.47
2026-01-08 17:00:00,C,17,1,1,382,10.0,590.33,4,611.55
2026-01-08 17:00:00,D,17,1,1,478,23.56,528.6,4,600.62
2026-01-08 18:00:00,A,18,1,1,565,10.0,504.78,5,646.97
2026-01-08 18:00:00,B,18,1,1,340,10.0,352.93,6,499.2
2026-01-08 18:00:00,C,18,1,1,374,10.84,440.61,4,587.94
2026-01-08 18:00:00,D,18,1,1,425,13.84,557.95,4,533.79
2026-01-08 19:00:00,A,19,1,1,407,11.77,474.63,5,621.77
2026-01-08 19:00:00,B,19,1,1,308,10.27,472.86,6,447.84
2026-01-08 19:00:00,C,19,1,1,390,10.0,502.0,4,619.6
2026-01-08 19:00:00,D,19,1,1,424,10.0,460.01,4,542.45
2026-01-08 20:00:00,A,20,1,0,406,12.81,466.9,5,362.97
2026-01-08 20:00:00,B,20,1,0,276,10.0,321.11,6,259.99
2026-01-08 20:00:00,C,20,1,0,301,22.51,399.0,4,359.73
2026-01-08 20:00:00,D,20,1,0,336,10.0,325.49,4,390.24
2026-01-08 21:00:00,A,21,1,0,343,10.0,490.75,5,460.64
2026-01-08 21:00:00,B,21,1,0,319,10.0,322.7,6,309.89
2026-01-08 21:00:00,C,21,1,0,419,10.0,476.19,4,336.98
2026-01-08 21:00:00,D,21,1,0,333,10.0,448.15,4,357.82
2026-01-08 22:00:00,A,22,1,0,459,32.01,594.5,5,507.39
2026-01-08 22:00:00,B,22,1,0,289,35.03,363.59,6,300.13
2026-01-08 22:00:00,C,22,1,0,331,10.0,399.58,4,418.25
2026-01-08 22:00:00,D,22,1,0,319,11.76,446.66,4,480.95
2026-01-08 23:00:00,A,23,1,0,441,10.0,529.95,5,489.11
2026-01-08 23:00:00,B,23,1,0,312,10.0,364.45,6,412.94
2026-01-08 23:00:00,C,23,1,0,409,10.0,573.06,4,444.1
2026-01-08 23:00:00,D,23,1,0,471,10.0,455.6,4,464.49
2026-01-09 00:00:00,A,0,2,0,659,10.0,774.35,5,635.86
2026-01-09 00:00:00,B,0,2,0,355,12.65,482.25,6,510.96
2026-01-09 00:00:00,C,0,2,0,546,26.55,661.08,4,667.48
2026-01-09 00:00:00,D,0,2,0,465,10.0,507.0,4,568.21
2026-01-09 01:00:00,A,1,2,0,674,10.0,639.97,5,698.36
2026-01-09 01:00:00,B,1,2,0,504,11.64,472.05,6,447.2
2026-01-09 01:00:00,C,1,2,0,637,27.76,661.33,4,568.67
2026-01-09 01:00:00,D,1,2,0,543,10.0,587.84,4,637.72
2026-01-09 02:00:00,A,2,2,0,822,10.73,811.34,5,766.65
2026-01-09 02:00:00,B,2,2,0,412,10.0,493.02,6,568.11
2026-01-09 02:00:00,C,2,2,0,587,10.0,751.41,4,653.57
2026-01-09 02:00:00,D,2,2,0,532,10.0,693.71,4,661.79
2026-01-09 03:00:00,A,3,2,0,670,15.81,809.72,5,850.1
2026-01-09 03:00:00,B,3,2,0,635,10.0,712.74,6,641.92
2026-01-09 03:00:00,C,3,2,0,677,10.0,661.94,4,758.42
2026-01-09 03:00:00,D,3,2,0,610,10.0,789.01,4,635.94
2026-01-09 04:00:00,A,4,2,0,769,19.78,1027.99,5,838.6
2026-01-09 04:00:00,B,4,2,0,510,15.34,613.85,6,608.0
2026-01-09 04:00:00,C,4,2,0,579,10.0,922.48,4,735.44
2026-01-09 04:00:00,D,4,2,0,769,10.0,851.6,4,762.3
2026-01-09 05:00:00,A,5,2,0,699,10.0,806.62,5,812.63
2026-01-09 05:00:00,B,5,2,0,658,10.0,651.84,6,647.75
2026-01-09 05:00:00,C,5,2,0,751,10.0,942.19,4,753.47
2026-01-09 05:00:00,D,5,2,0,654,10.0,738.17,4,766.82
2026-01-09 06:00:00,A,6,2,0,681,14.71,1050.69,5,895.7
2026-01-09 06:00:00,B,6,2,0,481,10.0,654.71,6,637.47
2026-01-09 06:00:00,C,6,2,0,611,10.0,722.35,4,730.9
2026-01-09 06:00:00,D,6,2,0,848,10.0,881.12,4,750.12
2026-01-09 07:00:00,A,7,2,1,1206,30.38,1509.37,5,1416.9
2026-01-09 07:00:00,B,7,2,1,890,14.85,910.65,6,980.21
2026-01-09 07:00:00,C,7,2,1,1068,10.0,1169.27,4,1190.43
2026-01-09 07:00:00,D,7,2,1,1078,18.35,985.5,4,1175.26
2026-01-09 08:00:00,A,8,2,1,1118,10.0,1122.66,5,1366.07
2026-01-09 08:00:00,B,8,2,1,897,10.0,798.03,6,944.71
2026-01-09 08:00:00,C,8,2,1,1014,23.24,1174.41,4,1194.02
2026-01-09 08:00:00,D,8,2,1,918,11.58,1191.06,4,1174.51
2026-01-09 09:00:00,A,9,2,1,961,10.0,1239.34,5,1269.09
2026-01-09 09:00:00,B,9,2,1,808,18.34,952.04,6,941.39
2026-01-09 09:00:00,C,9,2,1,929,10.0,1202.71,4,1192.74
2026-01-09 09:00:00,D,9,2,1,1078,18.28,1094.89,4,1075.13
2026-01-09 10:00:00,A,10,2,0,728,14.6,881.34,5,741.23
2026-01-09 10:00:00,B,10,2,0,564,10.0,505.36,6,625.35
2026-01-09 10:00:00,C,10,2,0,565,10.0,641.28,4,587.36
2026-01-09 10:00:00,D,10,2,0,563,10.0,654.42,4,653.52
2026-01-09 11:00:00,A,11,2,0,727,10.0,777.8,5,714.64
2026-01-09 11:00:00,B,11,2,0,522,10.0,622.59,6,503.69
2026-01-09 11:00:00,C,11,2,0,480,10.0,681.54,4,633.95
2026-01-09 11:00:00,D,11,2,0,554,21.66,639.62,4,566.44
2026-01-09 12:00:00,A,12,2,0,652,10.0,607.96,5,676.54
2026-01-09 12:00:00,B,12,2,0,346,10.0,514.0,6,455.41
2026-01-09 12:00:00,C,12,2,0,578,14.24,624.0,4,480.85
2026-01-09 12:00:00,D,12,2,0,499,16.18,624.11,4,567.62
2026-01-09 13:00:00,A,13,2,0,479,12.8,503.91,5,586.58
2026-01-09 13:00:00,B,13,2,0,429,10.0,383.35,6,349.94
2026-01-09 13:00:00,C,13,2,0,462,10.0,456.81,4,442.27
2026-01-09 13:00:00,D,13,2,0,454,10.0,504.89,4,496.39
2026-01-09 14:00:00,A,14,2,0,490,18.95,562.5,5,484.78
2026-01-09 14:00:00,B,14,2,0,393,10.0,441.47,6,358.42
2026-01-09 14:00:00,C,14,2,0,371,10.0,504.26,4,422.54
2026-01-09 14:00:00,D,14,2,0,462,10.0,483.65,4,480.43
2026-01-09 15:00:00,A,15,2,0,412,18.97,451.44,5,500.67
2026-01-09 15:00:00,B,15,2,0,344,15.04,372.43,6,377.23
2026-01-09 15:00:00,C,15,2,0,362,10.0,492.78,4,374.23
2026-01-09 15:00:00,D,15,2,0,368,10.0,444.23,4,415.28
2026-01-09 16:00:00,A,16,2,1,592,10.0,566.02,5,659.99
2026-01-09 16:00:00,B,16,2,1,381,17.29,481.8,6,530.92
2026-01-09 16:00:00,C,16,2,1,437,10.0,627.96,4,621.05
2026-01-09 16:00:00,D,16,2,1,416,10.0,622.43,4,591.62
2026-01-09 17:00:00,A,17,2,1,443,10.0,598.24,5,537.96
2026-01-09 17:00:00,B,17,2,1,320,10.0,452.4,6,489.56
2026-01-09 17:00:00,C,17,2,1,523,10.0,457.68,4,583.9
2026-01-09 17:00:00,D,17,2,1,441,15.2,475.4,4,646.15
2026-01-09 18:00:00,A,18,2,1,549,10.0,602.22,5,601.0
2026-01-09 18:00:00,B,18,2,1,305,10.0,369.88,6,537.97
2026-01-09 18:00:00,C,18,2,1,438,10.0,440.14,4,615.89
2026-01-09 18:00:00,D,18,2,1,431,10.0,463.34,4,608.95
2026-01-09 19:00:00,A,19,2,1,486,10.0,539.96,5,627.19
2026-01-09 19:00:00,B,19,2,1,410,10.0,390.1,6,526.6
2026-01-09 19:00:00,C,19,2,1,421,14.28,465.19,4,593.32
2026-01-09 19:00:00,D,19,2,1,441,14.71,435.67,4,674.08
2026-01-09 20:00:00,A,20,2,0,360,14.99,379.84,5,407.08
2026-01-09 20:00:00,B,20,2,0,235,10.0,367.11,6,237.31
2026-01-09 20:00:00,C,20,2,0,331,10.0,333.26,4,395.76
2026-01-09 20:00:00,D,20,2,0,374,13.19,387.25,4,316.14
2026-01-09 21:00:00,A,21,2,0,482,10.0,434.29,5,496.08
2026-01-09 21:00:00,B,21,2,0,268,10.0,376.31,6,338.18
2026-01-09 21:00:00,C,21,2,0,305,10.0,376.16,4,350.82
2026-01-09 21:00:00,D,21,2,0,310,10.0,441.68,4,330.64
2026-01-09 22:00:00,A,22,2,0,493,10.0,502.58,5,501.13
2026-01-09 22:00:00,B,22,2,0,357,13.3,441.24,6,321.71
2026-01-09 22:00:00,C,22,2,0,351,10.0,477.83,4,490.54
2026-01-09 22:00:00,D,22,2,0,418,10.0,529.98,4,390.22
2026-01-09 23:00:00,A,23,2,0,496,19.38,551.86,5,556.07
2026-01-09 23:00:00,B,23,2,0,416,14.47,505.27,6,382.31
2026-01-09 23:00:00,C,23,2,0,456,11.74,480.61,4,546.15
2026-01-09 23:00:00,D,23,2,0,384,10.0,578.6,4,520.51
2026-01-10 00:00:00,A,0,3,0,519,10.0,742.95,5,678.11
2026-01-10 00:00:00,B,0,3,0,452,10.0,418.47,6,513.27
2026-01-10 00:00:00,C,0,3,0,498,10.0,673.19,4,553.34
2026-01-10 00:00:00,D,0,3,0,513,21.54,525.16,4,527.62
2026-01-10 01:00:00,A,1,3,0,739,28.01,695.81,5,714.58
2026-01-10 01:00:00,B,1,3,0,403,10.0,551.28,6,486.29
2026-01-10 01:00:00,C,1,3,0,536,10.0,664.35,4,707.49
2026-01-10 01:00:00,D,1,3,0,651,18.71,709.29,4,647.92
2026-01-10 02:00:00,A,2,3,0,807,10.0,868.02,5,743.99
2026-01-10 02:00:00,B,2,3,0,453,11.83,513.86,6,576.76
2026-01-10 02:00:00,C,2,3,0,527,22.1,843.67,4,674.68
2026-01-10 02:00:00,D,2,3,0,605,10.0,781.28,4,690.09
2026-01-10 03:00:00,A,3,3,0,694,23.72,906.08,5,664.02
2026-01-10 03:00:00,B,3,3,0,466,10.0,651.42,6,613.33
2026-01-10 03:00:00,C,3,3,0,601,10.0,862.09,4,688.21
2026-01-10 03:00:00,D,3,3,0,681,10.0,839.94,4,676.52
2026-01-10 04:00:00,A,4,3,0,841,10.0,1037.09,5,833.54
2026-01-10 04:00:00,B,4,3,0,468,10.0,756.12,6,610.5
2026-01-10 04:00:00,C,4,3,0,611,12.52,925.88,4,786.56
2026-01-10 04:00:00,D,4,3,0,713,10.0,825.24,4,729.5
2026-01-10 05:00:00,A,5,3,0,778,28.73,998.66,5,822.38
2026-01-10 05:00:00,B,5,3,0,667,10.0,711.61,6,664.54
2026-01-10 05:00:00,C,5,3,0,606,19.52,888.83,4,803.72
2026-01-10 05:00:00,D,5,3,0,594,10.0,694.65,4,740.96
2026-01-10 06:00:00,A,6,3,0,876,12.82,959.66,5,910.14
2026-01-10 06:00:00,B,6,3,0,642,21.68,752.1,6,691.55
2026-01-10 06:00:00,C,6,3,0,676,17.37,973.1,4,735.39
2026-01-10 06:00:00,D,6,3,0,622,10.0,868.46,4,880.01
2026-01-10 07:00:00,A,7,3,1,1083,10.0,1368.37,5,1351.54
2026-01-10 07:00:00,B,7,3,1,850,10.0,862.7,6,1048.63
2026-01-10 07:00:00,C,7,3,1,1190,10.91,1379.55,4,1222.23
2026-01-10 07:00:00,D,7,3,1,1143,36.25,1149.94,4,1216.22
2026-01-10 08:00:00,A,8,3,1,1230,10.0,1263.87,5,1305.28
2026-01-10 08:00:00,B,8,3,1,851,10.0,788.93,6,940.21
2026-01-10 08:00:00,C,8,3,1,1045,10.0,1080.81,4,1124.37
2026-01-10 08:00:00,D,8,3,1,1042,10.0,1147.93,4,1068.35
2026-01-10 09:00:00,A,9,3,1,917,20.49,1309.77,5,1331.41
2026-01-10 09:00:00,B,9,3,1,791,10.0,895.1,6,903.3
2026-01-10 09:00:00,C,9,3,1,882,11.47,971.41,4,1183.05
2026-01-10 09:00:00,D,9,3,1,843,10.0,1079.4,4,1141.65
2026-01-10 10:00:00,A,10,3,0,664,10.0,858.84,5,758.91
2026-01-10 10:00:00,B,10,3,0,459,13.13,520.27,6,481.11
2026-01-10 10:00:00,C,10,3,0,643,14.42,644.23,4,669.13
2026-01-10 10:00:00,D,10,3,0,659,23.8,656.08,4,671.7
2026-01-10 11:00:00,A,11,3,0,717,15.29,707.26,5,769.73
2026-01-10 11:00:00,B,11,3,0,390,10.0,579.07,6,425.19
2026-01-10 11:00:00,C,11,3,0,493,10.0,560.21,4,625.49
2026-01-10 11:00:00,D,11,3,0,554,34.78,634.25,4,676.42
2026-01-10 12:00:00,A,12,3,0,540,10.0,634.99,5,614.92
2026-01-10 12:00:00,B,12,3,0,413,11.88,561.21,6,512.8
2026-01-10 12:00:00,C,12,3,0,598,10.0,689.47,4,594.91
2026-01-10 12:00:00,D,12,3,0,586,10.0,526.51,4,479.96
2026-01-10 13:00:00,A,13,3,0,488,10.0,667.24,5,535.52
2026-01-10 13:00:00,B,13,3,0,382,10.0,507.08,6,465.44
2026-01-10 13:00:00,C,13,3,0,407,10.0,529.02,4,490.83
2026-01-10 13:00:00,D,13,3,0,377,10.0,609.02,4,506.61
2026-01-10 14:00:00,A,14,3,0,391,10.0,556.0,5,532.04
2026-01-10 14:00:00,B,14,3,0,339,10.0,422.17,6,283.63
2026-01-10 14:00:00,C,14,3,0,454,10.0,544.23,4,420.97
2026-01-10 14:00:00,D,14,3,0,388,10.0,504.68,4,460.01
2026-01-10 15:00:00,A,15,3,0,401,10.0,534.21,5,520.6
2026-01-10 15:00:00,B,15,3,0,250,10.0,310.69,6,214.42
2026-01-10 15:00:00,C,15,3,0,395,10.0,390.52,4,364.1
2026-01-10 15:00:00,D,15,3,0,434,12.67,384.32,4,407.18
2026-01-10 16:00:00,A,16,3,1,515,10.0,666.8,5,648.08
2026-01-10 16:00:00,B,16,3,1,354,10.0,392.16,6,485.69
2026-01-10 16:00:00,C,16,3,1,415,10.0,640.35,4,604.38
2026-01-10 16:00:00,D,16,3,1,481,10.0,541.84,4,556.62
2026-01-10 17:00:00,A,17,3,1,436,10.0,661.23,5,647.98
2026-01-10 17:00:00,B,17,3,1,414,10.0,398.32,6,451.07
2026-01-10 17:00:00,C,17,3,1,484,10.0,586.22,4,520.73
2026-01-10 17:00:00,D,17,3,1,462,10.0,541.91,4,605.64
2026-01-10 18:00:00,A,18,3,1,408,10.0,525.98,5,710.86
2026-01-10 18:00:00,B,18,3,1,378,10.0,405.76,6,527.99
2026-01-10 18:00:00,C,18,3,1,378,10.0,514.78,4,604.07
2026-01-10 18:00:00,D,18,3,1,385,10.0,454.78,4,607.7
2026-01-10 19:00:00,A,19,3,1,553,10.0,488.73,5,600.83
2026-01-10 19:00:00,B,19,3,1,424,12.52,380.65,6,519.43
2026-01-10 19:00:00,C,19,3,1,390,10.0,549.03,4,590.8
2026-01-10 19:00:00,D,19,3,1,390,10.0,491.07,4,644.76
2026-01-10 20:00:00,A,20,3,0,309,10.0,503.33,5,348.17
2026-01-10 20:00:00,B,20,3,0,274,10.0,326.44,6,247.02
2026-01-10 20:00:00,C,20,3,0,317,10.0,448.36,4,383.58
2026-01-10 20:00:00,D,20,3,0,329,11.82,391.48,4,303.85
2026-01-10 21:00:00,A,21,3,0,364,18.39,421.67,5,491.52
2026-01-10 21:00:00,B,21,3,0,314,10.0,320.79,6,290.5
2026-01-10 21:00:00,C,21,3,0,374,10.43,487.66,4,506.09
2026-01-10 21:00:00,D,21,3,0,324,10.0,427.24,4,369.64
2026-01-10 22:00:00,A,22,3,0,418,10.0,534.4,5,374.54
2026-01-10 22:00:00,B,22,3,0,346,10.0,443.79,6,248.69
2026-01-10 22:00:00,C,22,3,0,355,13.28,558.07,4,501.04
2026-01-10 22:00:00,D,22,3,0,348,10.0,492.74,4,431.74
2026-01-10 23:00:00,A,23,3,0,479,10.0,672.94,5,520.67
2026-01-10 23:00:00,B,23,3,0,404,10.0,464.88,6,415.83
2026-01-10 23:00:00,C,23,3,0,389,23.78,524.01,4,435.47
2026-01-10 23:00:00,D,23,3,0,423,10.0,524.5,4,499.61
2026-01-11 00:00:00,A,0,4,0,652,10.0,719.61,5,642.21
2026-01-11 00:00:00,B,0,4,0,464,14.36,568.42,6,438.33
2026-01-11 00:00:00,C,0,4,0,576,10.0,590.98,4,534.64
2026-01-11 00:00:00,D,0,4,0,433,10.13,595.5,4,506.82
2026-01-11 01:00:00,A,1,4,0,544,15.19,765.12,5,653.43
2026-01-11 01:00:00,B,1,4,0,542,10.0,612.83,6,610.26
2026-01-11 01:00:00,C,1,4,0,553,10.0,653.1,4,680.1
2026-01-11 01:00:00,D,1,4,0,618,10.0,735.01,4,649.63
2026-01-11 02:00:00,A,2,4,0,809,10.0,739.91,5,787.69
2026-01-11 02:00:00,B,2,4,0,563,10.0,575.99,6,544.55
2026-01-11 02:00:00,C,2,4,0,724,10.0,702.08,4,711.27
2026-01-11 02:00:00,D,2,4,0,700,10.0,637.77,4,594.32
2026-01-11 03:00:00,A,3,4,0,815,10.0,979.47,5,752.86
2026-01-11 03:00:00,B,3,4,0,496,10.0,647.77,6,594.84
2026-01-11 03:00:00,C,3,4,0,759,10.0,732.91,4,720.1
2026-01-11 03:00:00,D,3,4,0,590,10.0,711.09,4,698.28
2026-01-11 04:00:00,A,4,4,0,882,10.0,958.33,5,827.63
2026-01-11 04:00:00,B,4,4,0,576,10.0,755.31,6,612.23
2026-01-11 04:00:00,C,4,4,0,785,29.76,753.58,4,746.14
2026-01-11 04:00:00,D,4,4,0,595,21.16,695.87,4,783.8
2026-01-11 05:00:00,A,5,4,0,842,10.0,983.96,5,812.36
2026-01-11 05:00:00,B,5,4,0,481,10.0,613.81,6,671.26
2026-01-11 05:00:00,C,5,4,0,699,10.0,751.02,4,786.85
2026-01-11 05:00:00,D,5,4,0,750,10.0,846.84,4,833.4
2026-01-11 06:00:00,A,6,4,0,760,16.6,1068.51,5,848.88
2026-01-11 06:00:00,B,6,4,0,492,10.0,705.51,6,633.14
2026-01-11 06:00:00,C,6,4,0,653,10.0,975.44,4,902.59
2026-01-11 06:00:00,D,6,4,0,705,10.0,800.04,4,771.94
2026-01-11 07:00:00,A,7,4,1,1191,10.0,1177.6,5,1315.55
2026-01-11 07:00:00,B,7,4,1,787,16.7,1006.67,6,1035.54
2026-01-11 07:00:00,C,7,4,1,996,10.0,1244.89,4,1239.81
2026-01-11 07:00:00,D,7,4,1,947,10.0,1187.91,4,1199.64
2026-01-11 08:00:00,A,8,4,1,1062,10.0,1270.54,5,1326.24
2026-01-11 08:00:00,B,8,4,1,681,10.0,933.44,6,1030.1
2026-01-11 08:00:00,C,8,4,1,811,10.0,989.69,4,1169.17
2026-01-11 08:00:00,D,8,4,1,880,10.0,1142.64,4,1200.52
2026-01-11 09:00:00,A,9,4,1,861,12.48,1355.71,5,1184.01
2026-01-11 09:00:00,B,9,4,1,721,10.0,949.92,6,926.45
2026-01-11 09:00:00,C,9,4,1,802,10.0,936.46,4,1131.94
2026-01-11 09:00:00,D,9,4,1,921,10.0,1247.55,4,1192.75
2026-01-11 10:00:00,A,10,4,0,617,27.73,848.84,5,752.05
2026-01-11 10:00:00,B,10,4,0,433,10.0,674.0,6,483.25
2026-01-11 10:00:00,C,10,4,0,671,10.0,657.8,4,758.85
2026-01-11 10:00:00,D,10,4,0,500,10.0,698.04,4,647.16
2026-01-11 11:00:00,A,11,4,0,660,10.0,764.97,5,687.14
2026-01-11 11:00:00,B,11,4,0,485,24.29,483.86,6,490.76
2026-01-11 11:00:00,C,11,4,0,627,17.93,594.09,4,613.88
2026-01-11 11:00:00,D,11,4,0,574,10.0,576.59,4,539.73
2026-01-11 12:00:00,A,12,4,0,486,12.24,692.99,5,626.18
2026-01-11 12:00:00,B,12,4,0,381,15.1,428.37,6,450.65
2026-01-11 12:00:00,C,12,4,0,476,17.03,639.87,4,587.01
2026-01-11 12:00:00,D,12,4,0,453,10.0,571.82,4,538.5
2026-01-11 13:00:00,A,13,4,0,516,10.0,663.86,5,513.69
2026-01-11 13:00:00,B,13,4,0,359,10.0,383.26,6,454.45
2026-01-11 13:00:00,C,13,4,0,445,10.0,523.9,4,456.3
2026-01-11 13:00:00,D,13,4,0,395,13.88,540.15,4,497.27
2026-01-11 14:00:00,A,14,4,0,490,10.0,499.49,5,517.81
2026-01-11 14:00:00,B,14,4,0,371,10.0,365.02,6,359.58
2026-01-11 14:00:00,C,14,4,0,368,10.0,463.1,4,421.11
2026-01-11 14:00:00,D,14,4,0,377,10.0,492.44,4,436.81
2026-01-11 15:00:00,A,15,4,0,393,10.0,481.24,5,477.49
2026-01-11 15:00:00,B,15,4,0,275,24.98,329.81,6,284.95
2026-01-11 15:00:00,C,15,4,0,427,10.0,454.18,4,370.77
2026-01-11 15:00:00,D,15,4,0,339,35.5,364.77,4,404.85
2026-01-11 16:00:00,A,16,4,1,622,17.55,706.48,5,702.11
2026-01-11 16:00:00,B,16,4,1,421,10.0,461.61,6,487.88
2026-01-11 16:00:00,C,16,4,1,474,10.0,500.13,4,602.99
2026-01-11 16:00:00,D,16,4,1,517,12.47,618.47,4,726.55
2026-01-11 17:00:00,A,17,4,1,580,10.0,677.48,5,655.6
2026-01-11 17:00:00,B,17,4,1,372,10.0,435.74,6,441.74
2026-01-11 17:00:00,C,17,4,1,378,20.13,552.12,4,624.46
2026-01-11 17:00:00,D,17,4,1,469,10.0,523.41,4,680.75
2026-01-11 18:00:00,A,18,4,1,442,10.0,615.16,5,674.15
2026-01-11 18:00:00,B,18,4,1,403,10.0,416.31,6,476.76
2026-01-11 18:00:00,C,18,4,1,507,10.0,508.14,4,578.41
2026-01-11 18:00:00,D,18,4,1,411,10.0,496.06,4,596.9
2026-01-11 19:00:00,A,19,4,1,490,10.0,650.67,5,708.51
2026-01-11 19:00:00,B,19,4,1,344,10.0,446.42,6,580.01
2026-01-11 19:00:00,C,19,4,1,506,22.2,576.22,4,575.9
2026-01-11 19:00:00,D,19,4,1,487,24.39,594.86,4,552.64
2026-01-11 20:00:00,A,20,4,0,421,12.52,434.84,5,423.34
2026-01-11 20:00:00,B,20,4,0,305,10.0,321.75,6,313.39
2026-01-11 20:00:00,C,20,4,0,374,10.0,361.88,4,238.98
2026-01-11 20:00:00,D,20,4,0,359,10.0,421.42,4,362.36
2026-01-11 21:00:00,A,21,4,0,406,10.0,465.6,5,523.28
2026-01-11 21:00:00,B,21,4,0,316,23.97,301.15,6,313.06
2026-01-11 21:00:00,C,21,4,0,423,20.06,425.69,4,373.22
2026-01-11 21:00:00,D,21,4,0,427,10.0,482.51,4,387.88
2026-01-11 22:00:00,A,22,4,0,455,10.0,471.65,5,445.66
2026-01-11 22:00:00,B,22,4,0,302,10.0,366.25,6,429.91
2026-01-11 22:00:00,C,22,4,0,454,10.0,554.45,4,456.1
2026-01-11 22:00:00,D,22,4,0,340,21.83,543.09,4,459.61
2026-01-11 23:00:00,A,23,4,0,453,13.02,558.26,5,578.9
2026-01-11 23:00:00,B,23,4,0,436,10.0,494.11,6,395.28
2026-01-11 23:00:00,C,23,4,0,555,10.89,571.79,4,533.38
2026-01-11 23:00:00,D,23,4,0,386,14.98,572.53,4,545.26
2026-01-12 00:00:00,A,0,5,0,474,24.18,748.79,5,638.55
2026-01-12 00:00:00,B,0,5,0,368,10.0,546.94,6,466.65
2026-01-12 00:00:00,C,0,5,0,593,23.12,663.33,4,580.29
2026-01-12 00:00:00,D,0,5,0,464,10.0,556.41,4,575.18
2026-01-12 01:00:00,A,1,5,0,622,11.85,719.63,5,699.5
2026-01-12 01:00:00,B,1,5,0,459,10.0,625.69,6,480.09
2026-01-12 01:00:00,C,1,5,0,557,10.0,615.81,4,615.54
2026-01-12 01:00:00,D,1,5,0,534,10.0,587.9,4,525.68
2026-01-12 02:00:00,A,2,5,0,760,18.66,867.22,5,726.23
2026-01-12 02:00:00,B,2,5,0,504,10.0,632.8,6,599.26
2026-01-12 02:00:00,C,2,5,0,525,10.0,676.75,4,668.24
2026-01-12 02:00:00,D,2,5,0,603,17.52,691.88,4,688.71
2026-01-12 03:00:00,A,3,5,0,665,10.0,898.68,5,749.31
2026-01-12 03:00:00,B,3,5,0,450,10.0,633.15,6,539.59
2026-01-12 03:00:00,C,3,5,0,736,10.57,799.07,4,729.82
2026-01-12 03:00:00,D,3,5,0,765,26.66,743.61,4,713.36
2026-01-12 04:00:00,A,4,5,0,789,10.0,858.75,5,804.27
2026-01-12 04:00:00,B,4,5,0,655,10.0,749.15,6,667.13
2026-01-12 04:00:00,C,4,5,0,720,10.0,887.07,4,750.46
2026-01-12 04:00:00,D,4,5,0,735,10.0,839.93,4,685.9
2026-01-12 05:00:00,A,5,5,0,737,11.32,998.07,5,858.14
2026-01-12 05:00:00,B,5,5,0,486,10.0,671.62,6,700.9
2026-01-12 05:00:00,C,5,5,0,843,10.0,817.64,4,778.16
2026-01-12 05:00:00,D,5,5,0,586,10.0,880.41,4,796.47
2026-01-12 06:00:00,A,6,5,0,821,38.22,1044.09,5,825.9
2026-01-12 06:00:00,B,6,5,0,679,10.0,723.99,6,605.85
2026-01-12 06:00:00,C,6,5,0,689,19.29,915.55,4,838.85
2026-01-12 06:00:00,D,6,5,0,689,10.0,861.59,4,786.1
2026-01-12 07:00:00,A,7,5,1,1347,10.13,1309.26,5,1318.98
2026-01-12 07:00:00,B,7,5,1,975,17.54,819.25,6,982.24
2026-01-12 07:00:00,C,7,5,1,839,14.11,1330.72,4,1177.36
2026-01-12 07:00:00,D,7,5,1,866,35.6,1181.92,4,1194.36
2026-01-12 08:00:00,A,8,5,1,1010,10.0,1180.12,5,1282.02
2026-01-12 08:00:00,B,8,5,1,914,10.0,962.0,6,974.03
2026-01-12 08:00:00,C,8,5,1,1074,10.0,1242.68,4,1235.18
2026-01-12 08:00:00,D,8,5,1,881,10.0,1071.43,4,1248.63
2026-01-12 09:00:00,A,9,5,1,1161,13.48,1226.05,5,1219.36
2026-01-12 09:00:00,B,9,5,1,767,14.59,795.67,6,939.75
2026-01-12 09:00:00,C,9,5,1,1125,31.78,1166.07,4,1149.24
2026-01-12 09:00:00,D,9,5,1,793,21.2,1058.34,4,1142.14
2026-01-12 10:00:00,A,10,5,0,687,10.0,716.15,5,832.74
2026-01-12 10:00:00,B,10,5,0,525,10.0,555.53,6,543.54
2026-01-12 10:00:00,C,10,5,0,615,10.21,719.46,4,591.49
2026-01-12 10:00:00,D,10,5,0,555,10.0,708.95,4,673.48
2026-01-12 11:00:00,A,11,5,0,630,10.0,684.67,5,782.77
2026-01-12 11:00:00,B,11,5,0,451,18.88,485.73,6,484.89
2026-01-12 11:00:00,C,11,5,0,647,10.0,702.92,4,557.17
2026-01-12 11:00:00,D,11,5,0,589,10.0,679.4,4,643.3
2026-01-12 12:00:00,A,12,5,0,528,10.0,751.86,5,716.08
2026-01-12 12:00:00,B,12,5,0,450,10.0,481.57,6,447.53
2026-01-12 12:00:00,C,12,5,0,542,31.35,516.7,4,651.9
2026-01-12 12:00:00,D,12,5,0,567,17.99,640.64,4,538.47
2026-01-12 13:00:00,A,13,5,0,434,29.7,649.63,5,616.58
2026-01-12 13:00:00,B,13,5,0,368,10.0,481.13,6,485.82
2026-01-12 13:00:00,C,13,5,0,393,10.0,491.12,4,450.43
2026-01-12 13:00:00,D,13,5,0,492,10.0,559.47,4,435.55
2026-01-12 14:00:00,A,14,5,0,428,10.0,589.96,5,500.01
2026-01-12 14:00:00,B,14,5,0,332,10.0,398.0,6,421.28
2026-01-12 14:00:00,C,14,5,0,430,10.0,483.43,4,432.28
2026-01-12 14:00:00,D,14,5,0,416,10.0,474.67,4,479.96
2026-01-12 15:00:00,A,15,5,0,395,18.13,500.86,5,459.05
2026-01-12 15:00:00,B,15,5,0,321,10.0,324.26,6,322.25
2026-01-12 15:00:00,C,15,5,0,425,12.05,420.22,4,470.62
2026-01-12 15:00:00,D,15,5,0,423,10.0,423.47,4,356.59
2026-01-12 16:00:00,A,16,5,1,600,16.0,620.41,5,751.53
2026-01-12 16:00:00,B,16,5,1,403,10.0,521.58,6,503.66
2026-01-12 16:00:00,C,16,5,1,468,10.0,566.03,4,642.99
2026-01-12 16:00:00,D,16,5,1,540,10.0,584.54,4,572.13
2026-01-12 17:00:00,A,17,5,1,571,10.0,604.9,5,640.14
2026-01-12 17:00:00,B,17,5,1,396,10.0,376.62,6,414.63
2026-01-12 17:00:00,C,17,5,1,506,41.79,518.16,4,579.89
2026-01-12 17:00:00,D,17,5,1,515,10.0,575.49,4,581.94
2026-01-12 18:00:00,A,18,5,1,408,20.16,579.89,5,696.94
2026-01-12 18:00:00,B,18,5,1,342,15.81,417.91,6,577.63
2026-01-12 18:00:00,C,18,5,1,444,10.0,592.68,4,541.7
2026-01-12 18:00:00,D,18,5,1,488,12.59,540.9,4,564.36
2026-01-12 19:00:00,A,19,5,1,562,16.51,603.04,5,706.51
2026-01-12 19:00:00,B,19,5,1,379,10.0,383.96,6,504.86
2026-01-12 19:00:00,C,19,5,1,401,23.32,523.28,4,613.39
2026-01-12 19:00:00,D,19,5,1,431,10.0,524.17,4,589.64
2026-01-12 20:00:00,A,20,5,0,407,10.0,367.57,5,329.75
2026-01-12 20:00:00,B,20,5,0,303,25.16,268.74,6,269.33
2026-01-12 20:00:00,C,20,5,0,350,10.0,351.51,4,380.55
2026-01-12 20:00:00,D,20,5,0,282,10.0,397.77,4,334.04
2026-01-12 21:00:00,A,21,5,0,457,10.0,446.08,5,459.39
2026-01-12 21:00:00,B,21,5,0,303,10.0,395.92,6,370.33
2026-01-12 21:00:00,C,21,5,0,432,10.0,484.75,4,334.22
2026-01-12 21:00:00,D,21,5,0,428,10.0,374.86,4,425.36
2026-01-12 22:00:00,A,22,5,0,474,10.0,506.62,5,495.56
2026-01-12 22:00:00,B,22,5,0,342,13.38,348.87,6,375.19
2026-01-12 22:00:00,C,22,5,0,371,11.38,485.31,4,468.17
2026-01-12 22:00:00,D,22,5,0,411,10.0,549.94,4,543.5
2026-01-12 23:00:00,A,23,5,0,456,10.0,606.27,5,497.08
2026-01-12 23:00:00,B,23,5,0,336,10.0,432.15,6,403.19
2026-01-12 23:00:00,C,23,5,0,516,10.0,584.01,4,554.65
2026-01-12 23:00:00,D,23,5,0,399,10.0,468.9,4,402.71
2026-01-13 00:00:00,A,0,6,0,665,39.54,685.9,5,619.28
2026-01-13 00:00:00,B,0,6,0,421,11.09,419.49,6,453.55
2026-01-13 00:00:00,C,0,6,0,488,10.0,514.26,4,562.22
2026-01-13 00:00:00,D,0,6,0,462,12.6,611.26,4,598.57
2026-01-13 01:00:00,A,1,6,0,653,24.62,760.35,5,724.04
2026-01-13 01:00:00,B,1,6,0,460,10.0,485.84,6,602.85
2026-01-13 01:00:00,C,1,6,0,595,12.98,757.64,4,659.3
2026-01-13 01:00:00,D,1,6,0,574,24.15,670.99,4,613.29
2026-01-13 02:00:00,A,2,6,0,670,24.04,864.15,5,685.88
2026-01-13 02:00:00,B,2,6,0,471,10.0,537.68,6,624.91
2026-01-13 02:00:00,C,2,6,0,618,20.46,610.7,4,697.95
2026-01-13 02:00:00,D,2,6,0,548,10.0,623.97,4,588.12
2026-01-13 03:00:00,A,3,6,0,775,10.0,878.62,5,798.04
2026-01-13 03:00:00,B,3,6,0,562,17.05,682.18,6,596.66
2026-01-13 03:00:00,C,3,6,0,571,20.15,778.4,4,742.34
2026-01-13 03:00:00,D,3,6,0,685,10.0,758.54,4,734.11
2026-01-13 04:00:00,A,4,6,0,768,10.0,797.65,5,843.0
2026-01-13 04:00:00,B,4,6,0,620,10.0,668.31,6,634.78
2026-01-13 04:00:00,C,4,6,0,626,10.0,905.27,4,700.19
2026-01-13 04:00:00,D,4,6,0,705,10.0,695.77,4,730.05
2026-01-13 05:00:00,A,5,6,0,746,23.82,892.51,5,879.04
2026-01-13 05:00:00,B,5,6,0,486,10.0,689.82,6,729.88
2026-01-13 05:00:00,C,5,6,0,774,11.51,754.42,4,786.99
2026-01-13 05:00:00,D,5,6,0,659,10.0,844.4,4,749.64
2026-01-13 06:00:00,A,6,6,0,714,10.0,862.34,5,877.87
2026-01-13 06:00:00,B,6,6,0,527,10.0,744.32,6,608.43
2026-01-13 06:00:00,C,6,6,0,757,10.0,833.83,4,882.64
2026-01-13 06:00:00,D,6,6,0,718,11.0,778.64,4,838.44
2026-01-13 07:00:00,A,7,6,1,1305,21.45,1149.3,5,1330.16
2026-01-13 07:00:00,B,7,6,1,806,10.0,975.86,6,999.54
2026-01-13 07:00:00,C,7,6,1,841,10.0,1010.05,4,1127.4
2026-01-13 07:00:00,D,7,6,1,849,10.0,1012.56,4,1227.16
2026-01-13 08:00:00,A,8,6,1,958,10.0,1297.71,5,1270.2
2026-01-13 08:00:00,B,8,6,1,952,10.0,1047.19,6,933.09
2026-01-13 08:00:00,C,8,6,1,966,16.49,1099.16,4,1236.93
2026-01-13 08:00:00,D,8,6,1,904,10.0,1289.61,4,1101.9
2026-01-13 09:00:00,A,9,6,1,1033,10.0,1139.24,5,1280.6
2026-01-13 09:00:00,B,9,6,1,658,16.34,886.46,6,873.7
2026-01-13 09:00:00,C,9,6,1,1007,14.28,1161.28,4,1128.75
2026-01-13 09:00:00,D,9,6,1,773,23.85,918.17,4,1074.49
2026-01-13 10:00:00,A,10,6,0,726,10.0,888.81,5,787.52
2026-01-13 10:00:00,B,10,6,0,469,10.0,599.71,6,555.72
2026-01-13 10:00:00,C,10,6,0,626,10.0,738.22,4,656.75
2026-01-13 10:00:00,D,10,6,0,619,10.0,619.25,4,670.9
2026-01-13 11:00:00,A,11,6,0,749,10.0,711.66,5,650.69
2026-01-13 11:00:00,B,11,6,0,493,10.0,533.67,6,397.76
2026-01-13 11:00:00,C,11,6,0,469,10.0,637.82,4,618.29
2026-01-13 11:00:00,D,11,6,0,534,12.72,557.85,4,660.01
2026-01-13 12:00:00,A,12,6,0,655,17.71,771.33,5,633.78
2026-01-13 12:00:00,B,12,6,0,492,10.0,533.15,6,373.77
2026-01-13 12:00:00,C,12,6,0,492,10.0,511.94,4,591.05
2026-01-13 12:00:00,D,12,6,0,593,10.0,653.61,4,600.73
2026-01-13 13:00:00,A,13,6,0,435,10.0,515.91,5,582.74
2026-01-13 13:00:00,B,13,6,0,394,10.0,461.85,6,470.63
2026-01-13 13:00:00,C,13,6,0,499,10.0,621.36,4,505.01
2026-01-13 13:00:00,D,13,6,0,486,10.0,484.31,4,541.72
2026-01-13 14:00:00,A,14,6,0,492,10.0,565.55,5,488.2
2026-01-13 14:00:00,B,14,6,0,283,10.0,329.92,6,300.78
2026-01-13 14:00:00,C,14,6,0,476,10.0,498.66,4,472.51
2026-01-13 14:00:00,D,14,6,0,383,10.0,471.75,4,477.44
2026-01-13 15:00:00,A,15,6,0,342,10.0,419.51,5,502.75
2026-01-13 15:00:00,B,15,6,0,329,17.28,327.42,6,402.07
2026-01-13 15:00:00,C,15,6,0,313,10.0,422.15,4,434.22
2026-01-13 15:00:00,D,15,6,0,435,10.0,456.39,4,385.02
2026-01-13 16:00:00,A,16,6,1,511,10.0,648.37,5,663.8
2026-01-13 16:00:00,B,16,6,1,371,10.0,390.04,6,533.34
2026-01-13 16:00:00,C,16,6,1,457,10.0,473.93,4,611.1
2026-01-13 16:00:00,D,16,6,1,422,10.0,614.57,4,697.6
2026-01-13 17:00:00,A,17,6,1,578,10.0,495.74,5,592.29
2026-01-13 17:00:00,B,17,6,1,305,10.0,402.61,6,504.15
2026-01-13 17:00:00,C,17,6,1,485,10.0,582.42,4,604.22
2026-01-13 17:00:00,D,17,6,1,406,10.0,553.78,4,556.69
2026-01-13 18:00:00,A,18,6,1,406,10.0,579.06,5,589.92
2026-01-13 18:00:00,B,18,6,1,360,10.0,399.05,6,572.37
2026-01-13 18:00:00,C,18,6,1,365,10.0,546.74,4,571.94
2026-01-13 18:00:00,D,18,6,1,479,10.0,534.84,4,671.88
2026-01-13 19:00:00,A,19,6,1,580,10.0,546.62,5,751.0
2026-01-13 19:00:00,B,19,6,1,371,10.0,444.52,6,429.64
2026-01-13 19:00:00,C,19,6,1,509,22.06,492.1,4,553.22
2026-01-13 19:00:00,D,19,6,1,474,10.0,469.34,4,577.29
2026-01-13 20:00:00,A,20,6,0,417,10.0,436.46,5,399.52
2026-01-13 20:00:00,B,20,6,0,319,32.46,356.65,6,342.56
2026-01-13 20:00:00,C,20,6,0,365,10.0,378.57,4,295.69
2026-01-13 20:00:00,D,20,6,0,342,10.0,449.78,4,439.1
2026-01-13 21:00:00,A,21,6,0,411,29.52,526.49,5,467.79
2026-01-13 21:00:00,B,21,6,0,252,10.0,375.34,6,346.93
2026-01-13 21:00:00,C,21,6,0,345,10.0,473.51,4,417.73
2026-01-13 21:00:00,D,21,6,0,380,12.66,493.75,4,364.23
2026-01-13 22:00:00,A,22,6,0,412,20.73,486.97,5,492.23
2026-01-13 22:00:00,B,22,6,0,397,10.0,412.94,6,331.54
2026-01-13 22:00:00,C,22,6,0,414,10.15,455.89,4,482.98
2026-01-13 22:00:00,D,22,6,0,441,10.0,503.83,4,507.24
2026-01-13 23:00:00,A,23,6,0,563,10.0,661.25,5,570.47
2026-01-13 23:00:00,B,23,6,0,412,10.0,490.71,6,426.39
2026-01-13 23:00:00,C,23,6,0,474,14.27,627.08,4,505.82
2026-01-13 23:00:00,D,23,6,0,496,10.0,538.57,4,492.27
